Ticari Isim,Etken Madde,Formulasyon
FENOMİR,Fenpyroximate,SC
ADAMA,Abamectin,EC
CONFIDOR,Imidacloprid,SC
REGLONE,Diquat,SL
JORTHAL (İMAL),296 g/l Azoxystrobin + 218 g/l Flutriafol,SC (Akıcı Konsantre/Süspansiyon Konsantre)
FENOMİR 125 SC (İMAL),125 g/l Flutriafol,SC (Akıcı Konsantre/Süspansiyon Konsantre)
WECTROM (İTHAL),500 g/l Clofentezine,SC (Akıcı Konsantre/Süspansiyon Konsantre)
DEPLASMAN 050 SC (İMAL),50 g/l Deltamethrin,SC (Akıcı Konsantre/Süspansiyon Konsantre)
PESİNET SC 361 (İTHAL),"361,1 g/l Metalik bakıra eşdeğer bakır hidroksit",SC (Akıcı Konsantre/Süspansiyon Konsantre)
KİNG'S BONUS (İTHAL),"%25,2 Boscalid + %12,8 Pyraclostrobin",WG (Suda Dağılabilen Granül)
KİNG'S DANCER (İTHAL),%80 Captan,WG (Suda Dağılabilen Granül)
KİNG'S WARSHİP (İTHAL),150 g/l Cyprodinil + 100 g/l Fludioxonil,SC (Akıcı Konsantre/Süspansiyon Konsantre)
SECTHOR 45 OD (İMAL),45 g/l Pyroxsulam + 90 g/l Cloquintocet-mexyl (safener),OD (Yağda Dağılabilen)
SPECULA (İTHAL),500 g/l Metam Sodium,SL (Suda Çözünen Konsantre)
ARFİTO (İMAL),500 g/l Fluazinam,SC (Akıcı Konsantre/Süspansiyon Konsantre)
SAETA (İTHAL),%80 Fosetyl-Al,WG (Suda Dağılabilen Granül)
MOLİENDO WG 800 (İMAL),%80 Fosetyl-Al,WG (Suda Dağılabilen Granül)
CAMIX 560 SE (İTHAL),500 g/l S-metolachlor+60 g/l Mesotrione,SE (Suspo-Emülsiyon)
THRIX (İTHAL),"0,5 g (S)-(-)- verbenone + 0,5 g p- Anisaldehyde+ 25*40 cm Mavi Yapışkan Tuzak",--- (-)
VEFDOWN 70 WG (İMAL),%70 Metamitron,WG (Suda Dağılabilen Granül)
TAROST (İMAL),270 g/l Terbuthylazine + 64 g/l Pendimethalin,SE (Suspo-Emülsiyon)
COUNTER 50 CS (İMAL),50 g/l Lambda-cyhalothrin,CS (Kapsül Süspansiyon)
EFDAL BLANK SE (İMAL),270 g/l Terbuthylazine + 64 g/l Pendimethalin,SE (Suspo-Emülsiyon)
NAKASO OD (İMAL),"37,5 g/l Mesotrione + 15 g/l Nicosulfuron",OD (Yağda Dağılabilen)
LARVOLİ 65 EC (İMAL),650 g/l Malathion,EC (Emülsiye Olabilen Konsantre)
BUNSEKİ 25 SL (İMAL),25 g/l Imazamox,SL (Suda Çözünen Konsantre)
GANİMET 360 SL (İMAL),360 g/l Hymexazole,SL (Suda Çözünen Konsantre)
EMİCE 45 (İTHAL),45 g/l Pinoxaden + 20 g/l Cloquintocet-mexyl (safener),EC (Emülsiye Olabilen Konsantre)
ARLONG 120 SC (İMAL),120 g/l Spinetoram,SC (Akıcı Konsantre/Süspansiyon Konsantre)
FENRYA (İMAL),500 g/l Fluazinam,SC (Akıcı Konsantre/Süspansiyon Konsantre)
ZIXOR (İMAL),25 g/l Fludioxonil + 10 g/l Metalaxyl-m,FS (Tohum İlaçlaması İçin Akıcı Konsantre)
SUBVERT (İTHAL),"185.5 g/l (E,Z)-7,9-Dodecadien-1- yl Acetate",CS (Kapsül Süspansiyon)
FERCEPA (İMAL),60 g/l Carfentrazone-ethyl,ME (Mikro-Emülsiyon)
GAMEUP 85 WG (İMAL),%85 Pyroxasulfone,WG (Suda Dağılabilen Granül)
LAVORO 10 EC (İMAL),100 g/l Tetraconazole,EC (Emülsiye Olabilen Konsantre)
MAGNİFİCENT (İMAL),%50 Trifloxystrobin,WG (Suda Dağılabilen Granül)
TERSUN (İTHAL),50 g/l Quizalofop-p-ethyl,EC (Emülsiye Olabilen Konsantre)
MAKSİYER 050 EC (İMAL),"50 g/l Pinoxaden + 12,5 g/l Cloquintocet-mexyl (Safener)",EC (Emülsiye Olabilen Konsantre)
EGOISTA (İMAL),480 g/l Bentazone,SL (Suda Çözünen Konsantre)
DARAMUN (İTHAL),100 g/L Cyazofamid,SC (Akıcı Konsantre/Süspansiyon Konsantre)
FALORYN (İMAL),150 g/l Fluazifop-p-butyl,EC (Emülsiye Olabilen Konsantre)
LORENA OD (İMAL),50 g/l Quizalofop-P-ethyl + 38 g/l Imazamox,OD (Yağda Dağılabilen)
SAFEST (İMAL),300 g/l Pendimethalin + 60 g/l Flufenacet,EC (Emülsiye Olabilen Konsantre)
XEDAZİL 50 (İTHAL),500 g/l Imazalil,EC (Emülsiye Olabilen Konsantre)
ZARVİON (İMAL),"480 g/l Bentazone + 22,4 g/l Imazamox",SL (Suda Çözünen Konsantre)
ZALİFOR 375 SL (İMAL),250 g/l Bentazone + 125 g/l MCPA,SL (Suda Çözünen Konsantre)
BLOCKADE (İTHAL),"189,40 g/l Lavandulyl senecioate",CS (Kapsül Süspansiyon)
KURBEN (İMAL),%25 Metalik bakıra eşdeğer bakır sülfat,CR (Kristal)
GYO-THIN (İTHAL),200 g/l Glufosinate-ammonium,SL (Suda Çözünen Konsantre)
ODİSEUS (İMAL),1000 g/l Dimethyl Disulfide,EC (Emülsiye Olabilen Konsantre)
ALTERNATİF EC (İMAL),480 g/l Metalaxyl-M,EC (Emülsiye Olabilen Konsantre)
ARKURI (İMAL),"65,82 g/l Metalik bakıra eşdeğer bakır sülfat",SC (Akıcı Konsantre/Süspansiyon Konsantre)
TRULEN 60 FS (İMAL),60 g/l Tebuconazole,FS (Tohum İlaçlaması İçin Akıcı Konsantre)
ALCATRAZ OD (İMAL),"37,5 g/l Mesotrione + 15 g/l Nicosulfuron",OD (Yağda Dağılabilen)
GLARISE (İMAL),240 g/l Isoxaflutole +240 g/l Cyprosulfamide (safener),SC (Akıcı Konsantre/Süspansiyon Konsantre)
BARİMA (İMAL),136 g/l Metalik bakıra eşdeğer bakır hidroksit + 136 g/l Metalik bakıra eşdeğer bakır oksiklorid,SC (Akıcı Konsantre/Süspansiyon Konsantre)
COPSİDE 350 SC (İTHAL),350 g/l Metalik bakıra eşdeğer bakır hidroksit,SC (Akıcı Konsantre/Süspansiyon Konsantre)
EXODUS 500 SC (İMAL),"312,5 g/l S-Metolachlor + 187,5 g/l Terbuthylazine",SC (Akıcı Konsantre/Süspansiyon Konsantre)
SECTORIMA 25 SL (İMAL),25 g/l Imazamox,SL (Suda Çözünen Konsantre)
METACORİL (İMAL),30 g/l Tebuconazole + 20 g/l Metalaxyl-m,FS (Tohum İlaçlaması İçin Akıcı Konsantre)
SAFA CARNAVAL 43 WG (İMAL),%25 Mandipropamid + %18 Cymoxanil,WG (Suda Dağılabilen Granül)
SHERLOCK 500 SC (İMAL),375 g/l Pyrimethanil +125 g/l Fluopyram,SC (Akıcı Konsantre/Süspansiyon Konsantre)
PLANTIFOL (İMAL),175 g/l Prothioconazole + 88 g/l Trifloxystrobin,SC (Akıcı Konsantre/Süspansiyon Konsantre)
ODESSA 320 SC (İMAL),200 g/l Tebuconazole + 120 g/l Azoxystrobin,SC (Akıcı Konsantre/Süspansiyon Konsantre)
KEMP (İMAL),%40 Metalik bakıra eşdeğer bakır oksiklorid + %6 Dimethomorp,WP (Islanabilir Toz)
SOLITO (İTHAL),300 g/l Pretilachlor + 20 g/l Pyribenzoxim,EC (Emülsiye Olabilen Konsantre)
SERSİİ 2000 (İMAL),%35 Metalik bakıra eşdeğer bakır hidroksit,WG (Suda Dağılabilen Granül)
ELEMUT (İMAL),200 g/l Proquinazid,EC (Emülsiye Olabilen Konsantre)
İZLEM LB (İTHAL),"0.0039 g(E,Z)-7,9-dodecadien-1-yl acetate+0.0014 g (E,Z)7,9-Dodecadien-1-ol+0.00035 g (Z)-9-Dodecen-1-yl acetate+tuzak",--- (-)
FERNATE (İMAL),"65,82 g/l Metalik bakıra eşdeğer bakır sülfat",SC (Akıcı Konsantre/Süspansiyon Konsantre)
VERDECANTE (İMAL),%40 Metalik bakıra eşdeğer bakır oksiklorid + %6 Dimethomorp,WP (Bordo Bulamacı) (Islanabilir Toz)
ARGONIK 80 WG (İTHAL),%80 Kükürt,WG (Suda Dağılabilen Granül)
CEROX 50 WG (İMAL),%50 Triflusulfuron-methyl,WG (Suda Dağılabilen Granül)
DEMBELE 490 SC (İMAL),400 g/l Metamitron + 55 g/l Ethofumesate + 35 g/l Phenmedipham,SC (Akıcı Konsantre/Süspansiyon Konsantre)
AGROCURE PFX (İMAL),"%1,6 Pseudomonas fluorescens PRX1 1 X 10 üzeri 7 kob/ml min",SL (Suda Çözünen Konsantre)
SAMPO 500 SL (İTHAL),500 g/l Metam Sodium,SL (Suda Çözünen Konsantre)
HOT SHOT (İTHAL),500 g/l Metam Sodium,SL (Suda Çözünen Konsantre)
CETENAY 125 FS (İMAL),"75 g/l Azoxystrobin + 37,5 g/l Metalaxyl-m + 12,5 g/l Fludioxonil",FS (Tohum İlaçlaması İçin Akıcı Konsantre)
LOOBY (İMAL),200 g/l Fluopyram + 200 g/l Tebuconazole,SC (Akıcı Konsantre/Süspansiyon Konsantre)
FENOMİR 250 SC (İMAL),250 g/l Flutriafol,SC (Akıcı Konsantre/Süspansiyon Konsantre)
AZAMEX (İMAL),250 g/l Azoxystrobin,SC (Akıcı Konsantre/Süspansiyon Konsantre)
ILORYX (İMAL),240 g/l Isoxaflutole +240 g/l Cyprosulfamide (safener),SC (Akıcı Konsantre/Süspansiyon Konsantre)
PARLAY (İMAL),"186,5 g/l Maleic Hydrazide",SL (Suda Çözünen Konsantre)
FLORİXOR (İMAL),225 g/l Isoxaflutole + 90 g/l Thiencarbazone-methyl + 150 g/l Cyprosulfamide (safener),SC (Akıcı Konsantre/Süspansiyon Konsantre)
CENEVRE (İMAL),50 g/l Foramsulfuron + 30 g/l Thiencarbazone-methyl,OD (Yağda Dağılabilen)
CHILIS WG (İTHAL),"%25,2 Boscalid + %12,8 Pyraclostrobin",WG (Suda Dağılabilen Granül)
SAFA PERFOLİS (İMAL),20 g/l 6-Benzyladenine,SL (Suda Çözünen Konsantre)
AGROFARM KERMESSE (İMAL),%85 Pyroxasulfone,WG (Suda Dağılabilen Granül)
FHIONA (İMAL),267 g/l Prochloraz + 133 g/l Tebuconazole,"EW (Emülsiyon, Suda Yağ)"
SULVİTRON (İMAL),40 g/l Nicosulfuron,SC (Akıcı Konsantre/Süspansiyon Konsantre)
KİNG'S PHOENİX (İTHAL),%50 Tebuconazole + %25 Trifloxystrobin,WG (Suda Dağılabilen Granül)
ALLAVIDA (İTHAL),259 g/l Metalik bakıra eşdeğer bakır hidroksit + 49 g/l Metalaxyl,SC (Akıcı Konsantre/Süspansiyon Konsantre)
PACİNO 20 WP (İTHAL),%20 Metalik bakıra eşdeğer bordo bulamacı,WP (Bordo Bulamacı) (Islanabilir Toz)
ROYTUNCH 375 SL (İMAL),250 g/l Bentazone + 125 g/l MCPA,SL (Suda Çözünen Konsantre)
ZİMETRA 480 SL (İMAL),480 g/l Bentazone,SL (Suda Çözünen Konsantre)
EVERLAST (İMAL),700 g/l Mineral Yağ,"EW (Emülsiyon, Suda Yağ)"
AGROMATE (İTHAL),200 g/l Chlorantraniliprole,SC (Akıcı Konsantre/Süspansiyon Konsantre)
BİTMORE (İMAL),%35 Metalik bakıra eşdeğer bakır hidroksit,WG (Suda Dağılabilen Granül)
SPOILER 500 WG (İMAL),%50 Sulfoxaflor,WG (Suda Dağılabilen Granül)
BURUTO (İMAL),480 g/l Spinosad,SC (Akıcı Konsantre/Süspansiyon Konsantre)
DIVERSUM (İMAL),%25 Spinetoram,WG (Suda Dağılabilen Granül)
RADİOSA 120 SC (İMAL),120 g/l Spinetoram,SC (Akıcı Konsantre/Süspansiyon Konsantre)
ROYPİLER SC (İMAL),222 g/l Spirodiclofen + 18 g/l Abamectin,SC (Akıcı Konsantre/Süspansiyon Konsantre)
SILCOON (İMAL),480 g/l Clomazone,EC (Emülsiye Olabilen Konsantre)
TEATRO 48 SL (İMAL),480 g/l Bentazone,SL (Suda Çözünen Konsantre)
MITEFAST 240 SC (İMAL),"228,6 g/l Spiromesifen + 11,4 g/l Abamectin",SC (Akıcı Konsantre/Süspansiyon Konsantre)
RHODOPE (İMAL),200 g/l Cyflumetofen,SC (Akıcı Konsantre/Süspansiyon Konsantre)
CAMPEGGI (İTHAL),%50 Flonicamid,WG (Suda Dağılabilen Granül)
CANUTE (İMAL),"361,1 g/l Metalik bakıra eşdeğer bakır hidroksit",SC (Akıcı Konsantre/Süspansiyon Konsantre)
MAGISTER (İTHAL),200 g/l Fenazaquin,SC (Akıcı Konsantre/Süspansiyon Konsantre)
NEFERTA (İMAL),136 g/l Metalik bakıra eşdeğer bakır hidroksit + 136 g/l Metalik bakıra eşdeğer bakır oksiklorid,SC (Akıcı Konsantre/Süspansiyon Konsantre)
FİTOCUR FS 170 (İMAL),150 g/l Prothioconazole + 20 g/l Tebuconazole,FS (Tohum İlaçlaması İçin Akıcı Konsantre)
ABASHİNE 18 EC (İMAL),18 g/l Abamectin,EC (Emülsiye Olabilen Konsantre)
FERMİNA (İMAL),10 g/l Azadirachtin A,EC (Emülsiye Olabilen Konsantre)
PANNUMAX 20 SC (İMAL),200 g/l Cyflumetofen,SC (Akıcı Konsantre/Süspansiyon Konsantre)
BRAYDEN 50 WG (İMAL),%50 Pirimicarb,WG (Suda Dağılabilen Granül)
SLASH 460 SL (İMAL),400 g/l Bentazone + 60 g/l MCPA,SL (Suda Çözünen Konsantre)
FEROBEM (İMAL),"0,8 mg [0,76 mg Tetradecatrien-1-yl acetate (EZ),(Z8),(Z11) %95+0,04 mg Tetradecadien-1-yl acetate (E3)-(Z8) %5 ]",--- (-)
EYUTA (İMAL),400 g/l Fluopyram,SC (Akıcı Konsantre/Süspansiyon Konsantre)
COMRAT (İMAL),% 60 Tribenuron-methyl + % 20 Florasulam,WG (Suda Dağılabilen Granül)
TULOVE (İMAL),"0,7 mg [0,63 mg (EZ),(Z8),(Z11)- Tetradecatrien-1-yl acetate %90+ 0,07 mg (E3),(Z8)- Tetradecadien-1-yl acetate %10]",--- (-)
FYNEXİL (İMAL),375 g/l Fluazinam + 150 g/l Azoxystrobin,SC (Akıcı Konsantre/Süspansiyon Konsantre)
MALOTRİN 25 WP (İMAL),%25 Malathion,WP (Islanabilir Toz)
CARYLİN (İMAL),45 g/l Chlorantraniliprole + 18 g/l Abamectin,SC (Akıcı Konsantre/Süspansiyon Konsantre)
FEROKONT (İMAL),"1,4 mg p-Anisaldehyde + 25cm x 40 cm Mavi Yapışkan Tuzak",--- (-)
FEROEROS (İMAL),"1,2 mg p-Anisaldehyde + 25cm x 40 cm Mavi Yapışkan Tuzak",--- (-)
ESCADA 376 SC (İMAL),326 g/l Terbuthylazine + 50 g/l Mesotrione,SC (Akıcı Konsantre/Süspansiyon Konsantre)
MINERVA 500 SC (İMAL),250 g/l Fluopyram+ 250 g/l Trifloxystrobin,SC (Akıcı Konsantre/Süspansiyon Konsantre)
ASUMATE KP (İTHAL),74 mg (12Z)-2-acetoxy-12-heptadecene,--- (-)
ILLAGRO (İMAL),300 g/l Ametoctradin + 225 g/l Dimethomorph,SC (Akıcı Konsantre/Süspansiyon Konsantre)
HYBRİKS 2F (İMAL),240 g/l Tau-fluvalinate,"EW (Emülsiyon, Suda Yağ)"
SAFA AQUAMETRIX (İMAL),333 g/l Metazachlor + 83 g/l Quinmerac,SC (Akıcı Konsantre/Süspansiyon Konsantre)
MİNATO 700 SC (İMAL),700 g/l Metamitron,SC (Akıcı Konsantre/Süspansiyon Konsantre)
PADOVA (İMAL),45 g/l Chlorantraniliprole + 18 g/l Abamectin,SC (Akıcı Konsantre/Süspansiyon Konsantre)
ABAROLE (İTHAL),45 g/l Chlorantraniliprole + 18 g/l Abamectin,SC (Akıcı Konsantre/Süspansiyon Konsantre)
TRİTİCON ROBİN (İMAL),60 g/l Tebuconazole,FS (Tohum İlaçlaması İçin Akıcı Konsantre)
JOUST AZUL (İTHAL),150 g/l Azoxystrobin + 150 g/l Prothioconazole,SC (Akıcı Konsantre/Süspansiyon Konsantre)
ROYUBRA SC (İMAL),700 g/l Metamitron,SC (Akıcı Konsantre/Süspansiyon Konsantre)
ROYFATO SC (İMAL),350 g/l Metamitron + 150 g/l Ethofumesate,SC (Akıcı Konsantre/Süspansiyon Konsantre)
BUTYLKA (İTHAL),200 g/l Glufosinate-ammonium tuzu,SL (Suda Çözünen Konsantre)
RAINCLOM (İTHAL),"%74,8 Glyphosate Ammonium Tuzu",SG (Suda Çözünen Granül)
PHAST 20 SC (İMAL),200 g/l Cyflumetofen,SC (Akıcı Konsantre/Süspansiyon Konsantre)
DEJAVU 700 SC (İMAL),700 g/l Metamitron,SC (Akıcı Konsantre/Süspansiyon Konsantre)
HARUKI (İTHAL),25 g/l Sodium s-Naphthaline Acetate + 3 g/l Sodium Para Nitrophenolate + 2 g/l Sodium Ortho Nitrophenolate + 1 g/l Sodium Penta Nitroguaiacolate,SL (Suda Çözünen Konsantre)
EFDAL ZEYPER 24 EC (İMAL),240 g/l Carfentrazone-ethyl,EC (Emülsiye Olabilen Konsantre)
ESPANSE (İMAL),500 g/l Diflufenican + 50 g/l Florasulam,SC (Akıcı Konsantre/Süspansiyon Konsantre)
ERCORN SC 465 (İMAL),225 g/l Isoxaflutole + 90 g/l Thiencarbazone-methyl + 150 g/l Cyprosulfamide (safener),SC (Akıcı Konsantre/Süspansiyon Konsantre)
COMET (İTHAL),%80 Captan,WG (Suda Dağılabilen Granül)
SPADA 150 ZC (İMAL),100 g/l Chlorantraniliprole + 50 g/l Lambda-cyhalothrin,ZC (CS ve SC Formülasyonlarının Karışımı)
TICTANE (İMAL),"18,8 g/l 6-Benzyladenine + 18,5 g/l Gibberellin A4/A7",SL (Suda Çözünen Konsantre)
TACTIC 200 EC (İMAL),200 g/l Cyhalofop-butyl,EC (Emülsiye Olabilen Konsantre)
LUMİREN 40 SL (İMAL),40 g/l Imazamox,SL (Suda Çözünen Konsantre)
FARFLY (İTHAL),%6 Metaldehyde,GB (Granül Yem)
AGROFARM CLAROS (İMAL),100 g/l Cycloxydim,EC (Emülsiye Olabilen Konsantre)
LUMİREN 25 SL (İMAL),25 g/l Imazamox,SL (Suda Çözünen Konsantre)
LEGAN M 60 (İTHAL),400 g/l Bentazone + 60 g/l MCPA,SL (Suda Çözünen Konsantre)
MORTEL (İMAL),240 g/l Clopyralid + 80 g/l Picloram + 40 g/l Aminopyralid,SL (Suda Çözünen Konsantre)
LUMİREN 120 SL (İMAL),120 g/l Imazamox,SL (Suda Çözünen Konsantre)
SERNIT 50 EW (İMAL),50 g/l Quizalofop-p-ethyl,"EW (Emülsiyon, Suda Yağ)"
NICEA 400 SC (İMAL),400 g/l Propyzamide,SC (Akıcı Konsantre/Süspansiyon Konsantre)
COTTONHİLL (İMAL),500 g/l Fluometuron,SC (Akıcı Konsantre/Süspansiyon Konsantre)
DEMADES (İMAL),1000 g/l Dimethyl Disulfide,EC (Emülsiye Olabilen Konsantre)
BEASCARE (İMAL),"75 g/l Azoxystrobin + 37,5 g/l Metalaxyl-m + 12,5 g/l Fludioxonil",FS (Tohum İlaçlaması İçin Akıcı Konsantre)
ZAZEX (İMAL),25 g/l Fludioxonil + 10 g/l Metalaxyl-m,FS (Tohum İlaçlaması İçin Akıcı Konsantre)
FERNANDO (İMAL),500 g/l Fluazinam,SC (Akıcı Konsantre/Süspansiyon Konsantre)
AZUMO WG (İTHAL),%80 Kükürt,WG (Suda Dağılabilen Granül)
EATON (İMAL),400 g/l Metamitron + 55 g/l Ethofumesate + 35 g/l Phenmedipham,SC (Akıcı Konsantre/Süspansiyon Konsantre)
BENTINCK (İMAL),300 g/l S-Metolachlor + 200 g/l Pendimethalin + 45 g/l Benoxacor (safener)),EC (Emülsiye Olabilen Konsantre)
DESTİNATE (İMAL),400 g/l Metamitron + 55 g/l Ethofumesate + 35 g/l Phenmedipham,SC (Akıcı Konsantre/Süspansiyon Konsantre)
TOKYO SC 100 (İMAL),100 g/l Spirotetramat,SC (Akıcı Konsantre/Süspansiyon Konsantre)
AQUABAC (İMAL),850 g/l Mineral Yağ,EC (Emülsiye Olabilen Konsantre)
ARUBA 960 EC (İMAL),960 g/l S-Metolachlor,EC (Emülsiye Olabilen Konsantre)
ROYTAB 240 EW (İMAL),240 g/l Tau-fluvalinate,"EW (Emülsiyon, Suda Yağ)"
SONZAİ (İMAL),%20 Pyridaben,WP (Islanabilir Toz)
FIREFLY 500 SL (İTHAL),500 g/l Metam Sodium,SL (Suda Çözünen Konsantre)
MAXTON 35 FS (İMAL),25 g/l Fludioxonil + 10 g/l Metalaxyl-m,FS (Tohum İlaçlaması İçin Akıcı Konsantre)
BROKERM (İTHAL),800 g/l Prosulfocarb,EC (Emülsiye Olabilen Konsantre)
DOSAGGİO 125 FS (İMAL),"75 g/l Azoxystrobin + 37,5 g/l Metalaxyl-m + 12,5 g/l Fludioxonil",FS (Tohum İlaçlaması İçin Akıcı Konsantre)
AGRIMOLA 400 SC (İMAL),200 g/l Imazalil + 200 g/l Pyrimethanil,SC (Akıcı Konsantre/Süspansiyon Konsantre)
BLUZOL (İTHAL),"27.6 g/kg (E,Z,Z)-3,8,11-tetradecatrien-1-yl acetate + 3.4 g/kg (E,Z)-3,8-tetradecadien-1-yl acetate",--- (-)
LENA GREEN 700 SC (İMAL),700 g/l Metalik bakıra eşdeğer bakır oksiklorid,SC (Akıcı Konsantre/Süspansiyon Konsantre)
ARCITUS 35 WG (İMAL),%35 Chlorantraniliprole,WG (Suda Dağılabilen Granül)
MASTERGIBB 20 SL (İMAL),20 g/l Gibberellic acid,SL (Suda Çözünen Konsantre)
PALADIN (İTHAL),1000 g/l Dimethyl Disulfide,EC (Emülsiye Olabilen Konsantre)
STABULUM (İMAL),30 g/l Mesosulfuron-methyl + 90 g/l Mefenpyr-diethyl (safener),OD (Yağda Dağılabilen)
COPOROO (İMAL),"65,82 g/l Metalik bakıra eşdeğer bakır sülfat",SC (Akıcı Konsantre/Süspansiyon Konsantre)
NEMATOCİDE 900 EC (İMAL),900 g/l Fosthiazate,EC (Emülsiye Olabilen Konsantre)
TRİBÜN 500 SC (İMAL),350 g/l Metamitron + 150 g/l Ethofumesate,SC (Akıcı Konsantre/Süspansiyon Konsantre)
JAVIER (İMAL),20 g/l Emamectin benzoate,EC (Emülsiye Olabilen Konsantre)
SPLAND 360 SC (İMAL),300 g/l Methoxyfenozide + 60 g/l Spinetoram,SC (Akıcı Konsantre/Süspansiyon Konsantre)
HARDISON 700 (İMAL),700 g/l Mineral Yağ,"EW (Emülsiyon, Suda Yağ)"
BUTEO FS 480 (İTHAL),480 g/l Flupyradifurone,FS (Tohum İlaçlaması İçin Akıcı Konsantre)
MALOTRİN 440 EW (İMAL),440 g/l Malathion,"EW (Emülsiyon, Suda Yağ)"
ONCADABEN 20 WP (İTHAL),%20 Pyridaben,WP (Islanabilir Toz)
BUZAT (İTHAL),%50 Propyzamide,WP (Islanabilir Toz)
CLOAKK (İMAL),"26,5 g/l Pyraflufen ethyl",EC (Emülsiye Olabilen Konsantre)
BOLİVER 700 EW (İMAL),700 g/l Mineral Yağ,"EW (Emülsiyon, Suda Yağ)"
FERFEZIN (İMAL),500 g/l Fluometuron,SC (Akıcı Konsantre/Süspansiyon Konsantre)
KRONVERK (İTHAL),450 g/l Pendimethalin,CS (Kapsül Süspansiyon)
BRADFORD WG 75 (İMAL),%50 Tebuconazole + %25 Trifloxystrobin,WG (Suda Dağılabilen Granül)
ZANDOF 25 WP (İTHAL),%25 Tebuconazole,WP (Islanabilir Toz)
GUARDI 70 WP (İTHAL),%70 Metribuzin,WP (Islanabilir Toz)
ALUTRİS (İMAL),500 g/l Diflufenican + 50 g/l Florasulam,SC (Akıcı Konsantre/Süspansiyon Konsantre)
BASULTRA 28 SL (İMAL),280 g/l Glufosinate-ammonium,SL (Suda Çözünen Konsantre)
IRONY 35 DS (İMAL),%35 Metalaxyl,DS (Kuru Tohum İlacı)
EFDAL BONUM SL (İMAL),"480 g/l Bentazone + 22,4 g/l Imazamox",SL (Suda Çözünen Konsantre)
MAGETON (İMAL),"%39,75 Metalik bakıra eşdeğer bakır oksiklorid + %4,2 Cymoxanil",WG (Suda Dağılabilen Granül)
ZIA 480 (İMAL),480 g/l Clomazone,EC (Emülsiye Olabilen Konsantre)
ROYAL FRUİT (İMAL),"%1,18 2-(1-Naphthyl) acetamide (NAD) + %0,43 1-Naphthylacetic acid (NAA)",WP (Islanabilir Toz)
CHIZAM 500 SC (İTHAL),500 g/l Fluazinam,SC (Akıcı Konsantre/Süspansiyon Konsantre)
QUİCK STOP (İMAL),150 g/l Oxyfluorfen + 40 g/l Diflufenican,SC (Akıcı Konsantre/Süspansiyon Konsantre)
TAMISOL (İTHAL),500 g/l Metam Sodium,SL (Suda Çözünen Konsantre)
TEKTONİK (İMAL),20 g/l Abamectin,SC (Akıcı Konsantre/Süspansiyon Konsantre)
FERGANO 20 SC (İMAL),20 g/l Abamectin,SC (Akıcı Konsantre/Süspansiyon Konsantre)
SALTORON (İTHAL),%20 Metalik bakıra eşdeğer bordo bulamacı,WP (Islanabilir Toz)
CLONUS (İMAL),525 g/l Metamitron + 40 g/l Quinmerac,SC (Akıcı Konsantre/Süspansiyon Konsantre)
OUTSHIELD (İTHAL),%50 Metalik bakıra eşdeğer bakır oksiklorid,WG (Suda Dağılabilen Granül)
EFDAL LAMTORİN CS (İTHAL),50 g/l Lambda-cyhalothrin,CS (Kapsül Süspansiyon)
VARTEKS 240 SC (İMAL),"228,6 g/l Spiromesifen + 11,4 g/l Abamectin",SC (Akıcı Konsantre/Süspansiyon Konsantre)
WEEDAWAY 100 SL (İMAL),100 g/l Clopyralid,SL (Suda Çözünen Konsantre)
MİLDOBİN SC (İMAL),250 g/l Pyraclostrobin,SC (Akıcı Konsantre/Süspansiyon Konsantre)
EGOMANİA FS (İMAL),150 g/l Prothioconazole + 20 g/l Tebuconazole,FS (Tohum İlaçlaması İçin Akıcı Konsantre)
TRAXİLLA DUO FS (İMAL),80 g/l Triticonazole + 40 g/l Pyraclostrobin,FS (Tohum İlaçlaması İçin Akıcı Konsantre)
LEONİDAS 400 EW (İMAL),267 g/l Prochloraz + 133 g/l Tebuconazole,"EW (Emülsiyon, Suda Yağ)"
TASKURON (İMAL),240 g/l Spiromesifen,SC (Akıcı Konsantre/Süspansiyon Konsantre)
ODİLİA 120 SC (İMAL),120 g/l Spinetoram,SC (Akıcı Konsantre/Süspansiyon Konsantre)
SPANVİC (İTHAL),480 g/l Spinosad,SC (Akıcı Konsantre/Süspansiyon Konsantre)
NAMARA 60 FS (İMAL),60 g/l Tebuconazole,FS (Tohum İlaçlaması İçin Akıcı Konsantre)
HARDNESS (İTHAL),%50 Metalik bakıra eşdeğer bakır hidroksit,WG (Suda Dağılabilen Granül)
FEEGO (İTHAL),%85 Pyroxasulfone,WG (Suda Dağılabilen Granül)
SİNGELTON 333 FS (İMAL),333 g/l Fluxapyroxad,FS (Tohum İlaçlaması İçin Akıcı Konsantre)
SİNGELTON 300 SC (İMAL),300 g/l Fluxapyroxad,SC (Akıcı Konsantre/Süspansiyon Konsantre)
SENIOR 20 SC (İMAL),200 g/l Cyflumetofen,SC (Akıcı Konsantre/Süspansiyon Konsantre)
GUCHVER (İMAL),400 g/l Fluopyram,SC (Akıcı Konsantre/Süspansiyon Konsantre)
HERBSTONE (İMAL),400 g/l Flufenacet + 100 g/l Diflufenican,SC (Akıcı Konsantre/Süspansiyon Konsantre)
BANTU 40 EC (İMAL),40 g/l Quizalofop-p-tefuryl,EC (Emülsiye Olabilen Konsantre)
EFDAL IMPIANTO 500 SC (İMAL),500 g/l Fluazinam,SC (Akıcı Konsantre/Süspansiyon Konsantre)
NUTRA MAN (İMAL),200 g/l Fluopyram + 200 g/l Tebuconazole,SC (Akıcı Konsantre/Süspansiyon Konsantre)
LENA FEKS (İMAL),10 g/l Forchlorfenuron,SL (Suda Çözünen Konsantre)
FER PRO (İMAL),720 g/l Ethephon + 45 g/l Cyclanilide,SC (Akıcı Konsantre/Süspansiyon Konsantre)
KANOLİT 50 WG (İTHAL),%50 Boscalid,WG (Suda Dağılabilen Granül)
CONDITOR 500 SC (İMAL),500 g/l Fluazinam,SC (Akıcı Konsantre/Süspansiyon Konsantre)
SETTORE (İMAL),300 g/l Ametoctradin + 225 g/l Dimethomorph,SC (Akıcı Konsantre/Süspansiyon Konsantre)
VEFMES 200 EC (İMAL),200 g/l Esfenvalerate,EC (Emülsiye Olabilen Konsantre)
KORVELA SC (İMAL),156 g/l Acequinocyl,SC (Akıcı Konsantre/Süspansiyon Konsantre)
STALKER (İMAL),"312,5 g/l S-Metolachlor + 187,5 g/l Terbuthylazine",SC (Akıcı Konsantre/Süspansiyon Konsantre)
ROY OPTİ (İMAL),500 g/l Fluazinam,SC (Akıcı Konsantre/Süspansiyon Konsantre)
"STARTER 116,2 EC (İTHAL)","116,2 g/l Clethodim",EC (Emülsiye Olabilen Konsantre)
OLMEC (İTHAL),"116,2 g/l Clethodim",EC (Emülsiye Olabilen Konsantre)
ALMANAK 35 WG (İMAL),%35 Chlorantraniliprole,WG (Suda Dağılabilen Granül)
LARRY 800 EC (İMAL),800 g/l Mineral Yağ,EC (Emülsiye Olabilen Konsantre)
CROPTRANİL 200 SC (İMAL),200 g/l Chlorantraniliprole,SC (Akıcı Konsantre/Süspansiyon Konsantre)
DHERMAN 18 EW (İMAL),18 g/l Abamectin,"EW (Emülsiyon, Suda Yağ)"
ARPEJ 20 SC (İMAL),20 g/l Abamectin,SC (Akıcı Konsantre/Süspansiyon Konsantre)
CROPTRANİL 35 WG (İMAL),%35 Chlorantraniliprole,WG (Suda Dağılabilen Granül)
NİNEFOX (İMAL),"480 g/l Bentazone + 22,4 g/l Imazamox",SL (Suda Çözünen Konsantre)
AVAZ (İMAL),"18,8 g/l 6-Benzyladenine + 18,5 g/l Gibberellin A4/A7",SL (Suda Çözünen Konsantre)
AGROZATE 900 EC (İMAL),900 g/l Fosthiazate,EC (Emülsiye Olabilen Konsantre)
GEMELOS 15 EC (İMAL),150 g/l Fosthiazate,EC (Emülsiye Olabilen Konsantre)
MAKAZE 5 SG (İMAL),%5 Emamectin benzoate,SG (Suda Çözünen Granül)
AGROFARM AMPERRA (İMAL),180 g/l Abamectin,DC (Disperse Olabilen Konsantre)
ONZYD (İMAL),%65 Dodine,WG (Suda Dağılabilen Granül)
BACKPAY (İMAL),250 g/l Bupirimate,EC (Emülsiye Olabilen Konsantre)
PLAIN 200 SC (İTHAL),200 g/l Chlorantraniliprole,SC (Akıcı Konsantre/Süspansiyon Konsantre)
SCOTCH (İMAL),100 g/l Alpha-cypermethrin,EC (Emülsiye Olabilen Konsantre)
FEIRA 500 SC (İMAL),350 g/l Metamitron + 150 g/l Ethofumesate,SC (Akıcı Konsantre/Süspansiyon Konsantre)
NIMFER 50 CS (İMAL),50 g/l Lambda-cyhalothrin,CS (Kapsül Süspansiyon)
ROYŞAD (İMAL),125 g/l Azoxystrobin + 125 g/l Difenoconazole,SC (Akıcı Konsantre/Süspansiyon Konsantre)
LUFGARD (İMAL),50 g/l Lufenuron,EC (Emülsiye Olabilen Konsantre)
REBORAN SC (İMAL),300 g/l Fluxapyroxad,SC (Akıcı Konsantre/Süspansiyon Konsantre)
"MİNECTO 163,5 SC (İTHAL)","135 g/l Cyantraniliprole+ 28,5 g/l Abamectin",SC (Akıcı Konsantre/Süspansiyon Konsantre)
EFDAL RUBYKİM (İMAL),"26,5 g/l Pyraflufen ethyl",EC (Emülsiye Olabilen Konsantre)
OTORITER OD 80 (İMAL),50 g/l Foramsulfuron + 30 g/l Thiencarbazone-methyl,OD (Yağda Dağılabilen)
TARACLİA (İTHAL),%20 Flubendiamide,WG (Suda Dağılabilen Granül)
NUBAR 250 SC (İMAL),250 g/l Flutriafol,SC (Akıcı Konsantre/Süspansiyon Konsantre)
HAYWARD 10 EC (İMAL),10 g/l Forchlorfenuron,EC (Emülsiye Olabilen Konsantre)
CROPİNN (İTHAL),250 g/l Cypermethrin,EC (Emülsiye Olabilen Konsantre)
TAMİPOTA (İTHAL),690 g/l Metam Potassium,SL (Suda Çözünen Konsantre)
ASSOMMER (İMAL),700 g/l Mineral Yağ,"EW (Emülsiyon, Suda Yağ)"
FUERTE (İMAL),150 g/l Fluazifop-p-butyl,EC (Emülsiye Olabilen Konsantre)
SAFA ENSURE (İMAL),100 g/l Isopyrazam + 40 g/l Difenoconazole,SC (Akıcı Konsantre/Süspansiyon Konsantre)
GRANULAM (İTHAL),%24 Lambda-cyhalothrin,WG (Suda Dağılabilen Granül)
PLOCAFIR (İMAL),700 g/l Mineral Yağ,"EW (Emülsiyon, Suda Yağ)"
BEASTONE (İMAL),175 g/l Prothioconazole + 88 g/l Trifloxystrobin,SC (Akıcı Konsantre/Süspansiyon Konsantre)
SPİCUT (İTHAL),100 g/l Spirotetramat,SC (Akıcı Konsantre/Süspansiyon Konsantre)
FİLEFCON (İMAL),500 g/l Fluazinam,SC (Akıcı Konsantre/Süspansiyon Konsantre)
CHIOZA 80 WG (İTHAL),%80 Fosetyl-Al,WG (Suda Dağılabilen Granül)
QUENZA WG (İMAL),%50 Flonicamid,WG (Suda Dağılabilen Granül)
LOGGY (İMAL),375 g/l Pyrimethanil +125 g/l Fluopyram,SC (Akıcı Konsantre/Süspansiyon Konsantre)
JAGUAR MİCRO WP (İMAL),%25 Tebuconazole,WP (Islanabilir Toz)
COMİTY (İTHAL),500 g/l Metam Sodium,SL (Suda Çözünen Konsantre)
OCUPADO (İMAL),800 g/l Mineral Yağ,EC (Emülsiye Olabilen Konsantre)
ALGUNAS (İTHAL),50 g/l Fenpyroximate,SC (Akıcı Konsantre/Süspansiyon Konsantre)
VAVRIN 050 CS (İTHAL),50 g/l Lambda-cyhalothrin,CS (Kapsül Süspansiyon)
CURLİNE (İMAL),200 g/l Cyflumetofen,SC (Akıcı Konsantre/Süspansiyon Konsantre)
EFDAL KATTA SC (İMAL),200 g/l Cyflumetofen,SC (Akıcı Konsantre/Süspansiyon Konsantre)
PAYDOS (İMAL),75 g/l Fluxapyroxad + 50 g/l Difenoconazole,SC (Akıcı Konsantre/Süspansiyon Konsantre)
CONATUS (İMAL),%80 Folpet,WG (Suda Dağılabilen Granül)
AGROFARM KLİNG 063 SC (İMAL),45 g/l Chlorantraniliprole + 18 g/l Abamectin,SC (Akıcı Konsantre/Süspansiyon Konsantre)
TARTAN 48 EC (İMAL),480 g/l Clomazone,EC (Emülsiye Olabilen Konsantre)
CHIRAG 20 SC (İTHAL),200 g/l Chlorantraniliprole,SC (Akıcı Konsantre/Süspansiyon Konsantre)
FRSBOZOK (İMAL),40 g/l Nicosulfuron,OD (Yağda Dağılabilen)
FULLBACK (İMAL),296 g/l Azoxystrobin + 218 g/l Flutriafol,SC (Akıcı Konsantre/Süspansiyon Konsantre)
INNOGARD (İMAL),296 g/l Azoxystrobin + 218 g/l Flutriafol,SC (Akıcı Konsantre/Süspansiyon Konsantre)
THUMPER (İTHAL),%50 Metalik bakıra eşdeğer bakır oksiklorid,WP (Islanabilir Toz)
ARMICIDE (İTHAL),%5 Emamectin benzoate,SG (Suda Çözünen Granül)
PARIKH DISPERSE (İTHAL),%20 Metalik bakıra eşdeğer bordo bulamacı,"WG ""Sadece bakırlı preparatlar"" (Suda Dağılabilen Granül)"
EFDAL FOSALİN 80 WG (İMAL),%80 Fosetyl-Al,WG (Suda Dağılabilen Granül)
RİSPETTO EC 425 (İMAL),224 g/l Spiroxamine + 148 g/l Tebuconazole + 53 g/l Prothioconazole,EC (Emülsiye Olabilen Konsantre)
SYMETRIN (İMAL),224 g/l Spiroxamine + 148 g/l Tebuconazole + 53 g/l Prothioconazole,EC (Emülsiye Olabilen Konsantre)
KEANU (İTHAL),%80 Kükürt,WG (Suda Dağılabilen Granül)
BELMINA (İMAL),"75 g/l Fluroxypyr- meptyl + 30 g/l Pinoxaden + 1,75 g/l Florasulam + 7,5 g/l Cloquintocet-mexyl (safener)",EC (Emülsiye Olabilen Konsantre)
BİXİBİTE 063 SC (İMAL),45 g/l Chlorantraniliprole + 18 g/l Abamectin,SC (Akıcı Konsantre/Süspansiyon Konsantre)
METOT 70 WP (İTHAL),%70 Metribuzin,WP (Islanabilir Toz)
SHENZI 200 SC (İTHAL),200 g/l Chlorantraniliprole,SC (Akıcı Konsantre/Süspansiyon Konsantre)
EFDAL TÖTEN EC (İMAL),480 g/l Clomazone,EC (Emülsiye Olabilen Konsantre)
GALYO 75 WG (İMAL),%75 Halosulfuron-methyl,WG (Suda Dağılabilen Granül)
LORYNTHOR (İMAL),50 g/l Lambda-cyhalothrin,CS (Kapsül Süspansiyon)
RASSENE (İMAL),25 g/l Sodium s-Naphthaline Acetate + 3 g/l Sodium Para Nitrophenolate + 2 g/l Sodium Ortho Nitrophenolate + 1 g/l Sodium Penta Nitroguaiacolate,SL (Suda Çözünen Konsantre)
LABİDAL (İMAL),100 g/l Lambda-cyhalothrin + 100 g/l Lufenuron,SC (Akıcı Konsantre/Süspansiyon Konsantre)
FELUTEN 222 SC (İMAL),222 g/l Flubendiamide,SC (Akıcı Konsantre/Süspansiyon Konsantre)
AGROFARM VICTOR (İMAL),400 g/l Fluopyram,SC (Akıcı Konsantre/Süspansiyon Konsantre)
LİANGO 20 SC (İMAL),200 g/l Cyflumetofen,SC (Akıcı Konsantre/Süspansiyon Konsantre)
ELİMİNATE 35 WG (İMAL),%35 Chlorantraniliprole,WG (Suda Dağılabilen Granül)
LOCSUFON (İTHAL),%85 Pyroxasulfone,WG (Suda Dağılabilen Granül)
DRONNE (İMAL),375 g/l Fluazinam + 150 g/l Azoxystrobin,SC (Akıcı Konsantre/Süspansiyon Konsantre)
SCENICGOLD FS 350 (İTHAL),200 g/l Fluopicolide + 150 g/l Fluoxastrobin,FS (Tohum İlaçlaması İçin Akıcı Konsantre)
KİNG'S BLESSİNG (İTHAL),%35 Chlorantraniliprole,WG (Suda Dağılabilen Granül)
TRANSIT (İMAL),500 g/l 8- Hydroxyquinoline sulphate,SL (Suda Çözünen Konsantre)
LORD 480 EC (İMAL),480 g/l Clomazone,EC (Emülsiye Olabilen Konsantre)
BEASİMUS (İMAL),75 g/l Mesotrione + 30 g/l Nicosulfuron,OD (Yağda Dağılabilen)
PERLAN 2X (İTHAL),"37 g/l Gibberellin A4/A7 + 37,6 g/l 6- Benzyladenine",SL (Suda Çözünen Konsantre)
AGROFARM KAYI (İMAL),300 g/l Aclonifen + 20 g/l İmazamox,SC (Akıcı Konsantre/Süspansiyon Konsantre)
ALTIUM 440 EW (İMAL),440 g/l Malathion,"EW (Emülsiyon, Suda Yağ)"
EMBAN 50 WP (İTHAL),%50 Captan,WP (Islanabilir Toz)
SPILOS (İMAL),375 g/l Fluazinam + 150 g/l Azoxystrobin,SC (Akıcı Konsantre/Süspansiyon Konsantre)
ROYMİX 525 SC (İMAL),375 g/l Fluazinam + 150 g/l Azoxystrobin,SC (Akıcı Konsantre/Süspansiyon Konsantre)
ALGAFER (İMAL),44 g/l Tembotrione + 22 g/l Isoxadifen-ethyl (safener),OD (Yağda Dağılabilen)
EFDAL POINT 500 SC (İMAL),350 g/l Metamitron + 150 g/l Ethofumesate,SC (Akıcı Konsantre/Süspansiyon Konsantre)
SİND WG (İTHAL),"%25,2 Boscalid + %12,8 Pyraclostrobin",WG (Suda Dağılabilen Granül)
NATOLİN WG (İMAL),%55 Metiram + %5 Pyraclostrobin,WG (Suda Dağılabilen Granül)
SAFA VİVA (İMAL),% 68 Thifensulfuron-methyl + % 7 Metsulfuron- methyl,WG (Suda Dağılabilen Granül)
CUMANS (İMAL),375 g/l Fluazinam + 150 g/l Azoxystrobin,SC (Akıcı Konsantre/Süspansiyon Konsantre)
FENETRİN 30 EC (İTHAL),300 g/l Bromuconazole,EC (Emülsiye Olabilen Konsantre)
FELUTEN 20 WG (İMAL),%20 Flubendiamide,WG (Suda Dağılabilen Granül)
SANDERO (İMAL),"65,82 g/l Metalik bakıra eşdeğer bakır sülfat",SC (Akıcı Konsantre/Süspansiyon Konsantre)
SAFA PERİFEL (İMAL),400 g/l Fluopyram,SC (Akıcı Konsantre/Süspansiyon Konsantre)
KİNG'S TİARA (İTHAL),%75 Tribenuron-methyl,WG (Suda Dağılabilen Granül)
EQUUS (İMAL),500 g/l Metrafenone,SC (Akıcı Konsantre/Süspansiyon Konsantre)
ATEXA (İMAL),310 g/l Pyrimethanil + 95 g/l Trifloxystrobin,SC (Akıcı Konsantre/Süspansiyon Konsantre)
VULPECU 500 SC (İMAL),500 g/l Metrafenone,SC (Akıcı Konsantre/Süspansiyon Konsantre)
OVERDO SC (İMAL),500 g/l Fluometuron,SC (Akıcı Konsantre/Süspansiyon Konsantre)
CORPORAL 80 EC (İMAL),800 g/l Prosulfocarb,EC (Emülsiye Olabilen Konsantre)
HYPNOSE 05 WG (İMAL),%5 Emamectin benzoate,WG (Suda Dağılabilen Granül)
BARCİNO (İMAL),200 g/l Cyflumetofen,SC (Akıcı Konsantre/Süspansiyon Konsantre)
TAVIRA 200 SC (İMAL),200 g/l Chlorantraniliprole,SC (Akıcı Konsantre/Süspansiyon Konsantre)
SAFA LUCENS (İMAL),%40 Metalik bakıra eşdeğer tribazik bakır sülfat,WG (Suda Dağılabilen Granül)
FRESO (İMAL),500 g/l Metrafenone,SC (Akıcı Konsantre/Süspansiyon Konsantre)
MARGOT 400 SC (İMAL),200 g/l Fluopyram + 200 g/l Tebuconazole,SC (Akıcı Konsantre/Süspansiyon Konsantre)
ORİZA (İMAL),250 g/l Piperonly Butoxide + 25 g/l Deltamethrin,EC (Emülsiye Olabilen Konsantre)
EFDAL DUMAN 80 WG (İMAL),%80 Captan,WG (Suda Dağılabilen Granül)
KİNG'S SONATA (İTHAL),"%30 Cymoxanil + %22,5 Famoxadone",WG (Suda Dağılabilen Granül)
RONIRA WG (İMAL),"%66,7 Fosetyl-Al + %4,44 Fluopicolide",WG (Suda Dağılabilen Granül)
SORASOL (İMAL),"228,6 g/l Spiromesifen + 11,4 g/l Abamectin",SC (Akıcı Konsantre/Süspansiyon Konsantre)
CENDER 65 (İTHAL),650 g/l Malathion,EC (Emülsiye Olabilen Konsantre)
EMFODOR (İTHAL),240 g/l Spirodiclofen,SC (Akıcı Konsantre/Süspansiyon Konsantre)
TONYUKUK (İMAL),480 g/l Metamitron + 66 g/l Ethofumesate + 42 g/l Phenmedipham,SC (Akıcı Konsantre/Süspansiyon Konsantre)
CHOPPER 25 SG (İMAL),%25 Rimsulfuron,SG (Suda Çözünen Granül)
ANDROMEDA OD (İMAL),36 g/l Abamectin,OD (Yağda Dağılabilen)
GALEBE SC (İMAL),136 g/l Metalik bakıra eşdeğer bakır hidroksit + 136 g/l Metalik bakıra eşdeğer bakır oksiklorid,SC (Akıcı Konsantre/Süspansiyon Konsantre)
EFDAL TOTEMO (İMAL),200 g/l Proquinazid,EC (Emülsiye Olabilen Konsantre)
MAZELİX (İTHAL),400 g/l Pethoxamid + 24 g/l Clomazone,EC (Emülsiye Olabilen Konsantre)
SHUMO (İTHAL),40 g/l Imazamox,SL (Suda Çözünen Konsantre)
SAFA SAPHIRE (İMAL),"% 56,2 Dicamba sodyum tuzu (%51,04 Dicamba asite eşdeğer) + % 6,25 Nicosulfuron + % 3,13 Rimsulfuron + % 3,13 Isoxadifen-ethyl (safener)",SG (Suda Çözünen Granül)
UFENS 66 OD (İMAL),44 g/l Tembotrione + 22 g/l Isoxadifen-ethyl (safener),OD (Yağda Dağılabilen)
SENTAUR (İMAL),200 g/l Tebuconazole + 120 g/l Azoxystrobin,SC (Akıcı Konsantre/Süspansiyon Konsantre)
MİTİO (İMAL),"360 g/l 2,4-D Asit (543 g/l 2,4-D EHE eşdeğer) + 90 g/l Fluroxypyr (129 g/l Fluroxypyr meptyl'e eşdeğer)",EC (Emülsiye Olabilen Konsantre)
SAFA BOUTIQUE (İMAL),%85 Pyroxasulfone,WG (Suda Dağılabilen Granül)
EFDAL SMYNA 200 SL (İMAL),200 g/l Glufosinate-ammonium tuzu,SL (Suda Çözünen Konsantre)
AGATA 465 SC (İMAL),225 g/l Isoxaflutole + 90 g/l Thiencarbazone-methyl + 150 g/l Cyprosulfamide (safener),SC (Akıcı Konsantre/Süspansiyon Konsantre)
SAFA DEFIANCE 35 DS (İMAL),%35 Metalaxyl,DS (Kuru Tohum İlacı)
EFDAL PANTRİN EC (İMAL),800 g/l Prosulfocarb + 80 g/l Metribuzin,EC (Emülsiye Olabilen Konsantre)
SONBU (İMAL),"%3,3 1-Methylcyclopropene",VP (Gaz Neşreden İlaç)
SAFA SPARTAN 500 WG (İMAL),%50 Sulfoxaflor,WG (Suda Dağılabilen Granül)
KİNG' GROZA (İTHAL),100 g/l Pyriproxyfen,EC (Emülsiye Olabilen Konsantre)
ANDROMEDA SC (İMAL),84 g/l Abamectin,SC (Akıcı Konsantre/Süspansiyon Konsantre)
CORİSCO 063 SC (İMAL),45 g/l Chlorantraniliprole + 18 g/l Abamectin,SC (Akıcı Konsantre/Süspansiyon Konsantre)
CLEAR OUT SL (İMAL),240 g/l Glyphosate Isopropylamin Tuzu,SL (Suda Çözünen Konsantre)
DADALUS 550 SC (İMAL),500 g/l Diflufenican + 50 g/l Florasulam,SC (Akıcı Konsantre/Süspansiyon Konsantre)
TUXEDO (İMAL),45 g/l Chlorantraniliprole + 18 g/l Abamectin,SC (Akıcı Konsantre/Süspansiyon Konsantre)
CONSPİCUO (İTHAL),"%26,7 Boscalid + %6,7 Pyraclostrobin",WG (Suda Dağılabilen Granül)
TEENCROP (İMAL),%25 Tebuconazole,WP (Islanabilir Toz)
ROSİER 450 EC (İMAL),450 g/l Prochloraz,EC (Emülsiye Olabilen Konsantre)
ROYCUB SC (İMAL),375 g/l Pyrimethanil +125 g/l Fluopyram,SC (Akıcı Konsantre/Süspansiyon Konsantre)
ENTUSH (İMAL),375 g/l Pyrimethanil +125 g/l Fluopyram,SC (Akıcı Konsantre/Süspansiyon Konsantre)
ARTUREX (İMAL),200 g/l Tebuconazole + 120 g/l Azoxystrobin,SC (Akıcı Konsantre/Süspansiyon Konsantre)
CROPEXA (İMAL),%70 Dithianon,WG (Suda Dağılabilen Granül)
NETLOGRIN (İMAL),18 g/l Abamectin,EC (Emülsiye Olabilen Konsantre)
VERRUNT (İMAL),400 g/l Fluopyram,SC (Akıcı Konsantre/Süspansiyon Konsantre)
DEROSAN (İMAL),%80 Fosetyl-Al,WG (Suda Dağılabilen Granül)
MORTELLO 400 SC (İMAL),400 g/l Fluopyram,SC (Akıcı Konsantre/Süspansiyon Konsantre)
VELOCOP (İMAL),"361,1 g/l Metalik bakıra eşdeğer bakır hidroksit",SC (Akıcı Konsantre/Süspansiyon Konsantre)
MİMOSA (İMAL),%20 Pyridaben,WP (Islanabilir Toz)
EFDAL CAMPO 376 SC (İMAL),326 g/l Terbuthylazine + 50 g/l Mesotrione,SC (Akıcı Konsantre/Süspansiyon Konsantre)
SONAR 170 FS (İMAL),150 g/l Prothioconazole + 20 g/l Tebuconazole,FS (Tohum İlaçlaması İçin Akıcı Konsantre)
STARLINK 170 FS (İMAL),150 g/l Prothioconazole + 20 g/l Tebuconazole,FS (Tohum İlaçlaması İçin Akıcı Konsantre)
SHEBİLL 60 FS (İTHAL),60 g/l Tebuconazole,FS (Tohum İlaçlaması İçin Akıcı Konsantre)
JOCKEY 5.7 SG (İMAL),% 5.7 Emamectin benzoate,SG (Suda Çözünen Granül)
ORTOCIL (İTHAL),100 g/l 2-Phenylphenol,EC (Emülsiye Olabilen Konsantre)
TİTLEKEY (İTHAL),100 g/l Penconazole,EC (Emülsiye Olabilen Konsantre)
CHIMET 18 EC (İTHAL),18 g/l Abamectin,EC (Emülsiye Olabilen Konsantre)
CHEEKYTAILS 50 CS (İMAL),50 g/l Lambda-cyhalothrin,CS (Kapsül Süspansiyon)
PRULANT 156 SC (İMAL),156 g/l Acequinocyl,SC (Akıcı Konsantre/Süspansiyon Konsantre)
VENACO 1.8 EC (İMAL),18 g/l Abamectin,EC (Emülsiye Olabilen Konsantre)
BURTZOL (İTHAL),"18,8 g/l 6-Benzyladenine + 18,5 g/l Gibberellin A4/A7",SL (Suda Çözünen Konsantre)
SETH 24 EC (İMAL),240 g/l Carfentrazone-ethyl,EC (Emülsiye Olabilen Konsantre)
FACILE (İMAL),500 g/l İndaziflam,SC (Akıcı Konsantre/Süspansiyon Konsantre)
BEASGRIA (İMAL),44 g/l Tembotrione + 22 g/l Isoxadifen-ethyl (safener),OD (Yağda Dağılabilen)
TİNO (İTHAL),400 g/l Propamocarb-hydrochloride + 50 g/l Cymoxanil,SC (Akıcı Konsantre/Süspansiyon Konsantre)
EFDAL BENE 400 SC (İMAL),400 g/l Propyzamide,SC (Akıcı Konsantre/Süspansiyon Konsantre)
MANECRON (İMAL),150 g/l Pyraclostrobin+ 75 g/l Fluxapyroxad,EC (Emülsiye Olabilen Konsantre)
SECTOJEN 35 WG (İMAL),%35 Chlorantraniliprole,WG (Suda Dağılabilen Granül)
ROYAYRİS (İMAL),500 g/l Fluometuron,SC (Akıcı Konsantre/Süspansiyon Konsantre)
POLYWEED (İTHAL),%85 Pyroxasulfone,WG (Suda Dağılabilen Granül)
MASTERGRAN (İTHAL),%70 Dithianon,WG (Suda Dağılabilen Granül)
PAYAKAN (İMAL),250 g/l Dithianon + 250 g/l Pyrimethanil,SC (Akıcı Konsantre/Süspansiyon Konsantre)
EXITUS (İMAL),100 g/l Cycloxydim,EC (Emülsiye Olabilen Konsantre)
STÜRMER 250 EC (İMAL),250 g/l Difenoconazole,EC (Emülsiye Olabilen Konsantre)
TİCKETS (İMAL),250 g/l Bupirimate,EC (Emülsiye Olabilen Konsantre)
DECLERE 156 SC (İMAL),156 g/l Acequinocyl,SC (Akıcı Konsantre/Süspansiyon Konsantre)
TEZCONAL 20 SC (İMAL),20 g/l Abamectin,SC (Akıcı Konsantre/Süspansiyon Konsantre)
BERKUT WG (İMAL),"%25,2 Boscalid + %12,8 Pyraclostrobin",WG (Suda Dağılabilen Granül)
BOFOR 500 SC (İMAL),500 g/l Fluazinam,SC (Akıcı Konsantre/Süspansiyon Konsantre)
ROBIGO 20 SC (İMAL),20 g/l Abamectin,SC (Akıcı Konsantre/Süspansiyon Konsantre)
SIMPELL (İTHAL),480 g/l Spinosad,SC (Akıcı Konsantre/Süspansiyon Konsantre)
ROYFOX 20 SC (İMAL),200 g/l Cyflumetofen,SC (Akıcı Konsantre/Süspansiyon Konsantre)
FRACTAL SC (İMAL),375 g/l Fluazinam + 150 g/l Azoxystrobin,SC (Akıcı Konsantre/Süspansiyon Konsantre)
ROYBEST 63 SC (İMAL),45 g/l Chlorantraniliprole + 18 g/l Abamectin,SC (Akıcı Konsantre/Süspansiyon Konsantre)
PAPYRUS (İMAL),400 g/l Propamocarb-hydrochloride + 50 g/l Cymoxanil,SC (Akıcı Konsantre/Süspansiyon Konsantre)
TURNA (İMAL),100 g/l Penconazole,EC (Emülsiye Olabilen Konsantre)
ANTIOPE (İTHAL),%80 Fosetyl-Al,WG (Suda Dağılabilen Granül)
ROYGAM (İMAL),250 g/l Mandipropamid,SC (Akıcı Konsantre/Süspansiyon Konsantre)
PROTEBUZ EW (İTHAL),267 g/l Prochloraz + 133 g/l Tebuconazole,"EW (Emülsiyon, Suda Yağ)"
AGROGURU SC (İMAL),136 g/l Metalik bakıra eşdeğer bakır hidroksit + 136 g/l Metalik bakıra eşdeğer bakır oksiklorid,SC (Sadece bakırlı preparatlar) ( (Akıcı Konsantre/Süspansiyon Konsantre))
REVANCHA (İMAL),%50 Formetanate hydrochloride,SP (Suda Çözünen Toz)
FLOWEND 50 WG (İTHAL),%50 Flonicamid,WG (Suda Dağılabilen Granül)
MARİTUS (İMAL),"%66,7 Fosetyl-Al + %4,44 Fluopicolide",WG (Suda Dağılabilen Granül)
ROYTAİ 150 ZEC (İMAL),100 g/l Chlorantraniliprole + 50 g/l Lambda-cyhalothrin,ZC (CS ve SC Formülasyonlarının Karışımı)
KADNEZAR (İMAL),250 g/l Cypermethrin,EC (Emülsiye Olabilen Konsantre)
PATRİCK 700 SC (İMAL),700 g/l Metamitron,SC (Akıcı Konsantre/Süspansiyon Konsantre)
SCHONIL SEED (İTHAL),25 g/l Fludioxonil + 10 g/l Metalaxyl-m,FS (Tohum İlaçlaması İçin Akıcı Konsantre)
ACOUSTICA 035 FS (İMAL),25 g/l Fludioxonil + 10 g/l Metalaxyl-m,FS (Tohum İlaçlaması İçin Akıcı Konsantre)
ACRATOS (İTHAL),300 g/l Pyrimethanil,SC (Akıcı Konsantre/Süspansiyon Konsantre)
ALBİSON (İMAL),75 g/l Fluxapyroxad + 50 g/l Difenoconazole,SC (Akıcı Konsantre/Süspansiyon Konsantre)
MONOCEROS 405 SC (İMAL),310 g/l Pyrimethanil + 95 g/l Trifloxystrobin,SC (Akıcı Konsantre/Süspansiyon Konsantre)
BARN (İTHAL),%56 Aluminium phosphide,TB (Tablet)
LARVOLİ 25 WP (İMAL),%25 Malathion,WP (Islanabilir Toz)
MIXPARTNER 500 SC (İMAL),350 g/l Metamitron + 150 g/l Ethofumesate,SC (Akıcı Konsantre/Süspansiyon Konsantre)
EFDAL TAKANE 063 SC (İMAL),45 g/l Chlorantraniliprole + 18 g/l Abamectin,SC (Akıcı Konsantre/Süspansiyon Konsantre)
DOGAMITE 200 SC (İMAL),200 g/l Cyflumetofen,SC (Akıcı Konsantre/Süspansiyon Konsantre)
BATANA 200 SC (İMAL),200 g/l Cyflumetofen,SC (Akıcı Konsantre/Süspansiyon Konsantre)
AUXBORD (İMAL),124 g/l Metalik bakıra eşdeğer bordo bulamacı,SC (Akıcı Konsantre/Süspansiyon Konsantre)
PASKILL (İTHAL),500 g/l Imazalil,EC (Emülsiye Olabilen Konsantre)
METAFER 20 SC (İMAL),200 g/l Cyflumetofen,SC (Akıcı Konsantre/Süspansiyon Konsantre)
COBRABİTE (İMAL),%20 Pyridaben,WP (Islanabilir Toz)
COMMANDATE (İMAL),125 g/l Azoxystrobin + 125 g/l Difenoconazole,SC (Akıcı Konsantre/Süspansiyon Konsantre)
KENDRAS (İMAL),"452,42 g/l 2,4-D 2-Ethylhexyl ester + 6,25 g/l Florasulam",SE (Suspo-Emülsiyon)
BASAT (İMAL),330 g/l Dicamba + 75 g/l Nicosulfuron,SC (Akıcı Konsantre/Süspansiyon Konsantre)
SAFA MOTTO (İMAL),"360 g/l 2,4-D Asit (543 g/l 2,4-D EHE eşdeğer) + 90 g/l Fluroxypyr (129 g/l Fluroxypyr meptyl'e eşdeğer)",EC (Emülsiye Olabilen Konsantre)
DADASH (İMAL),250 g/l lambda cyhalothrin,OD (Yağda Dağılabilen)
CIDETRAK TA MESO (İTHAL),"540 mg (E,Z,Z,) -3,8,11- tetradecatrien-1-yl acetate + 60mg (E,Z) - 3,8 - tetradecadien-1-yl acetate",--- (-)
SİRMEL 400 SC (İMAL),400 g/l Fluopyram,SC (Akıcı Konsantre/Süspansiyon Konsantre)
CHIMDA 5 EC (İTHAL),50 g/l Lambda-cyhalothrin,EC (Emülsiye Olabilen Konsantre)
RİFTOİL (İMAL),800 g/l Mineral Yağ,EC (Emülsiye Olabilen Konsantre)
AGRIPHOS TABLET (İTHAL),%66 Magnesium Phosphide,TB (Tablet)
RESPECTOR (İTHAL),200 g/l Tebuconazole + 120 g/l Azoxystrobin,SC (Akıcı Konsantre/Süspansiyon Konsantre)
TERRONİ (İMAL),"116,2 g/l Clethodim",EC (Emülsiye Olabilen Konsantre)
SAFA STRIKE (İMAL),100 g/l Cycloxydim,EC (Emülsiye Olabilen Konsantre)
ASTYANA (İMAL),310 g/l Pyrimethanil + 95 g/l Trifloxystrobin,SC (Akıcı Konsantre/Süspansiyon Konsantre)
CHILEN CS (İTHAL),450 g/l Pendimethalin,CS (Kapsül Süspansiyon)
ALTARE (İMAL),%60 Diflufenican + %6 Metsulfuron-methyl,WG (Suda Dağılabilen Granül)
BUGMASTER 25 EC (İMAL),250 g/l Cypermethrin,EC (Emülsiye Olabilen Konsantre)
BESTUTAX 105 OD (İMAL),75 g/l Mesotrione + 30 g/l Nicosulfuron,OD (Yağda Dağılabilen)
EMTOS 25 EC (İTHAL),250 g/l Cypermethrin,EC (Emülsiye Olabilen Konsantre)
MAK-GİBB (İMAL),20 g/l Gibberellic acid,SL (Suda Çözünen Konsantre)
CEREPİN (İTHAL),"50 g/l Pinoxaden + 12,5 g/l Cloquintocet-mexyl (Safener)",EC (Emülsiye Olabilen Konsantre)
ROMİNA (İMAL),530 g/l Propamocarb + 310 g/l Fosetyl,SL (Suda Çözünen Konsantre)
AVLOD 50 WG (İMAL),%50 Cymoxanil,WG (Suda Dağılabilen Granül)
CHICAN 80 WG (İTHAL),%80 Captan,WG (Suda Dağılabilen Granül)
HALT MD EGVM MESO (İTHAL),"1063 mg, (7E,9Z)-7,9-Dodecadien-1-yl acetate",--- (-)
INTREPİDE (İMAL),300 g/l Spiroxamine + 160 g/l Prothioconazole,EC (Emülsiye Olabilen Konsantre)
YOKOT (İMAL),30 g/l Mesosulfuron-methyl + 90 g/l Mefenpyr-diethyl (safener),OD (Yağda Dağılabilen)
LANSMAN 80 WG (İMAL),%80 Captan,WG (Suda Dağılabilen Granül)
CANDOR (İTHAL),%70 Metribuzin,WDG (Suda Dağılabilen Granül)
ROYSUN 300 EC (İMAL),300 g/l Cyprodinil,EC (Emülsiye Olabilen Konsantre)
TEMPTING (İMAL),"%30 Cymoxanil + %22,5 Famoxadone",WG (Suda Dağılabilen Granül)
CROPGUARD 480 SC (İMAL),240 g/l Isoxaflutole +240 g/l Cyprosulfamide (safener),SC (Akıcı Konsantre/Süspansiyon Konsantre)
KİNG'S ORİSON (İTHAL),%50 Flonicamid,WG (Suda Dağılabilen Granül)
ROYAXMA 22 SC (İMAL),222 g/l Flubendiamide,SC (Akıcı Konsantre/Süspansiyon Konsantre)
ROYRAM 400 SC (İMAL),400 g/l Fluopyram,SC (Akıcı Konsantre/Süspansiyon Konsantre)
ROYFLUB 20 WG (İMAL),%20 Flubendiamide,WG (Suda Dağılabilen Granül)
BOZAT WG (İMAL),"%6,75 Propoxycarbazone Sodium + %4,5 Mesosulfuron-methyl + %9 Mefenpyr-diethyl (safener)",WG (Suda Dağılabilen Granül)
AGAFIX 225 SC (İMAL),150 g/l Penoxsulam + 75 g/l Florasulam,SC (Akıcı Konsantre/Süspansiyon Konsantre)
AVENGER (İMAL),500 g/l Fluometuron,SC (Akıcı Konsantre/Süspansiyon Konsantre)
BEASSIL (İMAL),50 g/l Quizalofop-p-ethyl,EC (Emülsiye Olabilen Konsantre)
CHIFON 50 WG (İTHAL),%50 Flonicamid,WG (Suda Dağılabilen Granül)
LENA DASH (İMAL),"%1,18 2- (1-Naphthyl) Acetamıde (NAD) + %0,43 2- (1-Naphthyl) Acetic Acid (NAA)",WP (Islanabilir Toz)
FLOCA (İTHAL),%50 Flonicamid,WG (Suda Dağılabilen Granül)
ELICITOR (İMAL),%20 Flubendiamide,WG (Suda Dağılabilen Granül)
TEKYİ 50 WG (İMAL),%50 Flonicamid,WG (Suda Dağılabilen Granül)
ASALONİ SC (İMAL),222 g/l Flubendiamide,SC (Akıcı Konsantre/Süspansiyon Konsantre)
ENTERUPT MD CMDA COMBO MESO-A (İTHAL),"850 mg 8,10- Dodecadien-1-ol, (8E,10E)+500mg 2,4-decadienoic acid,ethyl ester(E,Z) / Feromon Yayıcı",--- (-)
AMBLEM (İMAL),240 g/l Clopyralid + 80 g/l Picloram + 40 g/l Aminopyralid,SL (Suda Çözünen Konsantre)
SAFA CHARAS (İMAL),100 g/l Cycloxydim,EC (Emülsiye Olabilen Konsantre)
JAGER 200 EC (İMAL),200 g/l Pyraclostrobin,EC (Emülsiye Olabilen Konsantre)
EMECTUT 320 SC (İMAL),200 g/l Tebuconazole + 120 g/l Azoxystrobin,SC (Akıcı Konsantre/Süspansiyon Konsantre)
ORTOVERO WG 80 (İTHAL),%80 Kükürt,WG (Suda Dağılabilen Granül)
CHIZON 48 SL (İTHAL),480 g/l Bentazone,SL (Suda Çözünen Konsantre)
KİNG'S CHARM (İTHAL),240 g/l Clethodim,EC (Emülsiye Olabilen Konsantre)
PATUKO (İMAL),"26,5 g/l Pyraflufen ethyl",EC (Emülsiye Olabilen Konsantre)
QUİCKER (İTHAL),480 g/l Ethephon,SL (Suda Çözünen Konsantre)
ESSENCE 38 WG (İTHAL),"%25,2 Boscalid + %12,8 Pyraclostrobin",WG (Suda Dağılabilen Granül)
FICTION (İMAL),"%30 Cymoxanil + %22,5 Famoxadone",WG (Suda Dağılabilen Granül)
ALLİES (İMAL),500 g/l İndaziflam,SC (Akıcı Konsantre/Süspansiyon Konsantre)
OLBERS OD 66 (İMAL),44 g/l Tembotrione + 22 g/l Isoxadifen-ethyl (safener),OD (Yağda Dağılabilen)
CITROCIL (İTHAL),100 g/l 2-Phenylphenol + 75 g/l Imazalil,EC (Emülsiye Olabilen Konsantre)
LONTANO 400 EW (İMAL),267 g/l Prochloraz + 133 g/l Tebuconazole,"EW (Emülsiyon, Suda Yağ)"
BANSHEE (İMAL),200 g/l Tebuconazole + 120 g/l Azoxystrobin,SC (Akıcı Konsantre/Süspansiyon Konsantre)
LAPUSS (İMAL),300 g/l Pyrimethanil,SC (Akıcı Konsantre/Süspansiyon Konsantre)
AGOBİS (İMAL),150 g/l Prothioconazole + 20 g/l Tebuconazole,FS (Tohum İlaçlaması İçin Akıcı Konsantre)
VİEZLIOS 222 SC (İMAL),222 g/l Flubendiamide,SC (Akıcı Konsantre/Süspansiyon Konsantre)
ADOMEN SL (İMAL),280 g/l Glufosinate-ammonium,SL (Suda Çözünen Konsantre)
ALAMAÇ WP (İMAL),%70 Thiophanate-methyl,WP (Islanabilir Toz)
FİKSTRO (İMAL),375 g/l Fluazinam + 150 g/l Azoxystrobin,SC (Akıcı Konsantre/Süspansiyon Konsantre)
TİBİLİSE (İMAL),"51,4 g/l Metalik Bakıra eşdeğer Yağ ve Rosin Asitlerinin Bakır Tuzları",EC (Emülsiye Olabilen Konsantre)
ORLOV (İMAL),220 g/l Dicamba + 50 g/l Nicosulfuron,OD (Yağda Dağılabilen)
WEDİAT (İMAL),"9,3 g/l Milbemectin",EC (Emülsiye Olabilen Konsantre)
DİMPLE (İMAL),50 g/l Deltamethrin,SC (Akıcı Konsantre/Süspansiyon Konsantre)
FOGO (İMAL),500 g/l Diflufenican + 50 g/l Florasulam,SC (Akıcı Konsantre/Süspansiyon Konsantre)
RAINLIC (İTHAL),%40 Gibberellic Acid,SG (Suda Çözünen Granül)
CARMENTES (İMAL),720 g/l Ethephon,SL (Suda Çözünen Konsantre)
REDTURTLE 450 CS (İTHAL),450 g/l Pendimethalin,CS (Kapsül Süspansiyon)
MEGURO (İMAL),259 g/l Metalik bakıra eşdeğer bakır hidroksit + 49 g/l Metalaxyl,SC (Akıcı Konsantre/Süspansiyon Konsantre)
KENATUS (İMAL),200 g/l Tebuconazole + 120 g/l Azoxystrobin,SC (Akıcı Konsantre/Süspansiyon Konsantre)
RAGNAROK SC 480 (İMAL),240 g/l Isoxaflutole +240 g/l Cyprosulfamide (safener),SC (Akıcı Konsantre/Süspansiyon Konsantre)
ABGWITH (İMAL),%50 Tebuconazole + %25 Trifloxystrobin,WG (Suda Dağılabilen Granül)
PENDİPAX (İTHAL),330 g/l Pendimethalin,EC (Emülsiye Olabilen Konsantre)
ROYKÜP (İMAL),240 g/l Carfentrazone-ethyl,EC (Emülsiye Olabilen Konsantre)
PİNKMAN (İMAL),50 g/l Mepiquat Chloride,SL (Suda Çözünen Konsantre)
ROYHOT EC (İMAL),480 g/l Clomazone,EC (Emülsiye Olabilen Konsantre)
VERSED 5 EW (İMAL),"51,3 g/l Cyflufenamid","EW (Emülsiyon, Suda Yağ)"
CARPAZ 300 EC (İMAL),300 g/l Cyprodinil,EC (Emülsiye Olabilen Konsantre)
BRANİNA (İMAL),%50 Cymoxanil,WP (Islanabilir Toz)
EUMİDAN 80 WG (İMAL),%80 Captan,WG (Suda Dağılabilen Granül)
SPRINEX (İMAL),300 g/l Spiroxamine + 160 g/l Prothioconazole,EC (Emülsiye Olabilen Konsantre)
KARDAT 50 WP (İMAL),%50 Captan,WP (Islanabilir Toz)
EFDAL FULKİT (İMAL),"51,3 g/l Cyflufenamid","EW (Emülsiyon, Suda Yağ)"
TANCAP (İTHAL),%80 Captan,WG (Suda Dağılabilen Granül)
XEDAZİL 22 (İTHAL),220 g/l Imazalil,EC (Emülsiye Olabilen Konsantre)
GAMBOL (İMAL),250 g/l Flurochloridone,EC (Emülsiye Olabilen Konsantre)
GIANT 450 CS (İMAL),450 g/l Pendimethalin,CS (Kapsül Süspansiyon)
KOLLBEN 20 SC (İTHAL),200 g/l Chlorantraniliprole,SC (Akıcı Konsantre/Süspansiyon Konsantre)
BUGA 66 OD (İMAL),44 g/l Tembotrione + 22 g/l Isoxadifen-ethyl (safener),OD (Yağda Dağılabilen)
STRONİPAC (İTHAL),250 g/l Trinexapac-ethyl,EC (Emülsiye Olabilen Konsantre)
BORDUM (İMAL),%20 Metalik bakıra eşdeğer bordo bulamacı,WP (Islanabilir Toz)
PALFA (İMAL),250 g/l Fluopyram+ 250 g/l Trifloxystrobin,SC (Akıcı Konsantre/Süspansiyon Konsantre)
RENMARK 225 SC (İMAL),150 g/l Penoxsulam + 75 g/l Florasulam,SC (Akıcı Konsantre/Süspansiyon Konsantre)
CARPAGE (İTHAL),200 g/l Chlorantraniliprole,SC (Akıcı Konsantre/Süspansiyon Konsantre)
CRUDELIS (İMAL),200 g/l Azoxystrobin + 125 g/l Difenoconazole,SC (Akıcı Konsantre/Süspansiyon Konsantre)
SEPİON (İMAL),650 g/l Malathion,EC (Emülsiye Olabilen Konsantre)
KALENDA (İTHAL),200 g/l Chlorantraniliprole,SC (Akıcı Konsantre/Süspansiyon Konsantre)
INBOX (İMAL),200 g/l Bromoxynil octanoate + 200 g/l MCPA,EC (Emülsiye Olabilen Konsantre)
KIPPOX (İMAL),200 g/l Carfentrazone-ethyl + 30 g/l Diuron,SE (Suspo-Emülsiyon)
DANIRANGER (İTHAL),111 g/l Cyflumetofen,DC (Disperse Olabilen Konsantre)
SUBTLY (İMAL),200 g/l Diquat dibromide,SL (Suda Çözünen Konsantre)
CALYPTRA (İTHAL),100 g/l Fludioxonil,FS (Tohum İlaçlaması İçin Akıcı Konsantre)
NORCUP 75 WG (İMAL),%75 Metalik bakıra eşdeğer bakır oksit,WG (Suda Dağılabilen Granül)
CYMOCOP (İMAL),"%39,75 Metalik bakıra eşdeğer bakır oksiklorid + %4,2 Cymoxanil",WP (Islanabilir Toz)
EUROXOM (İMAL),"65,82 g/l Metalik bakıra eşdeğer bakır sülfat",SC (Akıcı Konsantre/Süspansiyon Konsantre)
TURATO (İMAL),350 g/l Metamitron + 150 g/l Ethofumesate,SC (Akıcı Konsantre/Süspansiyon Konsantre)
OPICON 40 SL (İMAL),40 g/l Imazamox,SL (Suda Çözünen Konsantre)
ASTMASY (İMAL),125 g/l Azoxystrobin + 125 g/l Difenoconazole,SC (Akıcı Konsantre/Süspansiyon Konsantre)
CALIGULA SE 250 (İTHAL),125 g/l Fluopyram + 125 g/l Prothioconazole,SE (Suspo-Emülsiyon)
DÜNYAMİX EC (İMAL),800 g/l Prosulfocarb + 80 g/l Metribuzin,EC (Emülsiye Olabilen Konsantre)
ISOMEALY PF (İTHAL),158 mg (5 methyl-2-(1-methylethenyl)-4-hexen-1-yl 3-methyl-2-butenoate),--- (-)
LENA KÖNİG (İMAL),"%0,52 1-naphthylacetic acid (NAA) + %0,51 4-indol-3-ylbutyric acid (IBA)",WP (Islanabilir Toz)
NANAKO (İTHAL),12 g/l Sodıum p-nitrophenolate + 8 g/l Sodıum o-nitrophenolate + 4 g/l Sodıum 5-nitroguaıacolate,SL (Suda Çözünen Konsantre)
PORTELET SC (İMAL),360 g/l Glyphosate asite eşdeğer Glyphosate Isopropylamin Tuzu + 30 g/l Oxyfluorfen,SC (Akıcı Konsantre/Süspansiyon Konsantre)
BUTRIX WG (İMAL),"%6,75 Propoxycarbazone Sodium + %4,5 Mesosulfuron-methyl + %9 Mefenpyr-diethyl (safener)",WG (Suda Dağılabilen Granül)
MASURAN 50 WG (İTHAL),%50 Flonicamid,WG (Suda Dağılabilen Granül)
DUNGEON (İMAL),45 g/l Pyroxsulam + 90 g/l Cloquintocet-mexyl (safener),OD (Yağda Dağılabilen)
ASENOM (İMAL),222 g/l Flubendiamide,SC (Akıcı Konsantre/Süspansiyon Konsantre)
SPORSAV (İMAL),200 g/l Tebuconazole + 120 g/l Azoxystrobin,SC (Akıcı Konsantre/Süspansiyon Konsantre)
GARGANO (İMAL),300 g/l Ametoctradin + 225 g/l Dimethomorph,SC (Akıcı Konsantre/Süspansiyon Konsantre)
CARTOGENİS (İMAL),250 g/l Azoxystrobin,SC (Akıcı Konsantre/Süspansiyon Konsantre)
TARANTULA 20 SC (İMAL),200 g/l Chlorantraniliprole,SC (Akıcı Konsantre/Süspansiyon Konsantre)
FRS WOLTHER 20 SC (İMAL),200 g/l Chlorantraniliprole,SC (Akıcı Konsantre/Süspansiyon Konsantre)
RECONDİTE (İMAL),200 g/l Cyflumetofen,SC (Akıcı Konsantre/Süspansiyon Konsantre)
ONTHİON 65 EC (İTHAL),650 g/l Malathion,EC (Emülsiye Olabilen Konsantre)
LOKOMOTIVE (İMAL),200 g/l Azoxystrobin + 125 g/l Difenoconazole,SC (Akıcı Konsantre/Süspansiyon Konsantre)
CRULTOP (İTHAL),360 g/l Hymexazole,SL (Suda Çözünen Konsantre)
BROTE 480 EC (İMAL),480 g/l Clomazone,EC (Emülsiye Olabilen Konsantre)
FENCLOWİT (İTHAL),240 g/l Clodinafop-propargyl + 60 g/l Cloquintocet-mexyl (safener),EC (Emülsiye Olabilen Konsantre)
ALARGA (İMAL),500 g/l Fenhexamid,SC (Akıcı Konsantre/Süspansiyon Konsantre)
EKSTRAVİK 2 F (İMAL),240 g/l Tau-fluvalinate,"EW (Emülsiyon, Suda Yağ)"
SERPENTE (İMAL),"%25,2 Boscalid + %12,8 Pyraclostrobin",WG (Suda Dağılabilen Granül)
SMULAİD WG (İMAL),"%26,7 Boscalid + %6,7 Pyraclostrobin",WG (Suda Dağılabilen Granül)
SOLTER 250 EC (İMAL),250 g/l Flurochloridone,EC (Emülsiye Olabilen Konsantre)
VELTİMA (İMAL),100 g/l Fludioxonil,FS (Tohum İlaçlaması İçin Akıcı Konsantre)
CHALLEROX (İMAL),600 g/l Aclonifen,SC (Akıcı Konsantre/Süspansiyon Konsantre)
ABG FORTE (İMAL),"65,82 g/l Metalik bakıra eşdeğer bakır sülfat",SC (Sadece bakırlı preparatlar) ( (Akıcı Konsantre/Süspansiyon Konsantre))
GRİMERUS (İMAL),800 g/l Prosulfocarb + 80 g/l Metribuzin,EC (Emülsiye Olabilen Konsantre)
AGAPTUS (İMAL),%25 Spinetoram,WG (Suda Dağılabilen Granül)
VİGNOSOL (İMAL),150 g/l Prothioconazole + 20 g/l Tebuconazole,FS (Tohum İlaçlaması İçin Akıcı Konsantre)
ELESSAR (İMAL),150 g/l Prothioconazole + 20 g/l Tebuconazole,FS (Tohum İlaçlaması İçin Akıcı Konsantre)
ARBOR (İMAL),267 g/l Prochloraz + 133 g/l Tebuconazole,"EW (Emülsiyon, Suda Yağ)"
TASH (İMAL),600 g/l Phosphorous Acid (mono ve di-potasyum tuzları),SL (Suda Çözünen Konsantre)
KYOTO (İMAL),"37,5 g/l Mesotrione + 15 g/l Nicosulfuron",OD (Yağda Dağılabilen)
MOSKİTEK (İTHAL),"8,75 g Ammonium acetate+1,25 g Trimethylamine hydrochloride+ 0,04 g 1.4 -Diaminobutane+0,07 g Esfenvalarate+Tuzak",--- (-)
ESCALADE 700 SC (İMAL),700 g/l Metamitron,SC (Akıcı Konsantre/Süspansiyon Konsantre)
PERİTO 25 WG (İMAL),%25 Spinetoram,WG (Suda Dağılabilen Granül)
MAFENTE (İTHAL),25 g/l Deltamethrin,EC (Emülsiye Olabilen Konsantre)
İNVİCTA (İMAL),200 g/l Cyflumetofen,SC (Akıcı Konsantre/Süspansiyon Konsantre)
CITROSOL 500 (İTHAL),500 g/l Imazalil,EC (Emülsiye Olabilen Konsantre)
MALTEGO (İMAL),"37,5 g/l Mesotrione + 15 g/l Nicosulfuron",OD (Yağda Dağılabilen)
BELOUKHA 680 EC (İTHAL),680 g/l Pelargonic Acid,EC (Emülsiye Olabilen Konsantre)
SHENZI 35 WG (İTHAL),%35 Chlorantraniliprole,WG (Suda Dağılabilen Granül)
AMANAT 500 SC (İMAL),375 g/l Pyrimethanil +125 g/l Fluopyram,SC (Akıcı Konsantre/Süspansiyon Konsantre)
MİKASER SC 263 (İMAL),175 g/l Prothioconazole + 88 g/l Trifloxystrobin,SC (Akıcı Konsantre/Süspansiyon Konsantre)
FLAKEA (İTHAL),%50 Tebuconazole + %25 Trifloxystrobin,WG (Suda Dağılabilen Granül)
ROMPER 200 EC (İMAL),200 g/l Pyraclostrobin,EC (Emülsiye Olabilen Konsantre)
NEFY 500 SC (İMAL),375 g/l Pyrimethanil +125 g/l Fluopyram,SC (Akıcı Konsantre/Süspansiyon Konsantre)
GLADYATÖR (İMAL),200 g/l Tebuconazole + 120 g/l Azoxystrobin,SC (Akıcı Konsantre/Süspansiyon Konsantre)
NIKTO (İMAL),140 g/l Thiabendazole + 100 g/l Imazalil,SC (Akıcı Konsantre/Süspansiyon Konsantre)
BEASCAS (İMAL),%50 Captan,WP (Islanabilir Toz)
SERUBT (İMAL),150 g/l Cyprodinil + 100 g/l Fludioxonil,SC (Akıcı Konsantre/Süspansiyon Konsantre)
PENEPLEN WG (İMAL),"%45,6 Cymoxanil + %15 Trifloxystrobin",WG (Suda Dağılabilen Granül)
ALHAM 500 SL (İTHAL),500 g/l Metam Sodium,SL (Suda Çözünen Konsantre)
MEXAMİTE (İTHAL),50 g/l Hexythiazox,EC (Emülsiye Olabilen Konsantre)
DOMİNANCE (İMAL),%5 Metaldehyde,GB (Granül Yem)
KİNG'S ANGEL (İTHAL),200 g/l Glufosinate-ammonium tuzu,SL (Suda Çözünen Konsantre)
DANGO (İMAL),200 g/l Cyflumetofen,SC (Akıcı Konsantre/Süspansiyon Konsantre)
ONROBİN (İTHAL),"%25,2 Boscalid + %12,8 Pyraclostrobin",WG (Suda Dağılabilen Granül)
RIVOMETHRIN 25 EC (İMAL),250 g/l Cypermethrin,EC (Emülsiye Olabilen Konsantre)
MAVINCHI SC (İMAL),124 g/l Metalik bakıra eşdeğer bordo bulamacı,SC (Akıcı Konsantre/Süspansiyon Konsantre)
KİNG'S TROPHY (İTHAL),200 g/l Azoxystrobin + 125 g/l Difenoconazole,SC (Akıcı Konsantre/Süspansiyon Konsantre)
OCTELLA (İMAL),200 g/l Cyflumetofen,SC (Akıcı Konsantre/Süspansiyon Konsantre)
YARDA 400 SC (İMAL),200 g/l Fluopyram + 200 g/l Tebuconazole,SC (Akıcı Konsantre/Süspansiyon Konsantre)
CORBEAS (İMAL),200 g/l Esfenvalerate,EC (Emülsiye Olabilen Konsantre)
TEKDEM 263 SC (İMAL),175 g/l Prothioconazole + 88 g/l Trifloxystrobin,SC (Akıcı Konsantre/Süspansiyon Konsantre)
CROPSECURE 50 WG (İMAL),%50 Flonicamid,WG (Suda Dağılabilen Granül)
GALACTUS 263 SC (İMAL),175 g/l Prothioconazole + 88 g/l Trifloxystrobin,SC (Akıcı Konsantre/Süspansiyon Konsantre)
BİRUSE (İMAL),500 g/l Fluazinam,SC (Akıcı Konsantre/Süspansiyon Konsantre)
TİERON (İMAL),500 g/l Fenhexamid,SC (Akıcı Konsantre/Süspansiyon Konsantre)
CURAXİL (İMAL),%50 Metalik bakıra eşdeğer bakır oksiklorid,WP (Islanabilir Toz)
RAPETTİ WG (İMAL),%60 Fosetyl-Al + %4 Famoxadone,WG (Suda Dağılabilen Granül)
LEVASHI 125 SC (İMAL),125 g/l Flutriafol,SC (Akıcı Konsantre/Süspansiyon Konsantre)
SAFA PHASE-L (İMAL),400 g/l Fluopyram,SC (Akıcı Konsantre/Süspansiyon Konsantre)
ROYSON 46 SL (İMAL),460 g/l Chlormequat Chloride,SL (Suda Çözünen Konsantre)
ALABANDA (İMAL),480 g/l Clomazone,EC (Emülsiye Olabilen Konsantre)
RANDERAS (İMAL),100 g/l Clopyralid,SL (Suda Çözünen Konsantre)
BORDOTAN WG (İMAL),%20 Metalik bakıra eşdeğer bordo bulamacı,WG (Suda Dağılabilen Granül)
GRONAFOR (İTHAL),9 g/l Sodium p-nitrophenolate + 6 g/l Sodium o-nitrophenolate + 3 g/l Sodium 5-nitroguaiacolate,SL (Suda Çözünen Konsantre)
TEMPORA 65 EC (İMAL),650 g/l Malathion,EC (Emülsiye Olabilen Konsantre)
DRIARMY (İTHAL),%20 Pyridaben,WP (Islanabilir Toz)
PERİSTERA OPTİ 500 (İMAL),"312,5 g/l S-Metolachlor + 187,5 g/l Terbuthylazine",SC (Akıcı Konsantre/Süspansiyon Konsantre)
RONNİE 25 WP (İMAL),%25 Malathion,WP (Islanabilir Toz)
CAMPANOLA (İMAL),250 g/l Quinmerac + 35 g/l Imazamox,SC (Akıcı Konsantre/Süspansiyon Konsantre)
RENNES (İTHAL),500 g/l Metam Sodium,SL (Suda Çözünen Konsantre)
TALIGA 50 WP (İMAL),%50 Tolclofos-methyl,WP (Islanabilir Toz)
ZELUNİS (İMAL),400 g/l Propyzamide,SC (Akıcı Konsantre/Süspansiyon Konsantre)
BLACKFISH (İMAL),"75 g/l Azoxystrobin + 37,5 g/l Metalaxyl-m + 12,5 g/l Fludioxonil",FS (Tohum İlaçlaması İçin Akıcı Konsantre)
ORFOZ (İMAL),300 g/l Ametoctradin + 225 g/l Dimethomorph,SC (Akıcı Konsantre/Süspansiyon Konsantre)
MASGARD SE (İMAL),"452,42 g/l 2,4-D 2-Ethylhexyl ester + 6,25 g/l Florasulam",SE (Suspo-Emülsiyon)
DİFCAN (İTHAL),500 g/l Diflufenican,SC (Akıcı Konsantre/Süspansiyon Konsantre)
ONESPOT 700 SC (İMAL),700 g/l Metamitron,SC (Akıcı Konsantre/Süspansiyon Konsantre)
NAPOLLY (İMAL),200 g/l Glufosinate-ammonium tuzu,SL (Suda Çözünen Konsantre)
PALUST (İMAL),%50 Triflusulfuron-methyl,WG (Suda Dağılabilen Granül)
CHORD (İTHAL),%50 Flonicamid,WG (Suda Dağılabilen Granül)
RADYANA 24 EC (İMAL),240 g/l Carfentrazone-ethyl,EC (Emülsiye Olabilen Konsantre)
RAINZONE (İTHAL),400 g/l Bentazone + 60 g/l MCPA,SL (Suda Çözünen Konsantre)
SOLFENCE OPTİ (İMAL),"312,5 g/l S-Metolachlor + 187,5 g/l Terbuthylazine",SC (Akıcı Konsantre/Süspansiyon Konsantre)
CABİRİS OD (İMAL),75 g/l Mesotrione + 30 g/l Nicosulfuron,OD (Yağda Dağılabilen)
LENA FRUITSET 20 WP (İMAL),%20 Metalik bakıra eşdeğer bordo bulamacı,WP (Bordo Bulamacı) (Islanabilir Toz)
ROYGUARD SC (İMAL),125 g/l Flutriafol,SC (Akıcı Konsantre/Süspansiyon Konsantre)
DOĞAL YAZLIK YAĞ (İMAL),700 g/l Mineral Yağ,"EW (Emülsiyon, Suda Yağ)"
TEZCAN YAZLIK YAĞ (İMAL),700 g/l Mineral Yağ,"EW (Emülsiyon, Suda Yağ)"
ARINGEN (İMAL),200 g/l Chlorantraniliprole,SC (Akıcı Konsantre/Süspansiyon Konsantre)
SOWİNA WP 70 (İMAL),%70 Metribuzin,WP (Islanabilir Toz)
ARBEAS (İMAL),%50 Flonicamid,WG (Suda Dağılabilen Granül)
WENDOL 400 EC (İMAL),400 g/l Fenamiphos,EC (Emülsiye Olabilen Konsantre)
MENDOZA 50 CS (İMAL),50 g/l Lambda-cyhalothrin,CS (Kapsül Süspansiyon)
PROSEC 45 EC (İMAL),450 g/l Prochloraz,EC (Emülsiye Olabilen Konsantre)
TİREUR (İMAL),60 g/l Tebuconazole,FS (Tohum İlaçlaması İçin Akıcı Konsantre)
PİRİMEDİ (İTHAL),400 g/l Pyrimethanil,SC (Akıcı Konsantre/Süspansiyon Konsantre)
KAMMURİ (İMAL),"26,5 g/l Pyraflufen ethyl",EC (Emülsiye Olabilen Konsantre)
ABG BİMBO 105 OD (İMAL),75 g/l Mesotrione + 30 g/l Nicosulfuron,OD (Yağda Dağılabilen)
BARRACK (İMAL),"480 g/l Bentazone + 22,4 g/l Imazamox",SL (Suda Çözünen Konsantre)
SANZELİA 50 WG (İMAL),%50 Trifloxystrobin,WG (Suda Dağılabilen Granül)
AGROSHIELD 20 SL (İMAL),20 g/l Gibberellic acid,SL (Suda Çözünen Konsantre)
EPOCH (İMAL),%50 Triflusulfuron-methyl,WG (Suda Dağılabilen Granül)
ROYTAGRAN 48 SL (İMAL),480 g/l Bentazone,SL (Suda Çözünen Konsantre)
CARSONA (İMAL),240 g/l Isoxaflutole +240 g/l Cyprosulfamide (safener),SC (Akıcı Konsantre/Süspansiyon Konsantre)
SALERNES EC (İMAL),50 g/l Deltamethrin,EC (Emülsiye Olabilen Konsantre)
MEFİEZ (İMAL),800 g/l Mineral Yağ,EC (Emülsiye Olabilen Konsantre)
NİCOKİNG (İTHAL),40 g/l Nicosulfuron,OD (Yağda Dağılabilen)
BOOMERANG FS 170 (İMAL),150 g/l Prothioconazole + 20 g/l Tebuconazole,FS (Tohum İlaçlaması İçin Akıcı Konsantre)
AGULIUS (İMAL),310 g/l Pyrimethanil + 95 g/l Trifloxystrobin,SC (Akıcı Konsantre/Süspansiyon Konsantre)
GRASİDİM (İTHAL),240 g/l Clethodim,EC (Emülsiye Olabilen Konsantre)
CLEVEROLE (İTHAL),200 g/l Chlorantraniliprole,SC (Akıcı Konsantre/Süspansiyon Konsantre)
HERBUS (İMAL),240 g/l Isoxaflutole +240 g/l Cyprosulfamide (safener),SC (Akıcı Konsantre/Süspansiyon Konsantre)
KAVURAN (İMAL),500 g/l İndaziflam,SC (Akıcı Konsantre/Süspansiyon Konsantre)
PUGNATOR SC 500 (İMAL),375 g/l Pyrimethanil +125 g/l Fluopyram,SC (Akıcı Konsantre/Süspansiyon Konsantre)
DUNKA (İMAL),375 g/l Pyrimethanil +125 g/l Fluopyram,SC (Akıcı Konsantre/Süspansiyon Konsantre)
DONNA (İMAL),375 g/l Phosphorous Acid (mono ve di-potasyum tuzları) + 125 g/L Dithianon,SC (Akıcı Konsantre/Süspansiyon Konsantre)
DIZOLE 250 EC (İTHAL),250 g/l Difenoconazole,EC (Emülsiye Olabilen Konsantre)
ABGMIRAL (İMAL),45 g/l Pinoxaden + 20 g/l Cloquintocet-mexyl (safener),EC (Emülsiye Olabilen Konsantre)
NARCAO 40 WG (İMAL),%40 Metalik bakıra eşdeğer bakır hidroksit,"WG ""Sadece bakırlı preparatlar"" (Suda Dağılabilen Granül)"
MANDUEL 20 WP (İMAL),%20 Metalik bakıra eşdeğer bordo bulamacı,WP (Bordo Bulamacı) (Islanabilir Toz)
LENA MASTER SC (İMAL),"65,82 g/l Metalik bakıra eşdeğer bakır sülfat",SC (Sadece bakırlı preparatlar) ( (Akıcı Konsantre/Süspansiyon Konsantre))
TOPENO 500 SC (İMAL),500 g/l Dodine,SC (Akıcı Konsantre/Süspansiyon Konsantre)
EFFECTOR 100 EW (İMAL),100 g/l Alpha-cypermethrin,"EW (Emülsiyon, Suda Yağ)"
THORAX (İTHAL),%50 Flonicamid,WG (Suda Dağılabilen Granül)
VAYAGER (İMAL),400 g/l Phosphorous Acid (mono ve di-potasyum tuzları),SL (Suda Çözünen Konsantre)
BOSMANG (İMAL),%35 Chlorantraniliprole,WG (Suda Dağılabilen Granül)
ROYCUR 25 WP (İMAL),%25 Tebuconazole,WP (Islanabilir Toz)
DUNEX (İTHAL),515 g/l Propamocarb-hydrochloride + 137 g/l Ametoctradin,SC (Akıcı Konsantre/Süspansiyon Konsantre)
MAPOYA (İMAL),679 g/l N-Decanol,EC (Emülsiye Olabilen Konsantre)
ROYAMİL WP (İMAL),%80 Fosetyl-Al,WP (Islanabilir Toz)
AGROBOSS (İMAL),125 g/l Azoxystrobin + 125 g/l Difenoconazole,SC (Akıcı Konsantre/Süspansiyon Konsantre)
CLODEEP (İMAL),200 g/l Azoxystrobin + 125 g/l Difenoconazole,SC (Akıcı Konsantre/Süspansiyon Konsantre)
BLUMİS OD (İTHAL),75 g/l Mesotrione + 30 g/l Nicosulfuron,OD (Yağda Dağılabilen)
NOVALECT (İMAL),300 g/l Aclonifen + 20 g/l İmazamox,SC (Akıcı Konsantre/Süspansiyon Konsantre)
ROYTUVA EC (İMAL),150 g/l Fluazifop-p-butyl,EC (Emülsiye Olabilen Konsantre)
RONNİE 65 EC (İMAL),650 g/l Malathion,EC (Emülsiye Olabilen Konsantre)
RABANNE 120 SC (İMAL),120 g/l Spinetoram,SC (Akıcı Konsantre/Süspansiyon Konsantre)
DORESSA 360 SC (İMAL),300 g/l Methoxyfenozide + 60 g/l Spinetoram,SC (Akıcı Konsantre/Süspansiyon Konsantre)
SERATİS WG (İMAL),"%3 Mesosulfuron-methyl + %0,6 Iodosulfuron-methyl sodium + %9 Mefenpeyr-diethyl (safener)",WG (Suda Dağılabilen Granül)
ROYTHİON EC (İMAL),650 g/l Malathion,EC (Emülsiye Olabilen Konsantre)
ORLİNA 120 SC (İMAL),120 g/l Spinetoram,SC (Akıcı Konsantre/Süspansiyon Konsantre)
AGROFARM FOXX EC 460 (İMAL),300 g/l Spiroxamine + 160 g/l Prothioconazole,EC (Emülsiye Olabilen Konsantre)
BOWFİN 800 SC (İMAL),800 g/l Kükürt,SC (Akıcı Konsantre/Süspansiyon Konsantre)
FALTEK (İMAL),%6 Metaldehyde,GB (Granül Yem)
MAUNA (İMAL),160 g/l Cyazofamid,SC (Akıcı Konsantre/Süspansiyon Konsantre)
METIKOLOS (İTHAL),300 g/l Fluazinam + 200 g/l Cymoxanil,SC (Akıcı Konsantre/Süspansiyon Konsantre)
SHİLA (İMAL),%50 Cyprodinil,WG (Suda Dağılabilen Granül)
AGROBEST SİMİLİS 80 EC (İMAL),800 g/l Prosulfocarb,EC (Emülsiye Olabilen Konsantre)
ONCAGEN 20 SC (İTHAL),200 g/l Chlorantraniliprole,SC (Akıcı Konsantre/Süspansiyon Konsantre)
KUNTENEX 600 (İMAL),600 g/l Aclonifen,SC (Akıcı Konsantre/Süspansiyon Konsantre)
BESTUBA 330 E (İMAL),330 g/l Pendimethalin,EC (Emülsiye Olabilen Konsantre)
INKAT WG 80 (İTHAL),%80 Fosetyl-Al,WG (Suda Dağılabilen Granül)
SUYATO (İMAL),218 g/l Tefuryltrione,SC (Akıcı Konsantre/Süspansiyon Konsantre)
FELİPELLO 441 SL (İMAL),441 g/l Glyphosate Potasyum Tuzu,SL (Suda Çözünen Konsantre)
XPEDIENT (İMAL),100 g/l Spirotetramat,SC (Akıcı Konsantre/Süspansiyon Konsantre)
AVENTURA 250 WG (İMAL),%25 Spinetoram,WG (Suda Dağılabilen Granül)
SUNCOPPER 50 WP (İMAL),%50 Metalik bakıra eşdeğer bakır oksiklorid,WP(Sadece bakırlı preparatlar) (Islanabilir toz)
ALLİGATOR (İMAL),100 g/l Cycloxydim,EC (Emülsiye Olabilen Konsantre)
MEBUTAL (İTHAL),%70 Metribuzin,WG (Suda Dağılabilen Granül)
KİNG'S FEAST 40 SG (İTHAL),%40 Gibberellic Acid,SG (Suda Çözünen Granül)
BİOPHEROPOİNT FRO (İTHAL),5 mg Neryl S-2-methylbutanoate + Mavi yapışkan tuzak,--- (-)
BİOPHEROPOİNT TUA (İTHAL),"1 mg (%95 E3, Z8, Z11-Tetradecatrienyl Acetate+% 5 E3, Z8-Tetradecatrienyl Acetate)",--- (-)
IPOMAN 20 SC (İMAL),200 g/l Chlorantraniliprole,SC (Akıcı Konsantre/Süspansiyon Konsantre)
NARINCI (İMAL),220 g/l Spirotetramat + 100 g/l Pyriproxyfen,SC (Akıcı Konsantre/Süspansiyon Konsantre)
INPLANNER (İMAL),"228,6 g/l Spiromesifen + 11,4 g/l Abamectin",SC (Akıcı Konsantre/Süspansiyon Konsantre)
NIPIGON 100 SC (İMAL),100 g/l Spirotetramat,SC (Akıcı Konsantre/Süspansiyon Konsantre)
RAZENGA 120 SC (İMAL),120 g/l Spinetoram,SC (Akıcı Konsantre/Süspansiyon Konsantre)
BUSTAC (İTHAL),240 g/l Methoxyfenozide,SC (Akıcı Konsantre/Süspansiyon Konsantre)
XANTEN 800 (İMAL),800 g/l Mineral Yağ,EC (Emülsiye Olabilen Konsantre)
MAGRIS (İTHAL),"0,0075 g Lambda cyhalothrin +%74,75 Ammonium acetate+%8,31 Trimethylamine hydrochloride+%0,33 1,4Diaminobutane+Tuzak",--- (-)
TOMBSTONE (İMAL),125 g/l Azoxystrobin + 125 g/l Difenoconazole,SC (Akıcı Konsantre/Süspansiyon Konsantre)
TEAMSPRAY (İTHAL),"452,42 g/l 2,4-D 2-Ethylhexyl ester + 6,25 g/l Florasulam",SE (Suspo-Emülsiyon)
VACCIPLANT (İTHAL),45 g/l Laminarin,SL (Suda Çözünen Konsantre)
SPİRTNEY (İTHAL),100 g/l Pyriproxyfen,EC (Emülsiye Olabilen Konsantre)
CRUZADO WG (İMAL),%50 Boscalid,WG (Suda Dağılabilen Granül)
ANTVON 25 EC (İMAL),25 g/l Deltamethrin,EC (Emülsiye Olabilen Konsantre)
HOEDUS (İMAL),"312,5 g/l S-Metolachlor + 187,5 g/l Terbuthylazine",SC (Akıcı Konsantre/Süspansiyon Konsantre)
ROYPLAN (İMAL),225 g/l Isoxaflutole + 90 g/l Thiencarbazone-methyl + 150 g/l Cyprosulfamide (safener),SC (Akıcı Konsantre/Süspansiyon Konsantre)
STARİCA (İMAL),480 g/l Mesotrione,SC (Akıcı Konsantre/Süspansiyon Konsantre)
ETERYUM SC 465 (İMAL),225 g/l Isoxaflutole + 90 g/l Thiencarbazone-methyl + 150 g/l Cyprosulfamide (safener),SC (Akıcı Konsantre/Süspansiyon Konsantre)
ATHUM 360 SC (İMAL),300 g/l Methoxyfenozide + 60 g/l Spinetoram,SC (Akıcı Konsantre/Süspansiyon Konsantre)
ROYHAN EC (İMAL),250 g/l Flurochloridone,EC (Emülsiye Olabilen Konsantre)
DİXİON (İMAL),40 g/l Imazamox,SL (Suda Çözünen Konsantre)
ABG WOODY (İMAL),%20 Tebufenpyrad,WP (Islanabilir Toz)
TAİTONA OD (İMAL),"37,5 g/l Mesotrione + 15 g/l Nicosulfuron",OD (Yağda Dağılabilen)
ABG STORR (İMAL),100 g/l Cycloxydim,EC (Emülsiye Olabilen Konsantre)
KOBLENZ 222 SC (İMAL),222 g/l Flubendiamide,SC (Akıcı Konsantre/Süspansiyon Konsantre)
EVEROLE (İTHAL),100 g/l Clopyralid,SL (Suda Çözünen Konsantre)
ANZO 35 DS (İMAL),%35 Metalaxyl,DS (Kuru Tohum İlacı)
RAGANA (İMAL),%80 Captan,WG (Suda Dağılabilen Granül)
HELİCOPP (İMAL),"65,82 g/l Metalik bakıra eşdeğer bakır sülfat",SC (Sadece bakırlı preparatlar) ( (Akıcı Konsantre/Süspansiyon Konsantre))
BUSHNELL (İMAL),300 g/l Cyprodinil,EC (Emülsiye Olabilen Konsantre)
TRENDEX (İMAL),360 g/l Hymexazole,SL (Suda Çözünen Konsantre)
MAK-BLUMIX BORDO (İMAL),%20 Metalik bakıra eşdeğer bordo bulamacı,WP (Bordo Bulamacı) (Islanabilir Toz)
CİLLER (İMAL),200 g/l Boscalid + 100 g/l Kresoxim-methyl,SC (Akıcı Konsantre/Süspansiyon Konsantre)
TSUMURA (İMAL),125 g/l Tefuryltrione + 120 g/l Oxaziclomefone + 60 g/l Penoxsulam,SC (Akıcı Konsantre/Süspansiyon Konsantre)
ONUDİS OD 66 (İTHAL),44 g/l Tembotrione + 22 g/l Isoxadifen-ethyl (safener),OD (Yağda Dağılabilen)
ABG TİSAN (İMAL),400 g/l Bentazone + 60 g/l MCPA,SL (Suda Çözünen Konsantre)
RIDOWN (İTHAL),480 g/l Glyphosate Isopropylamin Tuzu,SL (Suda Çözünen Konsantre)
KİMBLE WG 85 (İMAL),%85 Pyroxasulfone,WG (Suda Dağılabilen Granül)
SAFA MASTER (İMAL),"45 g/l Pinoxaden + 5 g/l Florasulam + 11,25 g/l Cloquintocet-mexyl (safener)",EC (Emülsiye Olabilen Konsantre)
ROYULUS 400 EW (İMAL),267 g/l Prochloraz + 133 g/l Tebuconazole,"EW (Emülsiyon, Suda Yağ)"
ROYSALM OD (İMAL),30 g/l Mesosulfuron methyl + 6 g/l Iodosulfuron-methyl-sodium + 90 g/l Mefenpyr diethyl (safener),OD (Yağda Dağılabilen)
FLUANTIN (İTHAL),"25,2 g/l Penoxsulam",OD (Yağda Dağılabilen)
ARDEAT (İMAL),%85 Pyroxasulfone,WG (Suda Dağılabilen Granül)
MORETTA OD (İMAL),30 g/l Mesosulfuron methyl + 6 g/l Iodosulfuron-methyl-sodium + 90 g/l Mefenpyr diethyl (safener),OD (Yağda Dağılabilen)
TACOMEN 66 OD (İMAL),44 g/l Tembotrione + 22 g/l Isoxadifen-ethyl (safener),OD (Yağda Dağılabilen)
KİNG'S GLORY (İTHAL),200 g/l Chlorantraniliprole,SC (Akıcı Konsantre/Süspansiyon Konsantre)
MINTAKA (İMAL),800 g/l Prosulfocarb + 80 g/l Metribuzin,EC (Emülsiye Olabilen Konsantre)
BOTRES (İMAL),45 g/l Pinoxaden + 20 g/l Cloquintocet-mexyl (safener),EC (Emülsiye Olabilen Konsantre)
GERARDO (İMAL),"12,5 g/l Fludioxonil + 5 g/l Metalaxyl",SC (Akıcı Konsantre/Süspansiyon Konsantre)
PATRONOGEN (İMAL),480 g/l Mesotrione,SC (Akıcı Konsantre/Süspansiyon Konsantre)
TRALOKS 20 WG (İMAL),%20 Flubendiamide,WG (Suda Dağılabilen Granül)
SAMSARA 40 OD (İMAL),40 g/l Nicosulfuron,OD (Yağda Dağılabilen)
ROY-X (İMAL),"480 g/l Bentazone + 22,4 g/l Imazamox",SL (Suda Çözünen Konsantre)
FULL LOAD (İMAL),"30 g/l Clodinafop-propargyl + 7,5 g/l Florasulam + 30 g/l Pinoxaden + 7,5 Cloquintocet-mexyl (Safener)",EC (Emülsiye Olabilen Konsantre)
SEPRAIN (İTHAL),240 g/l Spiromesifen,SC (Akıcı Konsantre/Süspansiyon Konsantre)
JANİSSARY 500 WG (İMAL),%50 Sulfoxaflor,WG (Suda Dağılabilen Granül)
REDMİX SC (İMAL),100 g/l Lambda-cyhalothrin + 100 g/l Lufenuron,SC (Akıcı Konsantre/Süspansiyon Konsantre)
DUCALE (İMAL),200 g/l Bromoxynil octanoate + 200 g/l MCPA,EC (Emülsiye Olabilen Konsantre)
PECTOWN (İTHAL),%75 Tribenuron-methyl,WG (Suda Dağılabilen Granül)
KUYOSH 120 OD (İMAL),30 g/l Mesosulfuron-methyl + 90 g/l Mefenpyr-diethyl (safener),OD (Yağda Dağılabilen)
STUARD 20 EC (İMAL),200 g/l Esfenvalerate,EC (Emülsiye Olabilen Konsantre)
DIMEAN (İTHAL),%25 Rimsulfuron,WG (Suda Dağılabilen Granül)
CLOGOLD (İMAL),200 g/l Esfenvalerate,EC (Emülsiye Olabilen Konsantre)
CANTONA (İMAL),"452,42 g/l 2,4-D 2-Ethylhexyl ester + 6,25 g/l Florasulam",SE (Suspo-Emülsiyon)
ZUMA (İMAL),%50 Cymoxanil,WP (Islanabilir Toz)
TAKCAPTAN 500 SC (İMAL),500 g/l Captan,SC (Akıcı Konsantre/Süspansiyon Konsantre)
MUNGAN (İMAL),%80 Captan,WG (Suda Dağılabilen Granül)
ORİENTALİA %5 EW (İMAL),"51,3 g/l Cyflufenamid","EW (Emülsiyon, Suda Yağ)"
ROLEN (İTHAL),240 g/l Oxyfluorfen,EC (Emülsiye Olabilen Konsantre)
PESTSENTRY EC (İMAL),18 g/l Abamectin,EC (Emülsiye Olabilen Konsantre)
PROTONE 20 SG (İTHAL),% 20 S-Absisik asit,SG (Suda Çözünen Granül)
IMMETAR (İTHAL),40 g/l Imazamox,SL (Suda Çözünen Konsantre)
CONDUCTOR 480 EC (İTHAL),480 g/l Clomazone,EC (Emülsiye Olabilen Konsantre)
BEETROOT (İMAL),25 g/l Fludioxonil + 10 g/l Metalaxyl-m,FS (Tohum İlaçlaması İçin Akıcı Konsantre)
MAKROCK (İMAL),200 g/l Acetamiprid,SL (Suda Çözünen Konsantre)
ODEGAARD SE (İMAL),"85 g/l Pyraclostrobin + 62,5 g/l Epoxiconazole",SE (Suspo-Emülsiyon)
ROYTACO SE (İMAL),270 g/l Terbuthylazine + 64 g/l Pendimethalin,SE (Suspo-Emülsiyon)
NOVAMEC 20 SC (İMAL),20 g/l Abamectin,SC (Akıcı Konsantre/Süspansiyon Konsantre)
CLOTOX (İMAL),%50 Captan,WP (Islanabilir Toz)
RUSTEND (İMAL),%50 Cymoxanil,WP (Islanabilir Toz)
FİLYOS (İMAL),"%37,5 Cyprodinil + %25 Fludioxonil",WG (Suda Dağılabilen Granül)
"STARELLA 116,2 EC (İMAL)","116,2 g/l Clethodim",EC (Emülsiye Olabilen Konsantre)
CARICE 240 EC (İMAL),240 g/l Clodinafop-propargyl + 60 g/l Cloquintocet-mexyl (safener),EC (Emülsiye Olabilen Konsantre)
OPİCON 25 SL (İMAL),25 g/l Imazamox,SL (Suda Çözünen Konsantre)
SONTAKIPP 61 WG (İMAL),%30 Foramsulfuron + %1 Iodosulfuron methyl-sodium + %30 Isoxadifen-ethyl (safener),WG (Suda Dağılabilen Granül)
FORIDE (İTHAL),250 g/l Flurochloridone,EC (Emülsiye Olabilen Konsantre)
WALTER 765 SC (İMAL),720 g/l Ethephon + 45 g/l Cyclanilide,SC (Akıcı Konsantre/Süspansiyon Konsantre)
LAFONTENCE OD (İMAL),30 g/l Mesosulfuron-methyl + 90 g/l Mefenpyr-diethyl (safener),OD (Yağda Dağılabilen)
POCERA 200 SL (İMAL),200 g/l Acetamiprid,SL (Suda Çözünen Konsantre)
TENEDOS (İMAL),240 g/l Metaflumizone,SC (Akıcı Konsantre/Süspansiyon Konsantre)
ROYAGMA OF 120 (İMAL),30 g/l Mesosulfuron-methyl + 90 g/l Mefenpyr-diethyl (safener),OD (Yağda Dağılabilen)
MAYUCA 320 SC (İMAL),200 g/l Tebuconazole + 120 g/l Azoxystrobin,SC (Akıcı Konsantre/Süspansiyon Konsantre)
MERINDO (İTHAL),"%3 Mesosulfuron-methyl + %0,6 Iodosulfuron-methyl sodium + %9 Mefenpeyr-diethyl (safener)",WG (Suda Dağılabilen Granül)
NODUTUS (İMAL),75 g/l Mesotrione + 30 g/l Nicosulfuron,OD (Yağda Dağılabilen)
LİNMORE (İMAL),800 g/l Mineral Yağ,EC (Emülsiye Olabilen Konsantre)
SUV-AGRİ 360 SC (İMAL),300 g/l Methoxyfenozide + 60 g/l Spinetoram,SC (Akıcı Konsantre/Süspansiyon Konsantre)
BUXOM 80 WP (İMAL),%80 Fosetyl-Al,WP (Islanabilir Toz)
LEBEDUS 50 EC (İMAL),500 g/l Pirimiphos methyl,EC (Emülsiye Olabilen Konsantre)
RETAMAR EC (İMAL),250 g/l Piperonly Butoxide + 25 g/l Deltamethrin,EC (Emülsiye Olabilen Konsantre)
ORKAN 500 SC (İMAL),500 g/l Diflufenican,SC (Akıcı Konsantre/Süspansiyon Konsantre)
OMANYTE 800 (İMAL),800 g/l Mineral Yağ,EC (Emülsiye Olabilen Konsantre)
OPRAH (İMAL),120 g/l Deltamethrin,EC (Emülsiye Olabilen Konsantre)
ROYMECH 50 EC (İMAL),50 g/l Lufenuron,EC (Emülsiye Olabilen Konsantre)
NEWDELECT (İMAL),"116,2 g/l Clethodim",EC (Emülsiye Olabilen Konsantre)
ACLOVAP (İTHAL),600 g/l Aclonifen,SC (Akıcı Konsantre/Süspansiyon Konsantre)
JUNKO 50 CS (İMAL),50 g/l Lambda-cyhalothrin,CS (Kapsül Süspansiyon)
SAFA STYLE (İMAL),300 g/l Pendimethalin + 60 g/l Flufenacet,EC (Emülsiye Olabilen Konsantre)
FLEXCIDE (İTHAL),150 g/l Fluazifop-p-butyl,EC (Emülsiye Olabilen Konsantre)
OKUSA (İTHAL),220 g/l Boscalid + 65 g/l Cyprodinil,SC (Akıcı Konsantre/Süspansiyon Konsantre)
DEFİLONE (İMAL),800 g/l Prosulfocarb,EC (Emülsiye Olabilen Konsantre)
GREEDY (İMAL),"452,42 g/l 2,4-D 2-Ethylhexyl ester + 6,25 g/l Florasulam",SE (Suspo-Emülsiyon)
ROYFİX 50 SL (İMAL),50 g/l Mepiquat Chloride,SL (Suda Çözünen Konsantre)
HASIL 20 WG (İMAL),%20 Flubendiamide,WG (Suda Dağılabilen Granül)
MERFLURD (İTHAL),30 g/l Mesosulfuron-methyl + 90 g/l Mefenpyr-diethyl (safener),OD (Yağda Dağılabilen)
HARMAN BORDO WP (İMAL),%20 Metalik bakıra eşdeğer bordo bulamacı,WP (Bordo Bulamacı) (Islanabilir Toz)
CLOGMA (İMAL),30 g/l Mesosulfuron-methyl + 90 g/l Mefenpyr-diethyl (safener),OD (Yağda Dağılabilen)
BOLAMAN (İMAL),240 g/l Spiromesifen,SC (Akıcı Konsantre/Süspansiyon Konsantre)
NEMATOZATE 900 EC (İMAL),900 g/l Fosthiazate,EC (Emülsiye Olabilen Konsantre)
ROYKUM 20 WP (İMAL),%20 Pyridaben,WP (Islanabilir Toz)
KASAVAKİ (İMAL),"228,6 g/l Spiromesifen + 11,4 g/l Abamectin",SC (Akıcı Konsantre/Süspansiyon Konsantre)
ENTOJEN (İMAL),200 g/l Chlorantraniliprole,SC (Akıcı Konsantre/Süspansiyon Konsantre)
STRADA (İMAL),45 g/l Pyroxsulam + 90 g/l Cloquintocet-mexyl (safener),OD (Yağda Dağılabilen)
TAPURA (İMAL),20 g/l Abamectin,SC (Akıcı Konsantre/Süspansiyon Konsantre)
TAKİMSAN ESTER'H (İMAL),"480 g/l 2,4-D asite eşdeğer Isooctylester",EC (Emülsiye Olabilen Konsantre)
GULET 108 EC (İMAL),108 g/l Haloxyfop-P-methyl ester,EC (Emülsiye Olabilen Konsantre)
TOMARİS (İMAL),"85 g/l Pyraclostrobin + 62,5 g/l Epoxiconazole",SE (Suspo-Emülsiyon)
HOORİ (İMAL),240 g/l Carfentrazone-ethyl,EC (Emülsiye Olabilen Konsantre)
REVİNAL (İMAL),240 g/l Carfentrazone-ethyl,EC (Emülsiye Olabilen Konsantre)
ROYZOX SC (İMAL),250 g/l Azoxystrobin,SC (Akıcı Konsantre/Süspansiyon Konsantre)
LANDEMİS SC 480 (İMAL),240 g/l Isoxaflutole +240 g/l Cyprosulfamide (safener),SC (Akıcı Konsantre/Süspansiyon Konsantre)
SILVZOLE (İTHAL),250 g/l Tebuconazole,EC (Emülsiye Olabilen Konsantre)
PUKE (İMAL),%50 Flonicamid,WG (Suda Dağılabilen Granül)
ROYVENTO (İMAL),100 g/l Spirotetramat,SC (Akıcı Konsantre/Süspansiyon Konsantre)
GENITOP 70 WP (İMAL),%70 Thiophanate-methyl,WP (Islanabilir Toz)
PICOCARB (İTHAL),"625 g/l Propamocarb-hydrochloride + 62,5 g/l Fluopicolide",SC (Akıcı Konsantre/Süspansiyon Konsantre)
FONT (İMAL),%50 Flonicamid,WG (Suda Dağılabilen Granül)
PRIAPUS (İMAL),%20 Pyridaben,WP (Islanabilir Toz)
CLORITA (İMAL),200 g/l Chlorantraniliprole,SC (Akıcı Konsantre/Süspansiyon Konsantre)
ABAMET 18 EC (İTHAL),18 g/l Abamectin,EC (Emülsiye Olabilen Konsantre)
KOKYTOS 720 (İMAL),720 g/l Ethephon,SL (Suda Çözünen Konsantre)
DİMİTSAL (İMAL),225 g/l Isoxaflutole + 90 g/l Thiencarbazone-methyl + 150 g/l Cyprosulfamide (safener),SC (Akıcı Konsantre/Süspansiyon Konsantre)
MOJAVE 1.8 EC (İMAL),18 g/l Abamectin,EC (Emülsiye Olabilen Konsantre)
SKYROBİN (İTHAL),250 g/l Azoxystrobin,SC (Akıcı Konsantre/Süspansiyon Konsantre)
VITMEDFLY (İTHAL),2 g Trimedlure + Delta tipi tuzak,--- (-)
NOLON 25 WP (İTHAL),%25 Tebuconazole,WP (Islanabilir Toz)
GENINT 50 WG (İMAL),%50 Trifloxystrobin,WG (Suda Dağılabilen Granül)
RUGANİL (İMAL),200 g/l Tebuconazole + 120 g/l Azoxystrobin,SC (Akıcı Konsantre/Süspansiyon Konsantre)
SFORZA (İTHAL),100 g/l Spirotetramat,SC (Akıcı Konsantre/Süspansiyon Konsantre)
ZALPUWA 250 SC (İMAL),250 g/l Mandipropamid,SC (Akıcı Konsantre/Süspansiyon Konsantre)
SİMBA (İMAL),400 g/l Cyazofamid,SC (Akıcı Konsantre/Süspansiyon Konsantre)
MORCAP 80 WG (İMAL),%80 Captan,WG (Suda Dağılabilen Granül)
ZAARAKOS 62.5 WG (İMAL),"%37,5 Cyprodinil + %25 Fludioxonil",WG (Suda Dağılabilen Granül)
PERFURE (İTHAL),500 g/l Imazalil,EC (Emülsiye Olabilen Konsantre)
GURNARD (İMAL),%70 Thiophanate-methyl,WP (Islanabilir Toz)
PANOL 722 SL (İTHAL),722 g/l Propamocarb-hydrochloride,SL (Suda Çözünen Konsantre)
MAVITROXI 361 SC (İTHAL),"361,1 g/l Metalik bakıra eşdeğer bakır hidroksit",SC (Sadece bakırlı preparatlar) ( (Akıcı Konsantre/Süspansiyon Konsantre))
STARLIGHT (İMAL),800 g/l Mineral Yağ,EC (Emülsiye Olabilen Konsantre)
OKTAV 405 SC (İMAL),310 g/l Pyrimethanil + 95 g/l Trifloxystrobin,SC (Akıcı Konsantre/Süspansiyon Konsantre)
CHONG 50 WG (İMAL),%50 Trifloxystrobin,WG (Suda Dağılabilen Granül)
LIONESS (İTHAL),180 g/l Metalik bakıra eşdeğer tribazik bakır sülfat + 120 g/l Metalik bakıra eşdeğer bakır hidroksit,SC (Sadece bakırlı preparatlar) ( (Akıcı Konsantre/Süspansiyon Konsantre))
PERLANTİS 45 EC (İMAL),45 g/l Pinoxaden + 20 g/l Cloquintocet-mexyl (safener),EC (Emülsiye Olabilen Konsantre)
ROYFURON OD (İMAL),75 g/l Mesotrione + 30 g/l Nicosulfuron,OD (Yağda Dağılabilen)
FROLLO (İMAL),100 g/l Pyriproxyfen,EC (Emülsiye Olabilen Konsantre)
LEUKE (İMAL),"51,4 g/l Metalik Bakıra eşdeğer Yağ ve Rosin Asitlerinin Bakır Tuzları",EC (Emülsiye Olabilen Konsantre)
CUPRA CARE 50 WP (İMAL),%50 Metalik bakıra eşdeğer bakır oksiklorid,WP(Sadece bakırlı preparatlar) (Islanabilir toz)
NEKTEC (İTHAL),"7,8 g Amonyum asetat + 1,04 g Trimethylamine hydrochloride + 0,034 g Kadaverin (1,5-diaminopentane)+0,015 g Deltamethrin+ Tuzak",--- (-)
RABİLOX 800 (İMAL),800 g/l Mineral Yağ,EC (Emülsiye Olabilen Konsantre)
FRSKARAOK (İMAL),75 g/l Mesotrione + 30 g/l Nicosulfuron,OD (Yağda Dağılabilen)
ACS WEEDEND (İMAL),"69 g/l Fenoxaprop-p-ethyl + 34,5 g/l Cloquintocet-mexyl (safener)","EW (Emülsiyon, Suda Yağ)"
LIEGE (İMAL),%35 Chlorantraniliprole,WG (Suda Dağılabilen Granül)
GURSO 50 WG (İMAL),%50 Flonicamid,WG (Suda Dağılabilen Granül)
HAVOC (İTHAL),240 g/l Clethodim,EC (Emülsiye Olabilen Konsantre)
LAST GİBB 20 SL (İMAL),20 g/l Gibberellic acid,SL (Suda Çözünen Konsantre)
EFDAL ATRAK (İMAL),%50 Dicamba + %25 Tritosulfuron,WG (Suda Dağılabilen Granül)
DELGADO SE (İMAL),"452,42 g/l 2,4-D 2-Ethylhexyl ester + 6,25 g/l Florasulam",SE (Suspo-Emülsiyon)
LENTUT 70 WG (İMAL),%70 Dithianon,WG (Suda Dağılabilen Granül)
FASTCUT 85 WG (İMAL),"%7,08 Pyroxsulam + %1,42 Florasulam + %7,08 Cloquintocet-mexyl (safener)",WG (Suda Dağılabilen Granül)
ASTRİM 48 EC (İMAL),480 g/l Clomazone,EC (Emülsiye Olabilen Konsantre)
JADA (İMAL),100 g/l Alpha-cypermethrin,EC (Emülsiye Olabilen Konsantre)
WATTAN (İMAL),%12 Dithianon + %4 Pyraclostrobin,WG (Suda Dağılabilen Granül)
VİT TYP (İTHAL),"4120 mg Methylbutenol+2,5 mg Ipsdienol+200 mg Cis-Verbenol+Kanada tipi üç hunili tuzak",--- (-)
CUMOX 500 SC (İMAL),375 g/l Pyrimethanil +125 g/l Fluopyram,SC (Akıcı Konsantre/Süspansiyon Konsantre)
JARVIS 85 WG (İMAL),"%7,08 Pyroxsulam + %1,42 Florasulam + %7,08 Cloquintocet-mexyl (safener)",WG (Suda Dağılabilen Granül)
GEFORMT EC 880 (İMAL),800 g/l Prosulfocarb + 80 g/l Metribuzin,EC (Emülsiye Olabilen Konsantre)
TRANSOL SC (İMAL),"361,1 g/l Metalik bakıra eşdeğer bakır hidroksit",SC (Sadece bakırlı preparatlar) ( (Akıcı Konsantre/Süspansiyon Konsantre))
KASETTİN (İMAL),250 g/l Azoxystrobin,SC (Akıcı Konsantre/Süspansiyon Konsantre)
NIDELVA 250 SC (İMAL),125 g/l Azoxystrobin + 125 g/l Difenoconazole,SC (Akıcı Konsantre/Süspansiyon Konsantre)
CNIFE (İMAL),"75 g/l Azoxystrobin + 37,5 g/l Metalaxyl-m + 12,5 g/l Fludioxonil",FS (Tohum İlaçlaması İçin Akıcı Konsantre)
ŞAMAS (İMAL),200 g/l Fluopyram + 200 g/l Tebuconazole,SC (Akıcı Konsantre/Süspansiyon Konsantre)
CAVİNALİ (İMAL),400 g/l Cyazofamid,SC (Akıcı Konsantre/Süspansiyon Konsantre)
DEGMENTE (İMAL),%35 Metalaxyl,DS (Kuru Tohum İlacı)
NOCERINO (İMAL),"%30 Cymoxanil + %22,5 Famoxadone",WG (Suda Dağılabilen Granül)
"ALONSİS 2,5 EC (İTHAL)",25 g/l Deltamethrin,EC (Emülsiye Olabilen Konsantre)
WISDOM 250 EC (İTHAL),250 g/l Pyraclostrobin,EC (Emülsiye Olabilen Konsantre)
BLADE SC 500 (İMAL),500 g/l İndaziflam,SC (Akıcı Konsantre/Süspansiyon Konsantre)
NOCETA WG (İMAL),"%26,7 Boscalid + %6,7 Pyraclostrobin",WG (Suda Dağılabilen Granül)
BURNLEY (İMAL),136 g/l Metalik bakıra eşdeğer bakır hidroksit + 136 g/l Metalik bakıra eşdeğer bakır oksiklorid,SC (Sadece bakırlı preparatlar) ( (Akıcı Konsantre/Süspansiyon Konsantre))
NİLİPEC (İMAL),%14 Metalik bakıra eşdeğer bakır hidroksit + %14 Metalik bakıra eşdeğer bakır oksiklorid,"WG ""Sadece bakırlı preparatlar"" (Suda Dağılabilen Granül)"
TRAMPET 5 EW (İMAL),"51,3 g/l Cyflufenamid","EW (Emülsiyon, Suda Yağ)"
RICKY EW (İMAL),"51,3 g/l Cyflufenamid","EW (Emülsiyon, Suda Yağ)"
RIVALDO 500 SC (İMAL),500 g/l Metrafenone,SC (Akıcı Konsantre/Süspansiyon Konsantre)
PUKKA 500 SC (İMAL),500 g/l Metrafenone,SC (Akıcı Konsantre/Süspansiyon Konsantre)
SHOGUN 700 SC (İMAL),700 g/l Kükürt,SC (Akıcı Konsantre/Süspansiyon Konsantre)
ZONTO 10 SC (İMAL),100 g/l Spirotetramat,SC (Akıcı Konsantre/Süspansiyon Konsantre)
AZKER (İMAL),44 g/l Tembotrione + 22 g/l Isoxadifen-ethyl (safener),OD (Yağda Dağılabilen)
"FULLFILL 687,5 SC (İMAL)","625 g/l Propamocarb-hydrochloride + 62,5 g/l Fluopicolide",SC (Akıcı Konsantre/Süspansiyon Konsantre)
FRSJUNO (İMAL),450 g/l Prochloraz,EC (Emülsiye Olabilen Konsantre)
LAMPE (İMAL),100 g/l Tetraconazole,EC (Emülsiye Olabilen Konsantre)
MENTA MASTER PRO (İMAL),267 g/l Prochloraz + 133 g/l Tebuconazole,"EW (Emülsiyon, Suda Yağ)"
NAYROBİ (İMAL),%25 Thiophanate-methyl + %15 Etridiazole,WP (Islanabilir Toz)
VALFENE 400 EW (İMAL),267 g/l Prochloraz + 133 g/l Tebuconazole,"EW (Emülsiyon, Suda Yağ)"
IMADAX (İMAL),500 g/l İndaziflam,SC (Akıcı Konsantre/Süspansiyon Konsantre)
FUNARIUM (İMAL),500 g/l Fluometuron,SC (Akıcı Konsantre/Süspansiyon Konsantre)
ALTUVA (İMAL),%60 Diflufenican + %6 Metsulfuron-methyl,WG (Suda Dağılabilen Granül)
BONFİRE WP (İMAL),"%22,5 Metalik bakıra eşdeğer bordo bulamacı + %3 Cymoxanil",WP(Sadece bakırlı preparatlar) (Islanabilir toz)
PESARO 80 WG (İTHAL),%80 Kükürt,WG (Suda Dağılabilen Granül)
CUPRAZZA 700 SC (İMAL),700 g/l Metalik bakıra eşdeğer bakır oksiklorid,SC (Sadece bakırlı preparatlar) ( (Akıcı Konsantre/Süspansiyon Konsantre))
MEPEAK (İTHAL),%55 Metiram + %5 Pyraclostrobin,WG (Suda Dağılabilen Granül)
LEGNU 320 SC (İMAL),200 g/l Tebuconazole + 120 g/l Azoxystrobin,SC (Akıcı Konsantre/Süspansiyon Konsantre)
GENADRIS 25 SC (İMAL),250 g/l Azoxystrobin,SC (Akıcı Konsantre/Süspansiyon Konsantre)
HAMERON WG (İMAL),%75 Sulfosulfuron + %5 Metsulfuron-methyl,WG (Suda Dağılabilen Granül)
LAUSENOL 30 SC (İMAL),300 g/l Pyrimethanil,SC (Akıcı Konsantre/Süspansiyon Konsantre)
TAKONHOL 320 SC (İMAL),200 g/l Tebuconazole + 120 g/l Azoxystrobin,SC (Akıcı Konsantre/Süspansiyon Konsantre)
ALETA (İMAL),%50 Flonicamid,WG (Suda Dağılabilen Granül)
NIASOS 20 SP (İMAL),%20 Acetamiprid,SP (Suda Çözünen Toz)
BRACKET (İMAL),124 g/l Metalik bakıra eşdeğer bordo bulamacı,SC (Sadece bakırlı preparatlar) ( (Akıcı Konsantre/Süspansiyon Konsantre))
FRSCIDA (İMAL),200 g/l Tebuconazole + 120 g/l Azoxystrobin,SC (Akıcı Konsantre/Süspansiyon Konsantre)
RAXOR (İMAL),"24 g/l Spinosad + 1,8 g/l Abamectin",OD (Yağda Dağılabilen)
TAPIWA (İMAL),124 g/l Kresoxim-methyl + 83 g/l Tetraconazole,SE (Suspo-Emülsiyon)
TEFNUT (İMAL),"%30 Cymoxanil + %22,5 Famoxadone",WG (Suda Dağılabilen Granül)
MUTUAL (İMAL),%50 Flonicamid,WG (Suda Dağılabilen Granül)
NARILON 240 SC (İMAL),240 g/l Isoxaflutole +240 g/l Cyprosulfamide (safener),SC (Akıcı Konsantre/Süspansiyon Konsantre)
DİPLOMAT OD 66 (İMAL),44 g/l Tembotrione + 22 g/l Isoxadifen-ethyl (safener),OD (Yağda Dağılabilen)
CHENGEL 600 SC (İMAL),600 g/l Aclonifen,SC (Akıcı Konsantre/Süspansiyon Konsantre)
FLUTHAC 222 SC (İMAL),222 g/l Flubendiamide,SC (Akıcı Konsantre/Süspansiyon Konsantre)
VİNGARDOL 20 WP (İMAL),%20 Pyridaben,WP (Islanabilir Toz)
SUTALO 325 SC (İMAL),200 g/l Azoxystrobin + 125 g/l Difenoconazole,SC (Akıcı Konsantre/Süspansiyon Konsantre)
PİNOCCHİO (İMAL),%50 Pirimicarb,WG (Suda Dağılabilen Granül)
MASNAMEN WP (İTHAL),%20 Pyridaben,WP (Islanabilir Toz)
VINDICTA 240 SC (İMAL),240 g/l Isoxaflutole +240 g/l Cyprosulfamide (safener),SC (Akıcı Konsantre/Süspansiyon Konsantre)
BARGE 61 WG (İMAL),%30 Foramsulfuron + %1 Iodosulfuron methyl-sodium + %30 Isoxadifen-ethyl (safener),WG (Suda Dağılabilen Granül)
ROYBOSS 20 SC (İMAL),200 g/l Chlorantraniliprole,SC (Akıcı Konsantre/Süspansiyon Konsantre)
JEON 150 EC (İMAL),150 g/l Fosthiazate,EC (Emülsiye Olabilen Konsantre)
MAKNEEM SC (İMAL),240 g/l Spiromesifen,SC (Akıcı Konsantre/Süspansiyon Konsantre)
SPIDER 20 WP (İMAL),%20 Pyridaben,WP (Islanabilir Toz)
MADLY (İMAL),"75 g/l Azoxystrobin + 37,5 g/l Metalaxyl-m + 12,5 g/l Fludioxonil",FS (Tohum İlaçlaması İçin Akıcı Konsantre)
HEK-LINE 20 SC (İMAL),20 g/l Abamectin,SC (Akıcı Konsantre/Süspansiyon Konsantre)
RAPCOOL 050 FS (İMAL),30 g/l Tebuconazole + 20 g/l Metalaxyl-m,FS (Tohum İlaçlaması İçin Akıcı Konsantre)
NEPİT (İMAL),%12 Dithianon + %4 Pyraclostrobin,WG (Suda Dağılabilen Granül)
NEVADO 75 WG (İMAL),%50 Tebuconazole + %25 Trifloxystrobin,WG (Suda Dağılabilen Granül)
PICATRIX (İTHAL),110 g/l Etoxazole,SC (Akıcı Konsantre/Süspansiyon Konsantre)
SUNORIM (İMAL),200 g/l Esfenvalerate,EC (Emülsiye Olabilen Konsantre)
PENTAN (İMAL),150 g/l Penoxsulam + 75 g/l Florasulam,SC (Akıcı Konsantre/Süspansiyon Konsantre)
KERION 10 EC (İMAL),100 g/l Tetraconazole,EC (Emülsiye Olabilen Konsantre)
ROYTAZONE 320 SC (İMAL),200 g/l Tebuconazole + 120 g/l Azoxystrobin,SC (Akıcı Konsantre/Süspansiyon Konsantre)
FİGARO 50 EC (İMAL),500 g/l Pirimiphos methyl,EC (Emülsiye Olabilen Konsantre)
AXALOT 10 EC (İMAL),100 g/l Tetraconazole,EC (Emülsiye Olabilen Konsantre)
BİLBAO (İMAL),375 g/l Fluazinam + 150 g/l Azoxystrobin,SC (Akıcı Konsantre/Süspansiyon Konsantre)
DERDEST 50 SP (İMAL),%50 Formetanate hydrochloride,SP (Suda Çözünen Toz)
EXPELER (İTHAL),110 g/l Etoxazole,SC (Akıcı Konsantre/Süspansiyon Konsantre)
OSO (İMAL),342 g/l Oxaziclomefone,SC (Akıcı Konsantre/Süspansiyon Konsantre)
PİL-SPEED (İMAL),100 g/l Spirotetramat,SC (Akıcı Konsantre/Süspansiyon Konsantre)
EQUAL-PRO (İMAL),"%30 Cymoxanil + %22,5 Famoxadone",WG (Suda Dağılabilen Granül)
ABUSGAL (İMAL),500 g/l Imazalil,EC (Emülsiye Olabilen Konsantre)
VİOLENCEE 500 SC (İMAL),500 g/l Metrafenone,SC (Akıcı Konsantre/Süspansiyon Konsantre)
MİDGARD (İMAL),350 g/l Meptyldinocap,EC (Emülsiye Olabilen Konsantre)
FRSSPUTNIC (İMAL),300 g/l Spiroxamine + 160 g/l Prothioconazole,EC (Emülsiye Olabilen Konsantre)
FLAOS (İMAL),%76 Ziram,WG (Suda Dağılabilen Granül)
LİBERAL OD 66 (İMAL),44 g/l Tembotrione + 22 g/l Isoxadifen-ethyl (safener),OD (Yağda Dağılabilen)
KUITO 125 FS (İMAL),"75 g/l Azoxystrobin + 37,5 g/l Metalaxyl-m + 12,5 g/l Fludioxonil",FS (Tohum İlaçlaması İçin Akıcı Konsantre)
SYNASTRY (İMAL),"75 g/l Azoxystrobin + 37,5 g/l Metalaxyl-m + 12,5 g/l Fludioxonil",FS (Tohum İlaçlaması İçin Akıcı Konsantre)
FORLEPS 400 (İMAL),400 g/l Phosphorous Acid (mono ve di-potasyum tuzları),SL (Suda Çözünen Konsantre)
POINTRON SC (İMAL),"228,6 g/l Spiromesifen + 11,4 g/l Abamectin",SC (Akıcı Konsantre/Süspansiyon Konsantre)
PRONG (İMAL),150 g/L Prochloraz+ 42 g/L Prothioconazole,EC (Emülsiye Olabilen Konsantre)
MERİLİNE (İMAL),%10 Acetamiprid + %3 Lambda-cyhalothrin,WG (Suda Dağılabilen Granül)
SAFA PLANCK (İMAL),%10 Acetamiprid + %3 Lambda-cyhalothrin,WG (Suda Dağılabilen Granül)
BİELSON (İMAL),375 g/l Pyrimethanil +125 g/l Fluopyram,SC (Akıcı Konsantre/Süspansiyon Konsantre)
VALERIO SE (İMAL),233 g/l Thiophanate-methyl + 70 g/l Tetraconazole,SE (Suspo-Emülsiyon)
MELODİM (İMAL),"116,2 g/l Clethodim",EC (Emülsiye Olabilen Konsantre)
SAVARİA (İTHAL),450 g/l Pendimethalin,CS (Kapsül Süspansiyon)
YUCCA (İMAL),100 g/l Clopyralid,SL (Suda Çözünen Konsantre)
LADEX (İMAL),20 g/L Lambda-cyhalothrin + 5 g/L Emamectin Benzoate,OD (Yağda Dağılabilen)
PORIRUA (İMAL),60 g/l Carfentrazone-ethyl,ME (Mikro-Emülsiyon)
VİT HALİS (İTHAL),"100 mg Murgantiol+80 mg Methyl-E,E,Z-2,4,6 -decatrienoate",--- (-)
POEM (İMAL),25 g/l Fludioxonil + 10 g/l Metalaxyl-m,FS (Tohum İlaçlaması İçin Akıcı Konsantre)
CHELTRICK (İMAL),150 g/l Quinclorac + 60 g/l Clomazone,OD (Yağda Dağılabilen)
MESONE 240 EW (İMAL),240 g/l Tau-fluvalinate,"EW (Emülsiyon, Suda Yağ)"
CORİANA 720 SL (İMAL),720 g/l Ethephon,SL (Suda Çözünen Konsantre)
EFDAL TAKES (İMAL),"%28 Metamitron + %6,5 Phenmedipham + %6,5 Ethofumesate",WG (Suda Dağılabilen Granül)
TANUSELLA (İTHAL),400 g/l Kükürt + 15 g/l Penconazole,SC (Akıcı Konsantre/Süspansiyon Konsantre)
MONAST 300 EC (İMAL),300 g/l Cyprodinil,EC (Emülsiye Olabilen Konsantre)
STELLUM 400 SC (İMAL),400 g/l Fluopyram,SC (Akıcı Konsantre/Süspansiyon Konsantre)
PENAT (İMAL),500 g/l Metrafenone,SC (Akıcı Konsantre/Süspansiyon Konsantre)
GERONİMO OD 66 (İMAL),44 g/l Tembotrione + 22 g/l Isoxadifen-ethyl (safener),OD (Yağda Dağılabilen)
BOOKER 400 SC (İMAL),400 g/l Fluopyram,SC (Akıcı Konsantre/Süspansiyon Konsantre)
LUNAREX FS 170 (İMAL),150 g/l Prothioconazole + 20 g/l Tebuconazole,FS (Tohum İlaçlaması İçin Akıcı Konsantre)
ONSUVAR (İMAL),200 g/l Chlorantraniliprole,SC (Akıcı Konsantre/Süspansiyon Konsantre)
EFDAL WAR (İMAL),"100 g/l Cyhalofop-butyl + 13,3 g/l Penoxsulam",OD (Yağda Dağılabilen)
MANZİN 35 FS (İMAL),25 g/l Fludioxonil + 10 g/l Metalaxyl-m,FS (Tohum İlaçlaması İçin Akıcı Konsantre)
ZWEİG (İMAL),270 g/l Terbuthylazine + 64 g/l Pendimethalin,SE (Suspo-Emülsiyon)
TROİS-P (İMAL),270 g/l Terbuthylazine + 64 g/l Pendimethalin,SE (Suspo-Emülsiyon)
FALACER 25 WP (İMAL),%25 Tebuconazole,WP (Islanabilir Toz)
CYMAZER 400 EW (İMAL),267 g/l Prochloraz + 133 g/l Tebuconazole,"EW (Emülsiyon, Suda Yağ)"
TOPWHİT (İMAL),150 g/l Prochloraz + 42 g/l Epoxiconazole,DC (Disperse Olabilen Konsantre)
BEMOL (İMAL),"%25,2 Boscalid + %12,8 Pyraclostrobin",WG (Suda Dağılabilen Granül)
"ENDROAD 687,5 SC (İMAL)","625 g/l Propamocarb-hydrochloride + 62,5 g/l Fluopicolide",SC (Akıcı Konsantre/Süspansiyon Konsantre)
EFDAL BORDO SC (İMAL),124 g/l Metalik bakıra eşdeğer bordo bulamacı,SC (Sadece bakırlı preparatlar) ( (Akıcı Konsantre/Süspansiyon Konsantre))
TOTALEX 24 EC (İMAL),240 g/l Carfentrazone-ethyl,EC (Emülsiye Olabilen Konsantre)
LACTUNA 100 (İMAL),100 g/l Clopyralid,SL (Suda Çözünen Konsantre)
ASTRAKON 263 SC (İMAL),175 g/l Prothioconazole + 88 g/l Trifloxystrobin,SC (Akıcı Konsantre/Süspansiyon Konsantre)
TONDELA SC (İMAL),310 g/l Thiophanate-methyl + 187 g/l Epoxiconazole,SC (Akıcı Konsantre/Süspansiyon Konsantre)
FATCAT (İMAL),"116,2 g/l Clethodim",EC (Emülsiye Olabilen Konsantre)
CORTESİA 240 EC (İMAL),240 g/l Oxyfluorfen,EC (Emülsiye Olabilen Konsantre)
SPİFEZİN (İTHAL),200 g/l Azoxystrobin + 125 g/l Difenoconazole,SC (Akıcı Konsantre/Süspansiyon Konsantre)
FRS RUGER (İMAL),"51,3 g/l Cyflufenamid","EW (Emülsiyon, Suda Yağ)"
ORTOVERO 800 SC (İMAL),800 g/l Kükürt,SC (Akıcı Konsantre/Süspansiyon Konsantre)
CALABRO 460 EC (İMAL),300 g/l Spiroxamine + 160 g/l Prothioconazole,EC (Emülsiye Olabilen Konsantre)
ESTİVAL SC 400 (İMAL),400 g/l Fluopyram,SC (Akıcı Konsantre/Süspansiyon Konsantre)
SILVERGRID (İMAL),270 g/l Terbuthylazine + 64 g/l Pendimethalin,SE (Suspo-Emülsiyon)
VEFCOVER SC (İMAL),200 g/l Chlorantraniliprole,SC (Akıcı Konsantre/Süspansiyon Konsantre)
LUTTE (İMAL),250 g/l Fluopyram+ 250 g/l Trifloxystrobin,SC (Akıcı Konsantre/Süspansiyon Konsantre)
EFDAL DELMAC FS (İMAL),"75 g/l Azoxystrobin + 37,5 g/l Metalaxyl-m + 12,5 g/l Fludioxonil",FS (Tohum İlaçlaması İçin Akıcı Konsantre)
FREEDOM (İMAL),296 g/l Azoxystrobin + 218 g/l Flutriafol,SC (Akıcı Konsantre/Süspansiyon Konsantre)
SPEDMAN (İMAL),400 g/l Cyazofamid,SC (Akıcı Konsantre/Süspansiyon Konsantre)
PALATİNE XL 350 ES (İMAL),350 g/l Metalaxyl-m,ES (Emülsiyon Tohum İlacı)
SAFRİNA (İMAL),%50 Flonicamid,WG (Suda Dağılabilen Granül)
NERETVA 50 WG (İMAL),%50 Cyprodinil,WG (Suda Dağılabilen Granül)
OFELYA 525 SC (İMAL),375 g/l Fluazinam + 150 g/l Azoxystrobin,SC (Akıcı Konsantre/Süspansiyon Konsantre)
DİMİLİN 25 WP (İMAL),%25 Diflubenzuron,WP (Islanabilir Toz)
IMACULATE 300 EC (İTHAL),300 g/l Imazalil,EC (Emülsiye Olabilen Konsantre)
LIBERTA (İMAL),150 g/l Cyprodinil + 100 g/l Fludioxonil,SC (Akıcı Konsantre/Süspansiyon Konsantre)
BUSSO 5 EC (İMAL),50 g/l Hexythiazox,EC (Emülsiye Olabilen Konsantre)
EFDAL GREAT SC (İMAL),136 g/l Metalik bakıra eşdeğer bakır hidroksit + 136 g/l Metalik bakıra eşdeğer bakır oksiklorid,SC (Sadece bakırlı preparatlar) ( (Akıcı Konsantre/Süspansiyon Konsantre))
TEMUCO 330 EC (İMAL),330 g/l Pendimethalin,EC (Emülsiye Olabilen Konsantre)
METADEX 6 (İMAL),%6 Metaldehyde,GB (Granül Yem)
PEİDRA 240 SC (İMAL),240 g/l Spinosad,SC (Akıcı Konsantre/Süspansiyon Konsantre)
SANVİTO (İMAL),"625 g/l Propamocarb-hydrochloride + 62,5 g/l Fluopicolide",SC (Akıcı Konsantre/Süspansiyon Konsantre)
EMEXİM FS (İTHAL),25 g/l Fludioxonil + 10 g/l Metalaxyl-m,FS (Tohum İlaçlaması İçin Akıcı Konsantre)
SECTOJEN 20 SC (İMAL),200 g/l Chlorantraniliprole,SC (Akıcı Konsantre/Süspansiyon Konsantre)
HUBLE SC (İMAL),250 g/l Glyphosate asite eşdeğer Glyphosate Isopropylamin Tuzu + 40 g/l Diflufenican,SC (Akıcı Konsantre/Süspansiyon Konsantre)
PAITA (İMAL),175 g/l Prothioconazole + 88 g/l Trifloxystrobin,SC (Akıcı Konsantre/Süspansiyon Konsantre)
HAYALET (İMAL),240 g/l Carfentrazone-ethyl,EC (Emülsiye Olabilen Konsantre)
BARKIN 10 SL (İMAL),10 g/l Gibberellin A4/A7,SL (Suda Çözünen Konsantre)
TİBESTİ (İMAL),"452,42 g/l 2,4-D 2-Ethylhexyl ester + 6,25 g/l Florasulam",SE (Suspo-Emülsiyon)
AGROFARM PRIZMA (İMAL),200 g/l Diquat dibromide,SL (Suda Çözünen Konsantre)
ROVELLS (İMAL),"%25,2 Boscalid + %12,8 Pyraclostrobin",WG (Suda Dağılabilen Granül)
"KARDELTA 2,5 EC (İMAL)",25 g/l Deltamethrin,EC (Emülsiye Olabilen Konsantre)
RAVEN 500 SC (İMAL),250 g/l Dithianon + 250 g/l Pyrimethanil,SC (Akıcı Konsantre/Süspansiyon Konsantre)
KAMPOS 80 WP (İMAL),%80 Fosetyl-Al,WP (Islanabilir Toz)
BOLLENTE (İMAL),25 g/l Fludioxonil + 10 g/l Metalaxyl-m,FS (Tohum İlaçlaması İçin Akıcı Konsantre)
HARKOLİN (İMAL),650 g/l Malathion,EC (Emülsiye Olabilen Konsantre)
FLASHPOİNT WG 50 (İMAL),%50 Trifloxystrobin,WG (Suda Dağılabilen Granül)
KILLHERB 330 EC (İMAL),330 g/l Pendimethalin,EC (Emülsiye Olabilen Konsantre)
HODOR EC 460 (İMAL),300 g/l Spiroxamine + 160 g/l Prothioconazole,EC (Emülsiye Olabilen Konsantre)
ER-TUTER (İTHAL),"0,76 mg E3-Z8-Z11 Tetradecatrien-1-yl acetate + 0,04 mg E3-Z8 Tetradecadien-1-yl acetate+Su Tuzağı",--- (-)
IQ TU-TEX (İTHAL),"0,238 mg E3-Z8-Z11 Tetradecatrien-1-yl acetate + 0,012 mg E3-Z8 Tetradecadien-1-yl acetate+Su Tuzağı",--- (-)
ORİENTE (İMAL),85 g/l Pyroxasulfone,OD (Yağda Dağılabilen)
ROOT MASTER (İMAL),"%0,52 1-naphthylacetic acid (NAA) + %0,51 4-indol-3-ylbutyric acid (IBA)",WP (Islanabilir Toz)
EFDAL PERFİM 75 WG (İMAL),"%7,5 Pyroxsulam + %7,5 Cloquintocet-mexyl (safener)",WG (Suda Dağılabilen Granül)
FLUMYZIN 50 WG (İTHAL),%50 Flumioxazin,WG (Suda Dağılabilen Granül)
FRAGMAN 300 EC (İMAL),300 g/l Cyprodinil,EC (Emülsiye Olabilen Konsantre)
PENTHİUM DF (İMAL),%70 Metiram,DF (Kuru Akışkan)
MAİRA (İMAL),30 g/l Mesosulfuron methyl + 6 g/l Iodosulfuron-methyl-sodium + 90 g/l Mefenpyr diethyl (safener),OD (Yağda Dağılabilen)
PROTADİS 225 EC (İTHAL),150 g/l Prothioconazole + 75 g/l Fluxapyroxad,EC (Emülsiye Olabilen Konsantre)
ZIPCIK (İMAL),"361,1 g/l Metalik bakıra eşdeğer bakır hidroksit",SC (Sadece bakırlı preparatlar) ( (Akıcı Konsantre/Süspansiyon Konsantre))
RHANİS 65 EM (İMAL),650 g/l Malathion,EC (Emülsiye Olabilen Konsantre)
İNFAAL (İMAL),125 g/l Azoxystrobin + 125 g/l Difenoconazole,SC (Akıcı Konsantre/Süspansiyon Konsantre)
SATRE 800 SC (İMAL),800 g/l Kükürt,SC (Akıcı Konsantre/Süspansiyon Konsantre)
HECUBA (İMAL),18 g/l Abamectin,EC (Emülsiye Olabilen Konsantre)
HAGRID 50 SC (İMAL),50 g/l Abamectin,SC (Akıcı Konsantre/Süspansiyon Konsantre)
CLAYMORE (İMAL),"116,2 g/l Clethodim",EC (Emülsiye Olabilen Konsantre)
ARROGANT 50 EC (İMAL),50 g/l Hexythiazox,EC (Emülsiye Olabilen Konsantre)
BEYSİPAN (İMAL),%20 Acetamiprid,SP (Suda Çözünen Toz)
LAROXX (İMAL),480 g/l Glyphosate Isopropylamin Tuzu,SL (Suda Çözünen Konsantre)
FLOMAK (İMAL),"452,42 g/l 2,4-D 2-Ethylhexyl ester + 6,25 g/l Florasulam",SE (Suspo-Emülsiyon)
PENNAMINE (İMAL),300 g/l Pyrimethanil,SC (Akıcı Konsantre/Süspansiyon Konsantre)
MAKUSOL (İMAL),200 g/l Tebuconazole + 120 g/l Azoxystrobin,SC (Akıcı Konsantre/Süspansiyon Konsantre)
ANTVON (İMAL),50 g/l Deltamethrin,SC (Akıcı Konsantre/Süspansiyon Konsantre)
PENTAGOR (İMAL),435 g/l Pendimethalin,EC (Emülsiye Olabilen Konsantre)
VOLANTİS 425 EC (İMAL),224 g/l Spiroxamine + 148 g/l Tebuconazole + 53 g/l Prothioconazole,EC (Emülsiye Olabilen Konsantre)
MAKAZOX CST (İMAL),"75 g/l Azoxystrobin + 37,5 g/l Metalaxyl-m + 12,5 g/l Fludioxonil",FS (Tohum İlaçlaması İçin Akıcı Konsantre)
RADİUS (İTHAL),150 g/l Prothioconazole + 75 g/l Benzovindiflupyr,EC (Emülsiye Olabilen Konsantre)
PULSO 480 EC (İMAL),480 g/l Metalaxyl-M,EC (Emülsiye Olabilen Konsantre)
ADEQUETE 110 SC (İMAL),110 g/l Etoxazole,SC (Akıcı Konsantre/Süspansiyon Konsantre)
HEXUS (İMAL),"25 g/l Clodinafop-propargyl + 25 g/l Pinoxaden + 6,25 g/l Cloquintocet-mexyl (safener)",EC (Emülsiye Olabilen Konsantre)
"TANARO 116,2 EC (İMAL)","116,2 g/l Clethodim",EC (Emülsiye Olabilen Konsantre)
MICALE (İTHAL),200 g/l Boscalid + 100 g/l Kresoxim-methyl,SC (Akıcı Konsantre/Süspansiyon Konsantre)
ARBİTRO 480 SC (İMAL),240 g/l Isoxaflutole +240 g/l Cyprosulfamide (safener),SC (Akıcı Konsantre/Süspansiyon Konsantre)
KABARTAY (İMAL),220 g/l Etoxazole + 72 g/l Abamectin,CS (Kapsül Süspansiyon)
BLİSS (İMAL),%20 Metalik bakıra eşdeğer bordo bulamacı,WP (Bordo Bulamacı) (Islanabilir Toz)
EFDAL VOLO SC (İMAL),400 g/l Fluopyram,SC (Akıcı Konsantre/Süspansiyon Konsantre)
EFDAL SINGIL WG (İMAL),"%26,7 Boscalid + %6,7 Pyraclostrobin",WG (Suda Dağılabilen Granül)
BENVİOLA 5.7 WG (İTHAL),% 5.7 Emamectin benzoate,WG (Suda Dağılabilen Granül)
EMATİN OPTİ WG (İTHAL),% 5.7 Emamectin benzoate,WG (Suda Dağılabilen Granül)
WILBER (İMAL),250 g/l Glyphosate asite eşdeğer Glyphosate Isopropylamin Tuzu + 40 g/l Diflufenican,SC (Akıcı Konsantre/Süspansiyon Konsantre)
SECPRİME SC 400 (İMAL),400 g/l Fluopyram,SC (Akıcı Konsantre/Süspansiyon Konsantre)
FOZAT 2E (İMAL),240 g/l Oxyfluorfen,EC (Emülsiye Olabilen Konsantre)
KORZAMOX 25 SL (İMAL),25 g/l Imazamox,SL (Suda Çözünen Konsantre)
NAPOSTA (İMAL),%50 Tebuconazole + %25 Trifloxystrobin,WG (Suda Dağılabilen Granül)
RAUL (İMAL),200 g/l Diquat dibromide,SL (Suda Çözünen Konsantre)
SAFFAT 3.1 SP (İMAL),"%3,1 Gibberellic Acid",SP (Suda Çözünen Toz)
PEİDRA 480 SC (İMAL),480 g/l Spinosad,SC (Akıcı Konsantre/Süspansiyon Konsantre)
ENVİX 400 SC (İMAL),330 g/l Terbuthylazine + 70 g/l Mesotrione,SC (Akıcı Konsantre/Süspansiyon Konsantre)
SRİLİS 400 SC (İMAL),330 g/l Terbuthylazine + 70 g/l Mesotrione,SC (Akıcı Konsantre/Süspansiyon Konsantre)
EGESTA (İMAL),240 g/l Spirodiclofen,SC (Akıcı Konsantre/Süspansiyon Konsantre)
ORCHEX 050 EC (İMAL),"50 g/l Pinoxaden + 12,5 g/l Cloquintocet-mexyl (Safener)",EC (Emülsiye Olabilen Konsantre)
ARMİDALE 250 EC (İMAL),250 g/l Difenoconazole,EC (Emülsiye Olabilen Konsantre)
SUDLER WG (İMAL),"%26,7 Boscalid + %6,7 Pyraclostrobin",WG (Suda Dağılabilen Granül)
FRS TENDRA (İMAL),%20 Tebufenpyrad,WP (Islanabilir Toz)
HAMAYO 250 EC (İMAL),125 g/l Prothioconazole + 125 g/l Tebuconazole,EC (Emülsiye Olabilen Konsantre)
MAKROLEN 20 SC (İMAL),200 g/l Chlorantraniliprole,SC (Akıcı Konsantre/Süspansiyon Konsantre)
AKUTAN 35 WG (İMAL),%35 Chlorantraniliprole,WG (Suda Dağılabilen Granül)
QISHT (İMAL),250 g/l Azoxystrobin,SC (Akıcı Konsantre/Süspansiyon Konsantre)
THORN (İMAL),"37,5 g/l Mesotrione + 15 g/l Nicosulfuron",OD (Yağda Dağılabilen)
FRSVASTOC (İMAL),240 g/l Spirodiclofen,SC (Akıcı Konsantre/Süspansiyon Konsantre)
TRUNFO T (İTHAL),200 g/l Azoxystrobin + 200 g/l Tebuconazole,SC (Akıcı Konsantre/Süspansiyon Konsantre)
SAVAŞAN 5 SG (İMAL),%5 Emamectin benzoate,SG (Suda Çözünen Granül)
SPİRİT OD (İMAL),30 g/l Mesosulfuron-methyl + 90 g/l Mefenpyr-diethyl (safener),OD (Yağda Dağılabilen)
GUSTAVO SC (İMAL),200 g/l Boscalid + 100 g/l Kresoxim-methyl,SC (Akıcı Konsantre/Süspansiyon Konsantre)
CATCH UP 800 (İMAL),800 g/l Mineral Yağ,EC (Emülsiye Olabilen Konsantre)
AŞKABAT (İMAL),300 g/l Methoxyfenozide + 60 g/l Spinetoram,SC (Akıcı Konsantre/Süspansiyon Konsantre)
CHEMNEMO 20 WP (İMAL),%20 Metalik bakıra eşdeğer bordo bulamacı,WP (Bordo Bulamacı) (Islanabilir Toz)
SHERADER (İMAL),"65,82 g/l Metalik bakıra eşdeğer bakır sülfat",SC (Akıcı Konsantre/Süspansiyon Konsantre)
ESSUGO 35 WG (İMAL),%35 Chlorantraniliprole,WG (Suda Dağılabilen Granül)
AVOXA (İTHAL),"33,30 g/l Pinoxaden + 8,33 g/l Pyroxsulam + 8,33 g/l Cloquintocet mexyl (Safener)",EC (Emülsiye Olabilen Konsantre)
YOGİTA 20 SC (İMAL),200 g/l Cyflumetofen,SC (Akıcı Konsantre/Süspansiyon Konsantre)
MIRANDA 20 SC (İMAL),200 g/l Cyflumetofen,SC (Akıcı Konsantre/Süspansiyon Konsantre)
ESSUGO 20 SC (İMAL),200 g/l Chlorantraniliprole,SC (Akıcı Konsantre/Süspansiyon Konsantre)
LORTAMA (İTHAL),5 g/l Florpyrauxifen-benzyl + 40 g/l Nicosulfuron + 10 g/l Thifensulfuron-methyl + 10 g/l Isoxadifen-ethyl (safener),OD (Yağda Dağılabilen)
ARMED 900 EC (İMAL),900 g/l Fosthiazate,EC (Emülsiye Olabilen Konsantre)
ANSIL 050 EC (İMAL),"50 g/l Pinoxaden + 12,5 g/l Cloquintocet-mexyl (Safener)",EC (Emülsiye Olabilen Konsantre)
CHAKIR 10 EC (İMAL),100 g/l Tetraconazole,EC (Emülsiye Olabilen Konsantre)
COSPİRON (İMAL),"228,6 g/l Spiromesifen + 11,4 g/l Abamectin",SC (Akıcı Konsantre/Süspansiyon Konsantre)
SUFLER (İMAL),125 g/l Flutriafol,SC (Akıcı Konsantre/Süspansiyon Konsantre)
MANAMID 100 SC (İTHAL),100 g/L Cyazofamid,SC (Akıcı Konsantre/Süspansiyon Konsantre)
ASTROY 35 WG (İMAL),%35 Chlorantraniliprole,WG (Suda Dağılabilen Granül)
SAFA LUMİNA 200 SC (İMAL),100 g/l Lambda-cyhalothrin + 100 g/l Lufenuron,SC (Akıcı Konsantre/Süspansiyon Konsantre)
SACRON 45 WG (İTHAL),%45 Cymoxanil,WG (Suda Dağılabilen Granül)
SAFA AKİLA 280 SC (İMAL),200 g/l Picoxystrobin + 80 g/l Cyproconazole,SC (Akıcı Konsantre/Süspansiyon Konsantre)
SORELLA (İMAL),310 g/l Pyrimethanil + 95 g/l Trifloxystrobin,SC (Akıcı Konsantre/Süspansiyon Konsantre)
PUNO EC (İMAL),300 g/l Cyprodinil,EC (Emülsiye Olabilen Konsantre)
TARMA 460 EC (İMAL),300 g/l Spiroxamine + 160 g/l Prothioconazole,EC (Emülsiye Olabilen Konsantre)
VEGLIS (İMAL),%50 Phosmet,WP (Islanabilir Toz)
MELANCHOLY (İMAL),"312,5 g/l S-Metolachlor + 187,5 g/l Terbuthylazine",SC (Akıcı Konsantre/Süspansiyon Konsantre)
REGATON (İMAL),%35 Chlorantraniliprole,WG (Suda Dağılabilen Granül)
"KURGAN 687,5 SC (İMAL)","625 g/l Propamocarb-hydrochloride + 62,5 g/l Fluopicolide",SC (Akıcı Konsantre/Süspansiyon Konsantre)
MAVERA 45 OD (İMAL),45 g/l Pyroxsulam + 90 g/l Cloquintocet-mexyl (safener),OD (Yağda Dağılabilen)
GIBBROVAP (İTHAL),20 g/l Gibberellic acid,SL (Suda Çözünen Konsantre)
BASRADEF (İMAL),%50 Flonicamid,WG (Suda Dağılabilen Granül)
GRAINGUARD PRO (İMAL),50 g/l Deltamethrin,EC (Emülsiye Olabilen Konsantre)
MEROPE SE (İMAL),"375 g/l S-Metolachlor + 125 g/l Terbuthylazine + 37,5 g/l Mesotrione",SE (Suspo-Emülsiyon)
ALDONA 400 SL (İMAL),400 g/l MCPA,SL (Suda Çözünen Konsantre)
AGROASISTE (İMAL),200 g/l Carfentrazone-ethyl + 30 g/l Diuron,SE (Suspo-Emülsiyon)
GOELDA 465 SC (İMAL),225 g/l Isoxaflutole + 90 g/l Thiencarbazone-methyl + 150 g/l Cyprosulfamide (safener),SC (Akıcı Konsantre/Süspansiyon Konsantre)
UMTAS 200 SC (İMAL),200 g/l Chlorantraniliprole,SC (Akıcı Konsantre/Süspansiyon Konsantre)
EGGMEN 200 SC (İMAL),200 g/l Chlorantraniliprole,SC (Akıcı Konsantre/Süspansiyon Konsantre)
ESPERA 85 OD (İMAL),"70,8 g/l Pyroxsulam + 14,2 g/l Florasulam + 70,8 g/l Cloquintocet-mexyl (Safener)",OD (Yağda Dağılabilen)
PENBOTEC 400 SC (İTHAL),400 g/l Pyrimethanil,SC (Akıcı Konsantre/Süspansiyon Konsantre)
INTARA 376 SC (İMAL),326 g/l Terbuthylazine + 50 g/l Mesotrione,SC (Akıcı Konsantre/Süspansiyon Konsantre)
INTARA 400 SC (İMAL),330 g/l Terbuthylazine + 70 g/l Mesotrione,SC (Akıcı Konsantre/Süspansiyon Konsantre)
CATTRAL (İMAL),250 g/l Quinclorac,SC (Akıcı Konsantre/Süspansiyon Konsantre)
WORDEN 300 EC (İMAL),300 g/l Cyprodinil,EC (Emülsiye Olabilen Konsantre)
CİMEGRA SC (İTHAL),100 g/l Broflanilide,SC (Akıcı Konsantre/Süspansiyon Konsantre)
PLOW 35 WG (İMAL),%35 Chlorantraniliprole,WG (Suda Dağılabilen Granül)
EFDAL MOKİTA 25 SL (İMAL),25 g/l Imazamox,SL (Suda Çözünen Konsantre)
METAPHOR 25 WP (İMAL),%25 Malathion,WP (Islanabilir Toz)
AXLERON (İMAL),200 g/l Chlorantraniliprole,SC (Akıcı Konsantre/Süspansiyon Konsantre)
DİNEROL (İMAL),200 g/l Esfenvalerate,EC (Emülsiye Olabilen Konsantre)
BELLOCA 450 CS (İMAL),450 g/l Pendimethalin,CS (Kapsül Süspansiyon)
EFDAL FUMASTE SC (İMAL),156 g/l Acequinocyl,SC (Akıcı Konsantre/Süspansiyon Konsantre)
LESBOS (İMAL),200 g/l Azoxystrobin + 125 g/l Difenoconazole,SC (Akıcı Konsantre/Süspansiyon Konsantre)
SILVIO 125 FS (İMAL),"75 g/l Azoxystrobin + 37,5 g/l Metalaxyl-m + 12,5 g/l Fludioxonil",FS (Tohum İlaçlaması İçin Akıcı Konsantre)
LOAVİSE (İMAL),310 g/l Pyrimethanil + 95 g/l Trifloxystrobin,SC (Akıcı Konsantre/Süspansiyon Konsantre)
KURTUL 800 SC (İMAL),800 g/l Kükürt,SC (Akıcı Konsantre/Süspansiyon Konsantre)
DENGERE 250 WG (İMAL),%25 Spinetoram,WG (Suda Dağılabilen Granül)
CARTONES (İMAL),326 g/l Terbuthylazine + 50 g/l Mesotrione,SC (Akıcı Konsantre/Süspansiyon Konsantre)
EFDAL REMİ WG (İMAL),%10 Acetamiprid + %3 Lambda-cyhalothrin,WG (Suda Dağılabilen Granül)
OZANİL MC (İMAL),300 g/l Bromoxynil + 300 g/l MCPA,EC (Emülsiye Olabilen Konsantre)
AGENDA 240 SC (İMAL),240 g/l Metaflumizone,SC (Akıcı Konsantre/Süspansiyon Konsantre)
CAMARO 565 SC (İMAL),525 g/l Metamitron + 40 g/l Quinmerac,SC (Akıcı Konsantre/Süspansiyon Konsantre)
FİESTA 0.24 CB (İMAL),"0,24 g/l Spinosad",CB (Konsantre Yem)
SAYADA 400 SC (İMAL),400 g/l Fluopyram,SC (Akıcı Konsantre/Süspansiyon Konsantre)
KUMİX SC 480 (İMAL),240 g/l Isoxaflutole +240 g/l Cyprosulfamide (safener),SC (Akıcı Konsantre/Süspansiyon Konsantre)
ARHAVİS (İMAL),120 g/l Spinetoram,SC (Akıcı Konsantre/Süspansiyon Konsantre)
ROSİNY 25 EC (İMAL),250 g/l Flurochloridone,EC (Emülsiye Olabilen Konsantre)
KRONOS 50 W (İMAL),%50 Propyzamide,WP (Islanabilir Toz)
CEPRID (İTHAL),%20 Acetamiprid,SP (Suda Çözünen Toz)
PİRETRO VERDE 5 EC (İTHAL),"46,5 g/l Pyrethrin",EC (Emülsiye Olabilen Konsantre)
JUTSU 20 SP (İMAL),%20 Acetamiprid,SP (Suda Çözünen Toz)
SULFLEKS 800 SC (İMAL),800 g/l Kükürt,SC (Akıcı Konsantre/Süspansiyon Konsantre)
DECCO OPP (İTHAL),100 g/l 2-Phenylphenol,EC (Emülsiye Olabilen Konsantre)
ESTEVA FS (İMAL),150 g/l Prothioconazole + 20 g/l Tebuconazole,FS (Tohum İlaçlaması İçin Akıcı Konsantre)
CORKİ 300 EC (İMAL),300 g/l Cyprodinil,EC (Emülsiye Olabilen Konsantre)
LUPIN (İMAL),30 g/l Mesosulfuron methyl + 6 g/l Iodosulfuron-methyl-sodium + 90 g/l Mefenpyr diethyl (safener),OD (Yağda Dağılabilen)
SECRAC 240 EC (İMAL),240 g/l Oxyfluorfen,EC (Emülsiye Olabilen Konsantre)
MONTES (İMAL),"62,5 g/l Rimsulfuron",OD (Yağda Dağılabilen)
NAFALOL 80 WP (İMAL),%80 Fosetyl-Al,WP (Islanabilir Toz)
DOLORES (İMAL),150 g/l Fosthiazate,EC (Emülsiye Olabilen Konsantre)
MAPUMOL 240 SC (İMAL),240 g/l Spirodiclofen,SC (Akıcı Konsantre/Süspansiyon Konsantre)
PULLZER (İMAL),%76 Ziram,WG (Suda Dağılabilen Granül)
KLAXONE 20 SC (İMAL),200 g/l Chlorantraniliprole,SC (Akıcı Konsantre/Süspansiyon Konsantre)
SRİLİS 376 SC (İMAL),326 g/l Terbuthylazine + 50 g/l Mesotrione,SC (Akıcı Konsantre/Süspansiyon Konsantre)
ALDAVEN 20 SC (İMAL),200 g/l Chlorantraniliprole,SC (Akıcı Konsantre/Süspansiyon Konsantre)
VANEBU 222 SC (İMAL),222 g/l Flubendiamide,SC (Akıcı Konsantre/Süspansiyon Konsantre)
CCFLY-HP (İMAL),72 g/l Hidrolize Protein,SL (Suda Çözünen Konsantre)
ADRIAN 400 SC (İMAL),200 g/l Fluopyram + 200 g/l Tebuconazole,SC (Akıcı Konsantre/Süspansiyon Konsantre)
NEBUTO 100 SC (İMAL),100 g/l Spirotetramat,SC (Akıcı Konsantre/Süspansiyon Konsantre)
AGROSTRİKE 240 SC (İMAL),240 g/l Spinosad,SC (Akıcı Konsantre/Süspansiyon Konsantre)
MAK-PIXS (İMAL),200 g/l Cyhalofop-butyl,EC (Emülsiye Olabilen Konsantre)
TWİN HİT (İMAL),571 g/l Metamitron + 71 g/l Quinmerac,SC (Akıcı Konsantre/Süspansiyon Konsantre)
SERİTOR SC (İMAL),800 g/l Kükürt,SC (Akıcı Konsantre/Süspansiyon Konsantre)
VAİNEST 20 SC (İMAL),200 g/l Chlorantraniliprole,SC (Akıcı Konsantre/Süspansiyon Konsantre)
OLMERT 20 SC (İTHAL),200 g/l Chlorantraniliprole,SC (Akıcı Konsantre/Süspansiyon Konsantre)
CYPERMAT (İTHAL),250 g/l Cypermethrin,EC (Emülsiye Olabilen Konsantre)
VEFARON (İMAL),%20 Pyridaben,WP (Islanabilir Toz)
EFDAL SİMUSED FS 170 (İMAL),150 g/l Prothioconazole + 20 g/l Tebuconazole,FS (Tohum İlaçlaması İçin Akıcı Konsantre)
ARF (İMAL),296 g/l Azoxystrobin + 218 g/l Flutriafol,SC (Akıcı Konsantre/Süspansiyon Konsantre)
AQUERO 80 WP (İMAL),%80 Fosetyl-Al,WP (Islanabilir Toz)
DORENE (İMAL),300 g/l Cyprodinil,EC (Emülsiye Olabilen Konsantre)
DORENE 50 WG (İMAL),%50 Cyprodinil,WG (Suda Dağılabilen Granül)
MARYON 222 SC (İMAL),222 g/l Flubendiamide,SC (Akıcı Konsantre/Süspansiyon Konsantre)
PARANA (İMAL),216 g/L Methoxyfenozide + 76 g/L Flubendiamide,SC (Akıcı Konsantre/Süspansiyon Konsantre)
CAFEDINE (İMAL),250 g/l Azoxystrobin,SC (Akıcı Konsantre/Süspansiyon Konsantre)
FURCO 35 WG (İMAL),%35 Chlorantraniliprole,WG (Suda Dağılabilen Granül)
DEVOR (İMAL),800 g/l Prosulfocarb + 80 g/l Metribuzin,EC (Emülsiye Olabilen Konsantre)
NEPHİS (İMAL),600 g/l Phosphorous Acid (mono ve di-potasyum tuzları),SL (Suda Çözünen Konsantre)
CUMİL 20 EC (İMAL),200 g/l Esfenvalerate,EC (Emülsiye Olabilen Konsantre)
ALUSHTA 240 EC (İMAL),240 g/l Clethodim,EC (Emülsiye Olabilen Konsantre)
TRABALHOS 45 EC (İMAL),"22,5 g/l Pinoxaden + 22,5 g/l Clodinafop-propargyl + 5,63 g/l Cloquintocet-mexyl (safener)",EC (Emülsiye Olabilen Konsantre)
DELTOID (İMAL),25 g/l Deltamethrin,EC (Emülsiye Olabilen Konsantre)
KHIRONA (İMAL),240 g/l Spirodiclofen,SC (Akıcı Konsantre/Süspansiyon Konsantre)
CYCAT (İTHAL),%10 Triclopyr,ST (Suda Çözünen Tablet)
CUPRASUL (İTHAL),640 g/l Kükürt + 80 g/l Metalik Bakıra Eşdeğer Tribazik Bakır Sülfat,SC (Akıcı Konsantre/Süspansiyon Konsantre)
HAMLE 250 SC (İMAL),250 g/l Flutriafol,SC (Akıcı Konsantre/Süspansiyon Konsantre)
NACHO 250 SC (İMAL),250 g/l Flutriafol,SC (Akıcı Konsantre/Süspansiyon Konsantre)
SELENİCA 50 EC (İMAL),500 g/l Pirimiphos methyl,EC (Emülsiye Olabilen Konsantre)
VISICOR 70 WG (İTHAL),%70 Chlorantraniliprole,WG (Suda Dağılabilen Granül)
CYPERHARD 25 EC (İMAL),250 g/l Cypermethrin,EC (Emülsiye Olabilen Konsantre)
SLICE 400 SC (İMAL),400 g/l Buprofezin,SC (Akıcı Konsantre/Süspansiyon Konsantre)
ARMİ (İMAL),250 g/l Cypermethrin,EC (Emülsiye Olabilen Konsantre)
BRYTE (İMAL),480 g/l Spinosad,SC (Akıcı Konsantre/Süspansiyon Konsantre)
EFDAL ROKSAN M60 (İMAL),400 g/l Bentazone + 60 g/l MCPA,SL (Suda Çözünen Konsantre)
ADEAL 10 EW (İTHAL),100 g/l Pyriproxyfen,"EW (Emülsiyon, Suda Yağ)"
TIAMAT (İMAL),50 g/l Lufenuron,EC (Emülsiye Olabilen Konsantre)
ASTRATOP 450 CS (İTHAL),450 g/l Pendimethalin,CS (Kapsül Süspansiyon)
ZUCRADEX® (İMAL),100 g/l Pyraclostrobin + 100 g/l Flutriafol + 50 g/l Penconazole,EC (Emülsiye Olabilen Konsantre)
KAPRALE EC (İMAL),300 g/l Spiroxamine + 160 g/l Prothioconazole,EC (Emülsiye Olabilen Konsantre)
ECLİPSO 20 SC (İMAL),200 g/l Chlorantraniliprole,SC (Akıcı Konsantre/Süspansiyon Konsantre)
ASTRALAN 35 WG (İMAL),%35 Chlorantraniliprole,WG (Suda Dağılabilen Granül)
RAUCH (İTHAL),%50 Tebuconazole + %25 Trifloxystrobin,WG (Suda Dağılabilen Granül)
ELATHAN (İTHAL),200 g/l Azoxystrobin + 125 g/l Difenoconazole,SC (Akıcı Konsantre/Süspansiyon Konsantre)
VEDİRAL (İMAL),150 g/l Penoxsulam + 75 g/l Florasulam,SC (Akıcı Konsantre/Süspansiyon Konsantre)
KÖYPAN (İMAL),100 g/l Clopyralid,SL (Suda Çözünen Konsantre)
ERTALEN 50 WG (İMAL),%50 Flonicamid,WG (Suda Dağılabilen Granül)
NUADO 500 SC (İMAL),500 g/l Fluazinam,SC (Akıcı Konsantre/Süspansiyon Konsantre)
SCOUT 50 WG (İMAL),%50 Flonicamid,WG (Suda Dağılabilen Granül)
ECLİPSO 35 WG (İMAL),%35 Chlorantraniliprole,WG (Suda Dağılabilen Granül)
EXOZINE (İMAL),310 g/l Thiophanate-methyl + 187 g/l Epoxiconazole,SC (Akıcı Konsantre/Süspansiyon Konsantre)
LOBETEC (İTHAL),"210 mg (E,Z)-7,9-Dodecadien-1-yl-acetate Feromon çubuğu",--- (-)
SAFA FIXER WP (İMAL),%80 Fosetyl-Al,WP (Islanabilir Toz)
CONAXIS (İTHAL),400 g/l Dimethenamid-p + 50 g/l Clomazone,CS (Kapsül Süspansiyon)
RUMBA 880 EC (İMAL),800 g/l Prosulfocarb + 80 g/l Metribuzin,EC (Emülsiye Olabilen Konsantre)
GAMORA (İMAL),44 g/l Tembotrione + 22 g/l Isoxadifen-ethyl (safener),OD (Yağda Dağılabilen)
BELLOCA 330 EC (İMAL),330 g/l Pendimethalin,EC (Emülsiye Olabilen Konsantre)
KARVİNA (İMAL),"75 g/l Azoxystrobin + 37,5 g/l Metalaxyl-m + 12,5 g/l Fludioxonil",FS (Tohum İlaçlaması İçin Akıcı Konsantre)
KANEKON 250 SC (İMAL),250 g/l Azoxystrobin,SC (Akıcı Konsantre/Süspansiyon Konsantre)
NASUS 75 WG (İMAL),%50 Tebuconazole + %25 Trifloxystrobin,WG (Suda Dağılabilen Granül)
KARDİM (İMAL),"116,2 g/l Clethodim",EC (Emülsiye Olabilen Konsantre)
LEPHA (İMAL),100 g/l Flonicamid + 60 g/l Pyriproxyfen,OD (Yağda Dağılabilen)
NOVİLADE FORTE (İMAL),150 g/l Fluazifop-p-butyl,EC (Emülsiye Olabilen Konsantre)
MONSER (İMAL),20 g/l Gibberellic acid,SL (Suda Çözünen Konsantre)
PARRHISIA (İTHAL),240 g/l Methoxyfenozide,SC (Akıcı Konsantre/Süspansiyon Konsantre)
SICLOR (İMAL),200 g/l Cyflumetofen,SC (Akıcı Konsantre/Süspansiyon Konsantre)
QUARTA 250 EC (İMAL),250 g/l Flurochloridone,EC (Emülsiye Olabilen Konsantre)
VALDES 20 WG (İMAL),%20 Flubendiamide,WG (Suda Dağılabilen Granül)
LETRA 100 SC (İMAL),100 g/l Spirotetramat,SC (Akıcı Konsantre/Süspansiyon Konsantre)
HEKTAŞ KHİLON (İMAL),50 g/l Difenoconazole + 50 g/l Fludioxonil + 40 g/l Azoxystrobin,FS (Tohum İlaçlaması İçin Akıcı Konsantre)
VAPNIL (İTHAL),%50 Cyprodinil,WG (Suda Dağılabilen Granül)
EFECE (İMAL),200 g/l Spirotetramat+150 g/l Flonicamid,SC (Akıcı Konsantre/Süspansiyon Konsantre)
SPOROFF (İMAL),280 g/l Dithianon + 50 g/l Myclobutanil,SC (Akıcı Konsantre/Süspansiyon Konsantre)
LARAFAB (İMAL),%25 Tebuconazole,WP (Islanabilir Toz)
EFDAL RIVA SC 240 (İMAL),222 g/l Spirodiclofen + 18 g/l Abamectin,SC (Akıcı Konsantre/Süspansiyon Konsantre)
ABG CURE 25 WP (İMAL),%25 Tebuconazole,WP (Islanabilir Toz)
DETORIN 105 OD (İMAL),75 g/l Mesotrione + 30 g/l Nicosulfuron,OD (Yağda Dağılabilen)
COMPADRE 25 EC (İMAL),250 g/l Difenoconazole,EC (Emülsiye Olabilen Konsantre)
VENTURE 465 SC (İMAL),225 g/l Isoxaflutole + 90 g/l Thiencarbazone-methyl + 150 g/l Cyprosulfamide (safener),SC (Akıcı Konsantre/Süspansiyon Konsantre)
TOPSET 240 EC (İMAL),240 g/l Clodinafop-propargyl + 60 g/l Cloquintocet-mexyl (safener),EC (Emülsiye Olabilen Konsantre)
CONCRETE 20 WP (İMAL),%20 Metalik bakıra eşdeğer bordo bulamacı,WP (Bordo Bulamacı) (Islanabilir Toz)
AGROLYA 25 WG (İMAL),%25 Spinetoram,WG (Suda Dağılabilen Granül)
CALCULUS (İMAL),"700 g/l Mineral Yağ + 17,3 g/l Buprofezin",OD (Yağda Dağılabilen)
KİTİNEX CAPSÜL (İMAL),50 g/l Lambda-cyhalothrin,CS (Kapsül Süspansiyon)
AGROFARM SLOGAN CAPSÜL (İMAL),450 g/l Pendimethalin,CS (Kapsül Süspansiyon)
MAKFAST 62.5 WG (İMAL),"%37,5 Cyprodinil + %25 Fludioxonil",WG (Suda Dağılabilen Granül)
ENPOLİ (İMAL),500 g/l Fluometuron,SC (Akıcı Konsantre/Süspansiyon Konsantre)
NORCAREN (İMAL),44 g/l Tembotrione + 22 g/l Isoxadifen-ethyl (safener),OD (Yağda Dağılabilen)
NATUGREN 20 SC (İMAL),200 g/l Chlorantraniliprole,SC (Akıcı Konsantre/Süspansiyon Konsantre)
SOLADO (İMAL),90 g/l Indoxacarb+30 g/l Emamectin benzoate,EC (Emülsiye Olabilen Konsantre)
CAMDALE 5 EC (İMAL),50 g/l Lufenuron,EC (Emülsiye Olabilen Konsantre)
TİTHİSO 240 EW (İMAL),240 g/l Tau-fluvalinate,"EW (Emülsiyon, Suda Yağ)"
KINGDOM SC (İMAL),156 g/l Acequinocyl,SC (Akıcı Konsantre/Süspansiyon Konsantre)
ARMATÖR 25 WP (İMAL),%25 Tebuconazole,WP (Islanabilir Toz)
LASSO (İMAL),75 g/l Indoxacarb + 18 g/l Abamectin,SC (Akıcı Konsantre/Süspansiyon Konsantre)
SENCY (İMAL),156 g/l Acequinocyl,SC (Akıcı Konsantre/Süspansiyon Konsantre)
PATRIA 376 SC (İMAL),326 g/l Terbuthylazine + 50 g/l Mesotrione,SC (Akıcı Konsantre/Süspansiyon Konsantre)
PATRIA 400 SC (İMAL),330 g/l Terbuthylazine + 70 g/l Mesotrione,SC (Akıcı Konsantre/Süspansiyon Konsantre)
MADARAME SC (İMAL),200 g/l Azoxystrobin + 125 g/l Difenoconazole,SC (Akıcı Konsantre/Süspansiyon Konsantre)
COPERNİC 75 WG (İMAL),%75 Metalik bakıra eşdeğer bakır oksit,"WG ""Sadece bakırlı preparatlar"" (Suda Dağılabilen Granül)"
DEAVANTEOS 100 EC (İMAL),100 g/l Penconazole,EC (Emülsiye Olabilen Konsantre)
BUNCH® 500 SC (İMAL),375 g/l Pyrimethanil +125 g/l Fluopyram,SC (Akıcı Konsantre/Süspansiyon Konsantre)
ASTRADAN 100 EC (İMAL),100 g/l Alpha-cypermethrin,EC (Emülsiye Olabilen Konsantre)
DEVIPON 150 SC (İMAL),150 g/l Indoxacarb,SC (Akıcı Konsantre/Süspansiyon Konsantre)
FIRSTPOINT 590 SC (İTHAL),300 g/l Pendimethalin + 250 g/l Chlorotoluron + 40 g/l Diflufenican,SC (Akıcı Konsantre/Süspansiyon Konsantre)
NARUTOL WP (İMAL),%20 Metalik bakıra eşdeğer bordo bulamacı,WP (Bordo Bulamacı) (Islanabilir Toz)
PERSİE T24 SC (İTHAL),240 g/l Isoxaflutole +240 g/l Cyprosulfamide (safener),SC (Akıcı Konsantre/Süspansiyon Konsantre)
TERBAN - P (İMAL),270 g/l Terbuthylazine + 64 g/l Pendimethalin,SE (Suspo-Emülsiyon)
SEMELE SE (İMAL),"375 g/l S-Metolachlor + 125 g/l Terbuthylazine + 37,5 g/l Mesotrione",SE (Suspo-Emülsiyon)
DIONISOS (İMAL),240 g/l Metaflumizone,SC (Akıcı Konsantre/Süspansiyon Konsantre)
LINETTI 465 SC (İMAL),225 g/l Isoxaflutole + 90 g/l Thiencarbazone-methyl + 150 g/l Cyprosulfamide (safener),SC (Akıcı Konsantre/Süspansiyon Konsantre)
AGROFARM GERMON (İMAL),375 g/l Pyrimethanil +125 g/l Fluopyram,SC (Akıcı Konsantre/Süspansiyon Konsantre)
ISONET LTT (İTHAL),"375 mg (E,Z)-7,9-Dodecadienyl acetate Feromon çubuğu",--- (-)
COSAZOX SC (İTHAL),840 g/l Kükürt + 60 g/l Azoxystrobin,SC (Akıcı Konsantre/Süspansiyon Konsantre)
DE İNN PUTE (İMAL),300 g/l Spiroxamine + 160 g/l Prothioconazole,EC (Emülsiye Olabilen Konsantre)
NELLY 40 SL (İMAL),40 g/l Imazamox,SL (Suda Çözünen Konsantre)
FERTİLİTATİS WG (İMAL),"%25,2 Boscalid + %12,8 Pyraclostrobin",WG (Suda Dağılabilen Granül)
MURRAY (İMAL),75 g/l Fenoxaprop-p-ethyl + 69 g/l Mefenpyr-diethyl (safener),"EW (Emülsiyon, Suda Yağ)"
CAYUNIS EC 325 (İTHAL),150 g/l Spiroxamine + 100 g/l Trifloxystrobin + 75 g/l Bixafen,EC (Emülsiye Olabilen Konsantre)
ABG BANN® 50 WP (İMAL),%50 Metalik bakıra eşdeğer bakır oksiklorid,WP(Sadece bakırlı preparatlar) (Islanabilir toz)
SAFA PERFOLA (İMAL),200 g/l Ethofumesate + 200 g/l Phenmedipham,SC (Akıcı Konsantre/Süspansiyon Konsantre)
BKS YELLOW 25 CM X 40 CM (İMAL),25 cm x 40 cm sarı yapışkan tuzak,--- (-)
BKS MALEX-CC 25 CM X 40 CM (İMAL),25 cm x 40 cm siyah yapışkan tuzak,--- (-)
ABRACADABRA (İMAL),200 g/l Carfentrazone-ethyl + 30 g/l Diuron,SE (Suspo-Emülsiyon)
JACINTO 45 OD (İMAL),45 g/l Pyroxsulam + 90 g/l Cloquintocet-mexyl (safener),OD (Yağda Dağılabilen)
EFDAL FUTSAL (İMAL),500 g/l Fluometuron,SC (Akıcı Konsantre/Süspansiyon Konsantre)
PANİNYAL 500 SC (İMAL),500 g/l Fluometuron,SC (Akıcı Konsantre/Süspansiyon Konsantre)
SAFA SAFKAN WG (İMAL),"%15 Triflumizole + %3,4 Cyflufenamid",WG (Suda Dağılabilen Granül)
KUMRASAN 40 SL (İMAL),40 g/l Imazamox,SL (Suda Çözünen Konsantre)
LUENA 250 EC (İMAL),250 g/l Flurochloridone,EC (Emülsiye Olabilen Konsantre)
SAFA HYRELLA (İMAL),400 g/l Metamitron + 55 g/l Ethofumesate + 35 g/l Phenmedipham,SC (Akıcı Konsantre/Süspansiyon Konsantre)
TANKART 125 FS (İMAL),"75 g/l Azoxystrobin + 37,5 g/l Metalaxyl-m + 12,5 g/l Fludioxonil",FS (Tohum İlaçlaması İçin Akıcı Konsantre)
MYTASTY 125 FS (İMAL),"75 g/l Azoxystrobin + 37,5 g/l Metalaxyl-m + 12,5 g/l Fludioxonil",FS (Tohum İlaçlaması İçin Akıcı Konsantre)
TARGERON 192 EC (İMAL),150 g/L Prochloraz+ 42 g/L Prothioconazole,EC (Emülsiye Olabilen Konsantre)
SHEILA EXPERT 400 SC (İMAL),200 g/l Fluopyram + 200 g/l Tebuconazole,SC (Akıcı Konsantre/Süspansiyon Konsantre)
VINTIME 105 OD (İMAL),75 g/l Mesotrione + 30 g/l Nicosulfuron,OD (Yağda Dağılabilen)
SATANAY WG (İMAL),"%15 Triflumizole + %3,4 Cyflufenamid",WG (Suda Dağılabilen Granül)
UMERTA SC (İMAL),300 g/l Ametoctradin + 225 g/l Dimethomorph,SC (Akıcı Konsantre/Süspansiyon Konsantre)
ESAME® (İMAL),267 g/l Prochloraz + 133 g/l Tebuconazole,"EW (Emülsiyon, Suda Yağ)"
ENLIST ONE (İTHAL),"669 g/l 2,4 Dichlorophenox acetic acid, choline tuzu",SL (Suda Çözünen Konsantre)
SKYWALK (İTHAL),700 g/l Metamitron,SC (Akıcı Konsantre/Süspansiyon Konsantre)
PALAMO (İTHAL),"267,9 g/l Pendimethalin + 110,3 g/l Clomazone",SC (Akıcı Konsantre/Süspansiyon Konsantre)
SKUBİC EC (İMAL),45 g/l Pinoxaden + 20 g/l Cloquintocet-mexyl (safener),EC (Emülsiye Olabilen Konsantre)
BENSİCA (İMAL),500 g/l Fluazinam,SC (Akıcı Konsantre/Süspansiyon Konsantre)
ORKESTRA 250 EC (İMAL),250 g/l Bupirimate,EC (Emülsiye Olabilen Konsantre)
EFREN (İMAL),%50 Trifloxystrobin,WG (Suda Dağılabilen Granül)
HEKTAŞ DESTHIO® (İMAL),175 g/l Prothioconazole + 88 g/l Trifloxystrobin,SC (Akıcı Konsantre/Süspansiyon Konsantre)
OPSIN 80 WG (İMAL),%80 Captan,WG (Suda Dağılabilen Granül)
ELRİC 2 DS (İMAL),%2 Tebuconazole,DS (Kuru Tohum İlacı)
FUNGUARD (İMAL),"65,82 g/l Metalik bakıra eşdeğer bakır sülfat",SC (Sadece bakırlı preparatlar) ( (Akıcı Konsantre/Süspansiyon Konsantre))
HERMIS 42 OD (İMAL),10 g/l Mesosulfuron methyl + 2 g/l Iodosulfuron-methyl sodium + 30 g/l Mefenpyr-diethyl (safener),OD (Yağda Dağılabilen)
DEMBA (İMAL),%6 Metaldehyde,GB (Granül Yem)
ERPİLO OD (İMAL),30 g/l Mesosulfuron-methyl + 90 g/l Mefenpyr-diethyl (safener),OD (Yağda Dağılabilen)
SALAZAR 720 SL (İMAL),720 g/l Ethephon,SL (Suda Çözünen Konsantre)
HENDRİX (İMAL),20 g/l 6-Benzyladenine,SL (Suda Çözünen Konsantre)
PANOPA® SC (İMAL),"357,5 g/l Metalik bakıra eşdeğer bakır oksiklorid",SC (Sadece bakırlı preparatlar) ( (Akıcı Konsantre/Süspansiyon Konsantre))
DAGROXANİL (İMAL),60 g/l Tebuconazole,FS (Tohum İlaçlaması İçin Akıcı Konsantre)
KİNGSTON 200 SC (İMAL),200 g/l Chlorantraniliprole,SC (Akıcı Konsantre/Süspansiyon Konsantre)
TURENG (İMAL),250 g/l Quinclorac,SC (Akıcı Konsantre/Süspansiyon Konsantre)
LUMIPOSA (İTHAL),625 g/l Cyantraniliprole,FS (Tohum İlaçlaması İçin Akıcı Konsantre)
FLYPACK (İTHAL),"28 g Ammonium bicarbonate + 0,08 g 1,7-dioxaspiro (5,5) undecane + 0,015 g Deltamethrin / Funnel tuzak",--- (-)
LENOK 50 EC (İMAL),500 g/l Pyridalyl,EC (Emülsiye Olabilen Konsantre)
MOVİMEC SC (İTHAL),240 g/l Spirotetramat + 40 g/l Abamectin,SC (Akıcı Konsantre/Süspansiyon Konsantre)
EVOHE 77 WP (İMAL),%50 Metalik bakıra eşdeğer bakır hidroksit,WP(Sadece bakırlı preparatlar) (Islanabilir toz)
ACCELERATE 320 SC (İMAL),200 g/l Tebuconazole + 120 g/l Azoxystrobin,SC (Akıcı Konsantre/Süspansiyon Konsantre)
VALLEDRIS (İTHAL),200 g/l Azoxystrobin + 125 g/l Difenoconazole,SC (Akıcı Konsantre/Süspansiyon Konsantre)
TUTARİPS (İMAL),250 g/l Etofenprox + 100 g/l Pyriproxyfen,EC (Emülsiye Olabilen Konsantre)
MASHİROL SE (İMAL),"452,42 g/l 2,4-D 2-Ethylhexyl ester + 6,25 g/l Florasulam",SE (Suspo-Emülsiyon)
PYGAS 125 FS (İMAL),"75 g/l Azoxystrobin + 37,5 g/l Metalaxyl-m + 12,5 g/l Fludioxonil",FS (Tohum İlaçlaması İçin Akıcı Konsantre)
"SAMASSA 62,5 WG (İMAL)","%37,5 Cyprodinil + %25 Fludioxonil",WG (Suda Dağılabilen Granül)
METLARUS (İMAL),"%0,52 1-naphthylacetic acid (NAA) + %0,51 4-indol-3-ylbutyric acid (IBA)",WP (Islanabilir Toz)
ROMULUS FS (İMAL),"75 g/l Azoxystrobin + 37,5 g/l Metalaxyl-m + 12,5 g/l Fludioxonil",FS (Tohum İlaçlaması İçin Akıcı Konsantre)
PIKOMAX 500 SC (İMAL),350 g/l Metamitron + 150 g/l Ethofumesate,SC (Akıcı Konsantre/Süspansiyon Konsantre)
CEDRO (İMAL),340 g/l MCPA + 80 g/l Dicamba,SL (Suda Çözünen Konsantre)
TRİDİ (İTHAL),1000 g/l Dimethyl Disulfide,EC (Emülsiye Olabilen Konsantre)
EFDAL TONGRA SC (İMAL),200 g/l Chlorantraniliprole,SC (Akıcı Konsantre/Süspansiyon Konsantre)
BUENO 300 SC (İMAL),225 g/l Tebuconazole + 75 g/l Flutriafol,SC (Akıcı Konsantre/Süspansiyon Konsantre)
SAFA MONDE 500 SC (İMAL),500 g/l Fluazinam,SC (Akıcı Konsantre/Süspansiyon Konsantre)
UMKİTAN 50 EW (İMAL),50 g/l Quizalofop-p-ethyl,"EW (Emülsiyon, Suda Yağ)"
MÜREN 500 SC (İMAL),350 g/l Metamitron + 150 g/l Ethofumesate,SC (Akıcı Konsantre/Süspansiyon Konsantre)
INHABİTENT EC (İMAL),679 g/l N-Decanol,EC (Emülsiye Olabilen Konsantre)
HİYASOM 330 EC (İMAL),330 g/l Pendimethalin,EC (Emülsiye Olabilen Konsantre)
BEVEREN (İMAL),150 g/l Cyprodinil + 100 g/l Fludioxonil,SC (Akıcı Konsantre/Süspansiyon Konsantre)
BRANTAR 300 EC (İMAL),300 g/l Cyprodinil,EC (Emülsiye Olabilen Konsantre)
TEKFUR 800 EC (İMAL),800 g/l Prosulfocarb,EC (Emülsiye Olabilen Konsantre)
ABURRO 880 EC (İMAL),800 g/l Prosulfocarb + 80 g/l Metribuzin,EC (Emülsiye Olabilen Konsantre)
BONGO WG (İMAL),"%57 Metiram + %4,8 Cymoxanil",WG (Suda Dağılabilen Granül)
HEMYROL OD (İMAL),"37,5 g/l Mesotrione + 15 g/l Nicosulfuron",OD (Yağda Dağılabilen)
FAJA 800 EC (İMAL),800 g/l Prosulfocarb,EC (Emülsiye Olabilen Konsantre)
OSBORENDABLUE (İMAL),25 cm X 10 cm ebatında mavi yapışkan tuzak,--- (-)
PRIMERO 450 CS (İMAL),450 g/l Pendimethalin,CS (Kapsül Süspansiyon)
BIOSOFT (İMAL),10 cm*25 cm Mavi Renkli Yapışkan Tuzak,--- (-)
SOFT LIFE (İMAL),10 cm*25 cm Sarı Renkli Yapışkan Tuzak,--- (-)
MAKALFA 100 EC (İMAL),100 g/l Alpha-cypermethrin,EC (Emülsiye Olabilen Konsantre)
EDN (İTHAL),% 97 Ethandinitril,GA (Gaz)
OSBORENDAYELLOW (İMAL),25 cm X 10 cm ebatında sarı yapışkan tuzak,--- (-)
MERWİDOR 500 SC (İMAL),500 g/l Fluazinam,SC (Akıcı Konsantre/Süspansiyon Konsantre)
SİDNAY SE (İMAL),100 g/l Azoxystrobin + 80 g/l Tetraconazole,SE (Suspo-Emülsiyon)
GENCOL WG (İMAL),"%26,7 Boscalid + %6,7 Pyraclostrobin",WG (Suda Dağılabilen Granül)
TELEDE® (İMAL),400 g/l Phosphorous Acid (mono ve di-potasyum tuzları),SL (Suda Çözünen Konsantre)
MANDALOR (İMAL),240 g/l Isoxaflutole +240 g/l Cyprosulfamide (safener),SC (Akıcı Konsantre/Süspansiyon Konsantre)
VALESCO 240 EC (İMAL),240 g/l Clodinafop-propargyl + 60 g/l Cloquintocet-mexyl (safener),EC (Emülsiye Olabilen Konsantre)
NUROMIX 75 DF (İMAL),%50 Thifensulfuron-methyl + %25 Tribenuron-methyl,WG (Suda Dağılabilen Granül)
SAROS 400 SC (İMAL),330 g/l Terbuthylazine + 70 g/l Mesotrione,SC (Akıcı Konsantre/Süspansiyon Konsantre)
ADAGA COP (İMAL),"65,82 g/l Metalik bakıra eşdeğer bakır sülfat",SC (Sadece bakırlı preparatlar) ( (Akıcı Konsantre/Süspansiyon Konsantre))
GLEASON WG (İMAL),%55 Metiram + %5 Pyraclostrobin,WG (Suda Dağılabilen Granül)
SATBOL (İTHAL),37 g/l Dichlorprop-p EHE (25 g/l Dichlorprop-p aside eşdeğer),EC (Emülsiye Olabilen Konsantre)
GRANGER SC (İMAL),500 g/l Metrafenone,SC (Akıcı Konsantre/Süspansiyon Konsantre)
KAPAR KMG (İMAL),"1 mg Z9,E12- Tetradecadien-1-ol acetate/Dispenser",--- (-)
GANICE 480 EC (İMAL),480 g/l Metalaxyl-M,EC (Emülsiye Olabilen Konsantre)
FERRATO 50 WP (İMAL),%50 Captan,WP (Islanabilir Toz)
SNORLANT 5 EC (İMAL),50 g/l Hexythiazox,EC (Emülsiye Olabilen Konsantre)
PRETTYMARK (İMAL),30 cm x 100 m ebatında sarı yapışkan şerit tuzak,Sarı Yapışkan Tuzak (-)
NANOLUX (İMAL),30 cm x 100 m Ebatında Mavi Renkli Yapışkan Şerit Tuzak,Mavi Yapışkan Tuzak (-)
REXADE 275 WG (İTHAL),"%18,75 pyroxsulam + % 5,21 Halauxifen-methyl + %3,75 Florasulam + % 26,6 cloquintocet-asit (safener)",WG (Suda Dağılabilen Granül)
SEVİLLE 50 EC (İMAL),50 g/l Hexythiazox,EC (Emülsiye Olabilen Konsantre)
ADONCIA 66 OD (İMAL),44 g/l Tembotrione + 22 g/l Isoxadifen-ethyl (safener),OD (Yağda Dağılabilen)
SUMENA 70 WG (İMAL),%70 Metiram,WG (Suda Dağılabilen Granül)
MAKMAN 65 EC (İMAL),650 g/l Malathion,EC (Emülsiye Olabilen Konsantre)
LOVELAND 537.5 SE (İMAL),"375 g/l S-Metolachlor + 125 g/l Terbuthylazine + 37,5 g/l Mesotrione + 18,5 g/l Benoxacor (Safener)",SE (Suspo-Emülsiyon)
FASTENG SE (İMAL),"452,42 g/l 2,4-D 2-Ethylhexyl ester + 6,25 g/l Florasulam",SE (Suspo-Emülsiyon)
ETRUSANA (İMAL),30 g/l Mesosulfuron methyl + 6 g/l Iodosulfuron-methyl-sodium + 90 g/l Mefenpyr diethyl (safener),OD (Yağda Dağılabilen)
GENUATION PRO (İMAL),"%30 Cymoxanil + %22,5 Famoxadone",WG (Suda Dağılabilen Granül)
ERRANDO 480 SC (İMAL),240 g/l Isoxaflutole +240 g/l Cyprosulfamide (safener),SC (Akıcı Konsantre/Süspansiyon Konsantre)
MIZRAK 75 DF (İMAL),%50 Thifensulfuron-methyl + %25 Tribenuron-methyl,WG (Suda Dağılabilen Granül)
ACS PENCOS 100 EC (İMAL),100 g/l Penconazole,EC (Emülsiye Olabilen Konsantre)
YAMAGINOL SE (İMAL),"85 g/l Pyraclostrobin + 62,5 g/l Epoxiconazole",SE (Suspo-Emülsiyon)
REVYONA (İTHAL),75 g/l Mefentrifluconazole,SC (Akıcı Konsantre/Süspansiyon Konsantre)
PROTECTOR FS 060 (İMAL),60 g/l Tebuconazole,FS (Tohum İlaçlaması İçin Akıcı Konsantre)
CLOMAZUL (İTHAL),360 g/l Clomazone,CS (Kapsül Süspansiyon)
ZAXUS (İMAL),25 g/l Imazamox,SL (Suda Çözünen Konsantre)
KUNT 400 SC (İMAL),330 g/l Terbuthylazine + 70 g/l Mesotrione,SC (Akıcı Konsantre/Süspansiyon Konsantre)
ELGON 45 EC (İMAL),45 g/l Pinoxaden + 20 g/l Cloquintocet-mexyl (safener),EC (Emülsiye Olabilen Konsantre)
PROBENDAZ 600 SC (İTHAL),600 g/l Thiabendazole,SC (Akıcı Konsantre/Süspansiyon Konsantre)
BERTOLIN (İTHAL),%6 Metaldehyde,GB (Granül Yem)
ABURRO 800 EC (İMAL),800 g/l Prosulfocarb,EC (Emülsiye Olabilen Konsantre)
SETOFF 250 EW (İMAL),250 g/l Tebuconazole,"EW (Emülsiyon, Suda Yağ)"
VERAOLAN (İMAL),%25 Thiophanate-methyl + %15 Etridiazole,WP (Islanabilir Toz)
MENSTOP CS (İTHAL),450 g/l Pendimethalin,CS (Kapsül Süspansiyon)
AGRİ CHAMP WG (İMAL),%50 Metalik bakıra eşdeğer bakır hidroksit,WG (Suda Dağılabilen Granül)
TİENDA (İMAL),700 g/l Mineral Yağ,"EW (Emülsiyon, Suda Yağ)"
CUPPA SC (İMAL),"357,5 g/l Metalik bakıra eşdeğer bakır oksiklorid",SC (Sadece bakırlı preparatlar) ( (Akıcı Konsantre/Süspansiyon Konsantre))
TAFFY WG (İMAL),%35 Metalik bakıra eşdeğer bakır hidroksit,"WG ""Sadece bakırlı preparatlar"" (Suda Dağılabilen Granül)"
GREMEC 5 EC (İMAL),50 g/l Hexythiazox,EC (Emülsiye Olabilen Konsantre)
MAKANTO SC 100 (İMAL),100 g/l Spirotetramat,SC (Akıcı Konsantre/Süspansiyon Konsantre)
TRELLİS WG (İMAL),"%15 Triflumizole + %3,4 Cyflufenamid",WG (Suda Dağılabilen Granül)
EFDAL FİN 50 WG (İMAL),%50 Trifloxystrobin,WG (Suda Dağılabilen Granül)
TARKİM MESOD 500 SL (İTHAL),500 g/l Metam Sodium,SL (Suda Çözünen Konsantre)
TUMAYS (İMAL),400 g/l MCPA,SL (Suda Çözünen Konsantre)
GENALAN 464 SL (İMAL),"344 g/l 2,4-D asite eşdeğer dimethyl amonyum tuzu + 120 g/l Dicamba",SL (Suda Çözünen Konsantre)
WOPROSULF SC (İMAL),700 g/l Kükürt,SC (Akıcı Konsantre/Süspansiyon Konsantre)
HUBRAT 330 EC (İMAL),330 g/l Pendimethalin,EC (Emülsiye Olabilen Konsantre)
INTAKE 460 EC (İMAL),300 g/l Spiroxamine + 160 g/l Prothioconazole,EC (Emülsiye Olabilen Konsantre)
TANGO 460 EC (İMAL),300 g/l Spiroxamine + 160 g/l Prothioconazole,EC (Emülsiye Olabilen Konsantre)
MASTERSON 40 SL (İMAL),40 g/l Imazamox,SL (Suda Çözünen Konsantre)
COLORADO (İTHAL),"843,2 g/l Orange oil",HN (Sıcak Sisleme İlacı)
NUTRAL 75 WG (İMAL),%50 Tebuconazole + %25 Trifloxystrobin,WG (Suda Dağılabilen Granül)
TAİDO CS (İTHAL),50 g/l Lambda-cyhalothrin,CS (Kapsül Süspansiyon)
CADDIFEL 500 SC (İMAL),500 g/l Fluometuron,SC (Akıcı Konsantre/Süspansiyon Konsantre)
TUKAN 500 SC (İMAL),500 g/l Fluometuron,SC (Akıcı Konsantre/Süspansiyon Konsantre)
BİANOL (İMAL),"%30 Cymoxanil + %22,5 Famoxadone",WG (Suda Dağılabilen Granül)
SUMOVIL OD (İMAL),65 g/l Pyriproxyfen,OD (Yağda Dağılabilen)
LORİENT OD (İMAL),"100 g/l Cyhalofop-butyl + 13,3 g/l Penoxsulam",OD (Yağda Dağılabilen)
SULFOTAN 80 WG (İTHAL),%80 Kükürt,WG (Suda Dağılabilen Granül)
EFDAL NYMERİA (İMAL),500 g/l Metrafenone,SC (Akıcı Konsantre/Süspansiyon Konsantre)
MAKPLAN 20 SP (İMAL),%20 Acetamiprid,SP (Suda Çözünen Toz)
CLIOPHAR (İTHAL),100 g/l Clopyralid,SL (Suda Çözünen Konsantre)
MOREVİLLE 125 FS (İMAL),"75 g/l Azoxystrobin + 37,5 g/l Metalaxyl-m + 12,5 g/l Fludioxonil",FS (Tohum İlaçlaması İçin Akıcı Konsantre)
PLATHORIN 90 EC (İMAL),900 g/l Fosthiazate,EC (Emülsiye Olabilen Konsantre)
MORATA (İMAL),30 g/l Mesosulfuron-methyl + 90 g/l Mefenpyr-diethyl (safener),OD (Yağda Dağılabilen)
ASTRAVAX 50 SC (İMAL),500 g/l Tolclofos-methyl,SC (Akıcı Konsantre/Süspansiyon Konsantre)
KAROLINE 480 SC (İMAL),480 g/l Mesotrione,SC (Akıcı Konsantre/Süspansiyon Konsantre)
YOMA® (İMAL),375 g/l Fluazinam + 150 g/l Azoxystrobin,SC (Akıcı Konsantre/Süspansiyon Konsantre)
ALTUR 192 EC (İMAL),150 g/L Prochloraz+ 42 g/L Prothioconazole,EC (Emülsiye Olabilen Konsantre)
KARDRİS (İMAL),200 g/l Azoxystrobin + 125 g/l Difenoconazole,SC (Akıcı Konsantre/Süspansiyon Konsantre)
EFDAL LOKSBİN WG 75 (İMAL),%50 Tebuconazole + %25 Trifloxystrobin,WG (Suda Dağılabilen Granül)
POLYDOCTOR ® (İTHAL),"Pythium oligandrum strain M1, 1x10 üzeri 6 oospor/1 gr",WP (Islanabilir Toz)
KARCOP (İMAL),"65,82 g/l Metalik bakıra eşdeğer bakır sülfat",SC (Akıcı Konsantre/Süspansiyon Konsantre)
ACCEPT EC (İTHAL),200 g/l Cyprodinil,EC (Emülsiye Olabilen Konsantre)
CUPRALUX (İTHAL),%20 Metalik Bakıra Eşdeğer Bordo Bulamacı + %4 Cymoxanil,WG (Suda Dağılabilen Granül)
SAHARA 0.24 CB (İMAL),"0,24 g/l Spinosad",CB (Konsantre Yem)
ENYO (İTHAL),100 g/l Spirotetramat,SC (Akıcı Konsantre/Süspansiyon Konsantre)
FİPROSİL (İMAL),%25 Spinetoram,WG (Suda Dağılabilen Granül)
BKS BLACK GUARD 30 CM X100 M (İMAL),30 cm x 100 m Ebatında Siyah Renkli Yapışkan Tuzak,--- (-)
BKS BLACK GUARD 15 CM X 100 M (İMAL),15 cm x 100 m Ebatında Siyah Renkli Yapışkan Tuzak,--- (-)
AYEW 240 SC (İMAL),240 g/l Metaflumizone,SC (Akıcı Konsantre/Süspansiyon Konsantre)
MONTION SC 100 (İMAL),100 g/l Spirotetramat,SC (Akıcı Konsantre/Süspansiyon Konsantre)
BOWFİN (İMAL),%80 Kükürt,WG (Suda Dağılabilen Granül)
PİELDESA (İMAL),240 g/l Spinosad,SC (Akıcı Konsantre/Süspansiyon Konsantre)
SAFA CARETTE 35 WG (İMAL),%35 Chlorantraniliprole,WG (Suda Dağılabilen Granül)
PERENE ® (İMAL),25 g/l Fludioxonil + 10 g/l Metalaxyl-m,FS (Tohum İlaçlaması İçin Akıcı Konsantre)
MATHİLDA (İMAL),45 g/l Chlorantraniliprole + 18 g/l Abamectin,SC (Akıcı Konsantre/Süspansiyon Konsantre)
KADIRGA 063 SC (İMAL),45 g/l Chlorantraniliprole + 18 g/l Abamectin,SC (Akıcı Konsantre/Süspansiyon Konsantre)
MAKFOS 80 WP (İMAL),%80 Fosetyl-Al,WP (Islanabilir Toz)
EPPET (İMAL),200 g/l Chlorantraniliprole,SC (Akıcı Konsantre/Süspansiyon Konsantre)
BONTREF (İMAL),180 g/l Benfluralin,EC (Emülsiye Olabilen Konsantre)
ROZİER EC (İMAL),45 g/l Pinoxaden + 20 g/l Cloquintocet-mexyl (safener),EC (Emülsiye Olabilen Konsantre)
PHLEGETHON (İTHAL),45 g/l Chlorantraniliprole + 18 g/l Abamectin,SC (Akıcı Konsantre/Süspansiyon Konsantre)
EFDAL NARCOS 500 SC (İMAL),"312,5 g/l S-Metolachlor + 187,5 g/l Terbuthylazine",SC (Akıcı Konsantre/Süspansiyon Konsantre)
COHARS 200 EC (İMAL),200 g/l Cyhalofop-butyl,EC (Emülsiye Olabilen Konsantre)
KERNEL 400 SC (İMAL),400 g/l Propyzamide,SC (Akıcı Konsantre/Süspansiyon Konsantre)
SECTORİMA 40 SL (İMAL),40 g/l Imazamox,SL (Suda Çözünen Konsantre)
BLUSH (İTHAL),"118,5 g/l Prohydrojasmon",EC (Emülsiye Olabilen Konsantre)
CONELLA 20 SC (İMAL),200 g/l Chlorantraniliprole,SC (Akıcı Konsantre/Süspansiyon Konsantre)
PRESTICOR 600 SC (İTHAL),600 g/l Chlorantraniliprole,SC (Akıcı Konsantre/Süspansiyon Konsantre)
ALDOSİVİ (İMAL),"375 g/l S-Metolachlor + 125 g/l Terbuthylazine + 37,5 g/l Mesotrione",SE (Suspo-Emülsiyon)
METRİTE (İMAL),"116,2 g/l Clethodim",EC (Emülsiye Olabilen Konsantre)
LUSAKA 500 SC (İMAL),500 g/l Fluometuron,SC (Akıcı Konsantre/Süspansiyon Konsantre)
BILLBOARD (İMAL),200 g/l Chlorantraniliprole,SC (Akıcı Konsantre/Süspansiyon Konsantre)
KUUM SC (İMAL),45 g/l Chlorantraniliprole + 18 g/l Abamectin,SC (Akıcı Konsantre/Süspansiyon Konsantre)
COMMENT 800 EC (İMAL),800 g/l Mineral Yağ,EC (Emülsiye Olabilen Konsantre)
BİSECT 20 SC (İMAL),200 g/l Chlorantraniliprole,SC (Akıcı Konsantre/Süspansiyon Konsantre)
KİMBRO 35 FS (İMAL),25 g/l Fludioxonil + 10 g/l Metalaxyl-m,FS (Tohum İlaçlaması İçin Akıcı Konsantre)
RYNO-A 200 SC (İTHAL),200 g/l Chlorantraniliprole,SC (Akıcı Konsantre/Süspansiyon Konsantre)
SOLEA ® (İMAL),"12,5 g/l Fludioxonil + 5 g/l Metalaxyl",SC (Akıcı Konsantre/Süspansiyon Konsantre)
GROCEL (İTHAL),%15 Aminoethoxyvinylglycine Hidrokloride (AVG),SP (Suda Çözünen Toz)
BLUE SHIELD SC (İMAL),"357,5 g/l Metalik bakıra eşdeğer bakır oksiklorid",SC (Akıcı Konsantre/Süspansiyon Konsantre)
MELANGE SC (İMAL),136 g/l Metalik bakıra eşdeğer bakır hidroksit + 136 g/l Metalik bakıra eşdeğer bakır oksiklorid,SC (Akıcı Konsantre/Süspansiyon Konsantre)
MASTERTAN (İMAL),"65,82 g/l Metalik bakıra eşdeğer bakır sülfat",SC (Akıcı Konsantre/Süspansiyon Konsantre)
ASTARONS 25 EC (İMAL),250 g/l Difenoconazole,EC (Emülsiye Olabilen Konsantre)
ACS ACCUPANT PRO (İMAL),"%30 Cymoxanil + %22,5 Famoxadone",WG (Suda Dağılabilen Granül)
TORTUGA (İMAL),"75 g/l Azoxystrobin + 37,5 g/l Metalaxyl-m + 12,5 g/l Fludioxonil",FS (Tohum İlaçlaması İçin Akıcı Konsantre)
NANODAX (İMAL),300 g/l Azoxystrobin + 60 g/l Kresoxim-methyl,SC (Akıcı Konsantre/Süspansiyon Konsantre)
TANCHON 100 EC (İMAL),100 g/l Penconazole,EC (Emülsiye Olabilen Konsantre)
BAUKİS 360 SL (İMAL),360 g/l Hymexazole,SL (Suda Çözünen Konsantre)
CLERMONT 035 FS (İMAL),25 g/l Fludioxonil + 10 g/l Metalaxyl-m,FS (Tohum İlaçlaması İçin Akıcı Konsantre)
SAFA PRİZM (İMAL),"312,5 g/l S-Metolachlor + 187,5 g/l Terbuthylazine",SC (Akıcı Konsantre/Süspansiyon Konsantre)
FERDOCK 500 SC (İMAL),"312,5 g/l S-Metolachlor + 187,5 g/l Terbuthylazine",SC (Akıcı Konsantre/Süspansiyon Konsantre)
CARİUS SC (İMAL),200 g/l Boscalid + 100 g/l Kresoxim-methyl,SC (Akıcı Konsantre/Süspansiyon Konsantre)
MALERBA 20 WP (İMAL),%20 Pyridaben,WP (Islanabilir Toz)
JOYA 480 SC (İTHAL),480 g/l Flumioxazin,SC (Akıcı Konsantre/Süspansiyon Konsantre)
HOKUTO (İTHAL),250 g/l Ipfencarbazone,SC (Akıcı Konsantre/Süspansiyon Konsantre)
PELENON (İMAL),%3 Ferric Phosphate,GB (Granül Yem)
TREVİSO 20 WP (İMAL),%20 Pyridaben,WP (Islanabilir Toz)
WAİF 330 EC (İMAL),330 g/l Pendimethalin,EC (Emülsiye Olabilen Konsantre)
ESPRİTO OD (İMAL),"25,2 g/l Penoxsulam",OD (Yağda Dağılabilen)
EFDAL KATİZÖR (İMAL),480 g/l Mesotrione,SC (Akıcı Konsantre/Süspansiyon Konsantre)
LAPORTA (İMAL),800 g/l Prosulfocarb,EC (Emülsiye Olabilen Konsantre)
ROZARM 537.5 SE (İMAL),"375 g/l S-Metolachlor + 125 g/l Terbuthylazine + 37,5 g/l Mesotrione",SE (Suspo-Emülsiyon)
KHIAL (İTHAL),50 g/l Lambda-cyhalothrin,EC (Emülsiye Olabilen Konsantre)
KİSUKE WG (İMAL),%20 Flubendiamide,WG (Suda Dağılabilen Granül)
EMORTANİL 240 EC (İTHAL),240 g/l Clodinafop-propargyl + 60 g/l Cloquintocet-mexyl (safener),EC (Emülsiye Olabilen Konsantre)
SEDİGRO (İTHAL),%71.4 Tritosulfuron + %5.4 Florasulam,WG (Suda Dağılabilen Granül)
ROUEN EW (İMAL),"69 g/l Fenoxaprop-p-ethyl + 34,5 g/l Cloquintocet-mexyl (safener)","EW (Emülsiyon, Suda Yağ)"
HUSKY 5 SG (İMAL),%5 Emamectin benzoate,SG (Suda Çözünen Granül)
EFDAL KAPİYO (İMAL),75 g/l Indoxacarb + 18 g/l Abamectin,OD (Yağda Dağılabilen)
ASALONİ (İMAL),%20 Flubendiamide,WG (Suda Dağılabilen Granül)
RASAT 93 SC (İMAL),75 g/l Indoxacarb + 18 g/l Abamectin,SC (Akıcı Konsantre/Süspansiyon Konsantre)
VEFMAN 150 EC (İMAL),150 g/l Indoxacarb,EC (Emülsiye Olabilen Konsantre)
CHEPEN 20 WG (İMAL),%20 Flubendiamide,WG (Suda Dağılabilen Granül)
NAOMİ (İMAL),%20 Flubendiamide,WG (Suda Dağılabilen Granül)
ARMANTY 20 SL (İMAL),20 g/l Gibberellic acid,SL (Suda Çözünen Konsantre)
VİMBOO® (İMAL),200 g/l Proquinazid,EC (Emülsiye Olabilen Konsantre)
FELİSHA® (İMAL),"625 g/l Propamocarb-hydrochloride + 62,5 g/l Fluopicolide",SC (Akıcı Konsantre/Süspansiyon Konsantre)
PELIAS® (İMAL),"361,1 g/l Metalik bakıra eşdeğer bakır hidroksit",SC (Akıcı Konsantre/Süspansiyon Konsantre)
SOMBRA 93 SC (İMAL),75 g/l Indoxacarb + 18 g/l Abamectin,SC (Akıcı Konsantre/Süspansiyon Konsantre)
ŞÖVALYE (İMAL),225 g/l Tebuconazole + 75 g/l Flutriafol,SC (Akıcı Konsantre/Süspansiyon Konsantre)
ACS FOSETAL 80 WP (İMAL),%80 Fosetyl-Al,WP (Islanabilir Toz)
TABİAN 70 WG (İMAL),%70 Dithianon,WG (Suda Dağılabilen Granül)
ALEECE® 100 EC (İMAL),100 g/l Penconazole,EC (Emülsiye Olabilen Konsantre)
BLIN (İTHAL),200 g/l Tebuconazole + 120 g/l Azoxystrobin,SC (Akıcı Konsantre/Süspansiyon Konsantre)
RİNCH (İMAL),400 g/l Quinclorac + 40 g/l Imazamox,SC (Akıcı Konsantre/Süspansiyon Konsantre)
CRIMON 250 SC (İMAL),250 g/l Quinclorac,SC (Akıcı Konsantre/Süspansiyon Konsantre)
PELIX 250 SC (İMAL),250 g/l Quinclorac,SC (Akıcı Konsantre/Süspansiyon Konsantre)
GHEZZAL OF 120 (İMAL),30 g/l Mesosulfuron-methyl + 90 g/l Mefenpyr-diethyl (safener),OD (Yağda Dağılabilen)
ACS PYRI-TOS 300 SC (İMAL),300 g/l Pyrimethanil,SC (Akıcı Konsantre/Süspansiyon Konsantre)
VALDES 222 SC (İMAL),222 g/l Flubendiamide,SC (Akıcı Konsantre/Süspansiyon Konsantre)
STK YARDEN (İTHAL),150 g/l Tea tree oil + 100 g/l Fludioxonil,EC (Emülsiye Olabilen Konsantre)
CHEPEN 222 SC (İMAL),222 g/l Flubendiamide,SC (Akıcı Konsantre/Süspansiyon Konsantre)
VOLİERS 240 SC (İMAL),222 g/l Spirodiclofen + 18 g/l Abamectin,SC (Akıcı Konsantre/Süspansiyon Konsantre)
AGRIPHOS PLATE (İTHAL),%56 Magnesium Phosphide,PB (Tabaka Yem)
BKS BLUE ROLL 15 CM X100 M (İMAL),15 cm x 100 m Ebatında Mavi Renkli Yapışkan Tuzak,--- (-)
BKS BLUE ROLL 30 CM X100 M (İMAL),30 cm x 100 m Ebatında Mavi Renkli Yapışkan Şerit Tuzak,--- (-)
TIVMETIX 500 SC (İTHAL),500 g/l Lenacil,SC (Akıcı Konsantre/Süspansiyon Konsantre)
ERNESTO (İMAL),480 g/l Spinosad,SC (Akıcı Konsantre/Süspansiyon Konsantre)
ACS ACETAM 20 SP (İMAL),%20 Acetamiprid,SP (Suda Çözünen Toz)
GANDECO 65 EC (İMAL),650 g/l Malathion,EC (Emülsiye Olabilen Konsantre)
BKS YELLOW ROLL 30 CM X100 M (İMAL),30 cm x 100 m ebatında sarı yapışkan şerit tuzak,--- (-)
BKS YELLOW ROLL 15CM X100 M (İMAL),15 cm x 100 m Ebatında Sarı Renkli Yapışkan Tuzak,--- (-)
LUTHER 76 WG (İMAL),%76 Ziram,WG (Suda Dağılabilen Granül)
FARAZA 2 DS (İMAL),%2 Tebuconazole,DS (Kuru Tohum İlacı)
CYPERSUL 25 EC (İMAL),250 g/l Cypermethrin,EC (Emülsiye Olabilen Konsantre)
VİNOSH (İMAL),50 g/l Quizalofop-p-ethyl,EC (Emülsiye Olabilen Konsantre)
BANDERILLA 600 SC (İMAL),600 g/l Metribuzin,SC (Akıcı Konsantre/Süspansiyon Konsantre)
EMERGE (İTHAL),350 g/l Metamitron + 150 g/l Ethofumesate,SC (Akıcı Konsantre/Süspansiyon Konsantre)
SAFA SONIC (İMAL),720 g/l Ethephon,SL (Suda Çözünen Konsantre)
VERKALİN (İMAL),18 g/l Abamectin,"EW (Emülsiyon, Suda Yağ)"
VELGIBBER (İMAL),20 g/l Gibberellic acid,SL (Suda Çözünen Konsantre)
FARADAY (İMAL),"452,42 g/l 2,4-D 2-Ethylhexyl ester + 6,25 g/l Florasulam",SE (Suspo-Emülsiyon)
AGEDA® (İMAL),124 g/l Metalik bakıra eşdeğer bordo bulamacı,SC (Akıcı Konsantre/Süspansiyon Konsantre)
DE BARADA (İMAL),222 g/l Spirodiclofen + 18 g/l Abamectin,SC (Akıcı Konsantre/Süspansiyon Konsantre)
EXZONE (İMAL),"0,3 g/l Azadirachtin A + 0,5 g/l Pyrethrin",OD (Yağda Dağılabilen)
DİSPOSE (İMAL),500 g/l Pirimiphos methyl,EC (Emülsiye Olabilen Konsantre)
LORİNET (İMAL),%6 Metaldehyde,GB (Granül Yem)
NOUCAMP 10 SC (İMAL),110 g/l Etoxazole,SC (Akıcı Konsantre/Süspansiyon Konsantre)
CAMBER (İTHAL),"116,2 g/l Clethodim",EC (Emülsiye Olabilen Konsantre)
LUMIVIA (İTHAL),625 g/l Chlorantraniliprole,FS (Tohum İlaçlaması İçin Akıcı Konsantre)
NUKUS GB (İMAL),%3 Ferric Phosphate,GB (Granül Yem)
NOVTEX (İTHAL),%6 Metaldehyde,GB (Granül Yem)
PURONTO 500 SC (İMAL),500 g/l Clofentezine,SC (Akıcı Konsantre/Süspansiyon Konsantre)
MUMSY ® (İMAL),310 g/l Pyrimethanil + 95 g/l Trifloxystrobin,SC (Akıcı Konsantre/Süspansiyon Konsantre)
SAFA THEWIN EC (İMAL),130 g/l Pyraclostrobin + 80 g/l Metconazole,EC (Emülsiye Olabilen Konsantre)
ZİPSTAR (İTHAL),"%56,25 Tribenuron- methyl+ %18,75 Thifensulfuron-methyl",WG (Suda Dağılabilen Granül)
PROPAZATE (İMAL),400 g/l Propamocarb-hydrochloride + 50 g/l Cymoxanil,SC (Akıcı Konsantre/Süspansiyon Konsantre)
SEDNA® 250 SC (İMAL),250 g/l Flutriafol,SC (Akıcı Konsantre/Süspansiyon Konsantre)
ECHELON® (İMAL),300 g/l Pyrimethanil,SC (Akıcı Konsantre/Süspansiyon Konsantre)
CORİTİBA (İMAL),350 g/l Metamitron + 150 g/l Ethofumesate,SC (Akıcı Konsantre/Süspansiyon Konsantre)
CICERON® (İMAL),150 g/l Cyprodinil + 100 g/l Fludioxonil,SC (Akıcı Konsantre/Süspansiyon Konsantre)
DIREN 50 WP (İMAL),%50 Cymoxanil,WP (Islanabilir Toz)
AGRONOM NAFTOCINE 31 SL (İMAL),25 g/l Sodium s-Naphthaline Acetate + 3 g/l Sodium Para Nitrophenolate + 2 g/l Sodium Ortho Nitrophenolate + 1 g/l Sodium Penta Nitroguaiacolate,SL (Suda Çözünen Konsantre)
AGRONOM BESTONİK 6 SL (İMAL),3 g/l Sodium para nitropheonolate + 2 g/l Sodium ortho nitrophenolate + 1 g/l Sodium penta nitroguaiacolate,SL (Suda Çözünen Konsantre)
LİVO (İTHAL),600 g/l Orange oil,EC (Emülsiye Olabilen Konsantre)
SABADELL 250 WG (İMAL),%25 Spinetoram,WG (Suda Dağılabilen Granül)
ROPAS 100 EC (İMAL),100 g/l Penconazole,EC (Emülsiye Olabilen Konsantre)
VENZATE (İMAL),"18,8 g/l 6-Benzyladenine + 18,5 g/l Gibberellin A4/A7",SL (Suda Çözünen Konsantre)
FRS MUST-İ 65 EC (İMAL),650 g/l Malathion,EC (Emülsiye Olabilen Konsantre)
TANİTA (İMAL),"18,8 g/l 6-Benzyladenine + 18,5 g/l Gibberellin A4/A7",SL (Suda Çözünen Konsantre)
PLEDGE 50 WP (İTHAL),%50 Flumioxazin,WP (Islanabilir Toz)
CEREALMUST EC 460 (İMAL),300 g/l Spiroxamine + 160 g/l Prothioconazole,EC (Emülsiye Olabilen Konsantre)
PENDIKILL 330 EC (İTHAL),330 g/l Pendimethalin,EC (Emülsiye Olabilen Konsantre)
GENERAL AMİN 500 SL (İMAL),"500 g/l 2,4-D asite eşdeğer dimethyl amin tuzu",SL (Suda Çözünen Konsantre)
PASANDRO 75 WG (İMAL),%75 Halosulfuron-methyl,WG (Suda Dağılabilen Granül)
FORMAT 600 EC (İMAL),"400 g/L Fluazinam+193,6 g/L Metalaxyl-M",EC (Emülsiye Olabilen Konsantre)
CARNOT 100 EC (İMAL),100 g/l Alpha-cypermethrin,EC (Emülsiye Olabilen Konsantre)
MATHIAS (İMAL),"%25,2 Boscalid + %12,8 Pyraclostrobin",WG (Suda Dağılabilen Granül)
GELUER (İMAL),240 g/l Clopyralid + 80 g/l Picloram + 40 g/l Aminopyralid,SL (Suda Çözünen Konsantre)
ACS PENDIM 330 EC (İMAL),330 g/l Pendimethalin,EC (Emülsiye Olabilen Konsantre)
BANEGA (İMAL),200 g/l Cyhalofop-butyl,EC (Emülsiye Olabilen Konsantre)
MATURİTY (İMAL),150 g/L Prochloraz+ 42 g/L Prothioconazole,EC (Emülsiye Olabilen Konsantre)
UNDEKA 75 WG (İMAL),%75 Tribenuron-methyl,WG (Suda Dağılabilen Granül)
AGRONOM GIBBEST 20 SL (İMAL),20 g/l Gibberellic acid,SL (Suda Çözünen Konsantre)
LEONİS (İMAL),"186,5 g/l Maleic Hydrazide",SL (Suda Çözünen Konsantre)
EVOLVE 480 SC (İTHAL),240 g/l Azoxystrobin + 240 g/l Fludioxonil,SC (Akıcı Konsantre/Süspansiyon Konsantre)
MEZİFOL EW (İMAL),"51,3 g/l Cyflufenamid","EW (Emülsiyon, Suda Yağ)"
MEİSSA® (İMAL),259 g/l Metalik bakıra eşdeğer bakır hidroksit + 49 g/l Metalaxyl,SC (Akıcı Konsantre/Süspansiyon Konsantre)
GENAMO 240 SC (İMAL),240 g/l Spirodiclofen,SC (Akıcı Konsantre/Süspansiyon Konsantre)
RAMIRUS (İTHAL),800 g/l Prosulfocarb + 120 g/l S-Metolachlor,EC (Emülsiye Olabilen Konsantre)
SUPHRA-MET (İMAL),296 g/l Azoxystrobin + 218 g/l Flutriafol,SC (Akıcı Konsantre/Süspansiyon Konsantre)
SAFA ACCESS (İMAL),45 g/l Pinoxaden + 20 g/l Cloquintocet-mexyl (safener),EC (Emülsiye Olabilen Konsantre)
TREZAC 55 EC (İTHAL),"31,27 g/l halauxifen-methyl+ 26,3 g/l aminopyralid+ 30 g/l cloquintocet-mexyl (safener)",EC (Emülsiye Olabilen Konsantre)
AGROFARM TRANSFER (İMAL),45 g/l Pyroxsulam + 90 g/l Cloquintocet-mexyl (safener),OD (Yağda Dağılabilen)
LACARON 465 SC (İMAL),420 g/l Metamitron + 45 g/l Quinmerac,SC (Akıcı Konsantre/Süspansiyon Konsantre)
TOBLERON 240 SC (İMAL),240 g/l Spiromesifen,SC (Akıcı Konsantre/Süspansiyon Konsantre)
SEGUEL 880 EC (İMAL),800 g/l Prosulfocarb + 80 g/l Metribuzin,EC (Emülsiye Olabilen Konsantre)
SANTİS WG (İMAL),"%7,08 Pyroxsulam + %1,42 Florasulam + %7,08 Cloquintocet-mexyl (safener)",WG (Suda Dağılabilen Granül)
PİRİNOVA (İMAL),250 g/l Quinclorac,SC (Akıcı Konsantre/Süspansiyon Konsantre)
ACS AZOXRIS 250 SC (İMAL),250 g/l Azoxystrobin,SC (Akıcı Konsantre/Süspansiyon Konsantre)
MERGER 85 WG (İMAL),"%7,08 Pyroxsulam + %1,42 Florasulam + %7,08 Cloquintocet-mexyl (safener)",WG (Suda Dağılabilen Granül)
SAFA LASTQUEEN (İMAL),"250 g/l Quinclorac + 150 g/l Dicamba + 120 g/l 2,4-D",SC (Akıcı Konsantre/Süspansiyon Konsantre)
TEBERDE (İMAL),20 g/l 6-Benzyladenine,SL (Suda Çözünen Konsantre)
KARTRİL (İMAL),300 g/l Bromoxynil + 300 g/l MCPA,EC (Emülsiye Olabilen Konsantre)
EXTANG 48 SL (İMAL),480 g/l Ethephon,SL (Suda Çözünen Konsantre)
ERKEEN (İMAL),300 g/l Bromoxynil + 300 g/l MCPA,EC (Emülsiye Olabilen Konsantre)
COSMOLUX 720 SL (İTHAL),720 g/l Ethephon,SL (Suda Çözünen Konsantre)
BAELİSH 5 EC (İMAL),50 g/l Lambda-cyhalothrin,EC (Emülsiye Olabilen Konsantre)
SENSUW OD 120 (İMAL),30 g/l Mesosulfuron-methyl + 90 g/l Mefenpyr-diethyl (safener),OD (Yağda Dağılabilen)
MIZONA® (İTHAL),200 g/l Pyraclostrobin + 30 g/l Fluxapyroxad,EC (Emülsiye Olabilen Konsantre)
PENDIKILL 455 CS (İTHAL),455 g/l Pendimethalin,CS (Kapsül Süspansiyon)
SPONSOR AQUA (İMAL),455 g/l Pendimethalin,CS (Kapsül Süspansiyon)
MADDOG 70 WP (İMAL),%70 Metamitron,WP (Islanabilir Toz)
PİL-CONTROL (İMAL),400 g/l Buprofezin,SC (Akıcı Konsantre/Süspansiyon Konsantre)
KİLLMEC (İTHAL),18 g/l Abamectin,EC (Emülsiye Olabilen Konsantre)
NOO-MITE (İMAL),500 g/l (%49) Yağ asitlerinin potasyum tuzları,SL (Suda Çözünen Konsantre)
MİXFORTEX (İMAL),"50 g/l Diflufenican+ 7,5 g/l Mesosulfuron methyl + 2,5 g/l Iodosulfuron methyl sodium + 22,5 g/l Mefenpyr diethyl (safener)",OD (Yağda Dağılabilen)
TUTATEC (İTHAL),"0,185 g (E,Z,Z)-(3,8,11)-tetradecatrien -1-yl acetate + (E,Z)-(3,8) tetradecadien-1-yl acetate / Feromon çubuğu",--- (-)
MİRALON (İTHAL),75 g/l Azoxystrobin + 50 g/l Fluxapyroxad,EC (Emülsiye Olabilen Konsantre)
ESMURY SC 240 (İMAL),222 g/l Spirodiclofen + 18 g/l Abamectin,SC (Akıcı Konsantre/Süspansiyon Konsantre)
DEBASCO (İTHAL),600 g/l Pethoxamid,EC (Emülsiye Olabilen Konsantre)
AGNOTORİN 10 G (İTHAL),%10 Fosthiazate,GR (Granül)
ACS CYHALOF 200 EC (İMAL),200 g/l Cyhalofop-butyl,EC (Emülsiye Olabilen Konsantre)
COSAGRAN (İTHAL),%80 Kükürt,WG (Suda Dağılabilen Granül)
SUMATRA (İMAL),200 g/l Azoxystrobin + 80 g/l Cyproconazole,SC (Akıcı Konsantre/Süspansiyon Konsantre)
PLASTEAM (İMAL),%35 Metalaxyl,DS (Kuru Tohum İlacı)
MISTRICOLLE (İTHAL),%10 Fosthiazate,GR (Granül)
TACNA-P (İMAL),270 g/l Terbuthylazine + 64 g/l Pendimethalin,SE (Suspo-Emülsiyon)
CUBELS (İMAL),%6 Metaldehyde,GB (Granül Yem)
ISOCOD-C (İTHAL),"380 mg ((E,E)-8,10-Dodecadienol,dodecanol,tetradecanol) / Feromon çubuğu",--- (-)
EXENTIS 350 SC (İTHAL),200 g/l Azoxystrobin + 150 g/l Prothioconazole,SC (Akıcı Konsantre/Süspansiyon Konsantre)
CHUCK (İMAL),80 g/l Triticonazole + 40 g/l Pyraclostrobin,FS (Tohum İlaçlaması İçin Akıcı Konsantre)
SHIZUKU (İTHAL),124 g/l Spirotetramat + 31 g/l Abamectin,SC (Akıcı Konsantre/Süspansiyon Konsantre)
CEKAT (İTHAL),%24 Methoxyfenozide + %15 Acetamiprid,WG (Suda Dağılabilen Granül)
KARCYPER 25 EC (İMAL),250 g/l Cypermethrin,EC (Emülsiye Olabilen Konsantre)
BARTİCOR (İTHAL),25 g/l Difenoconazole + 25 g/l Fludioxonil,FS (Tohum İlaçlaması İçin Akıcı Konsantre)
NOTEREN (İMAL),800 g/l Prosulfocarb + 80 g/l Metribuzin,EC (Emülsiye Olabilen Konsantre)
SAFA KAYLE 400 SL (İMAL),"240 g/l Glyphosate Asit (323,9 g/l Glyphosate Isopropylamin Tuzuna eşdeğer) + 160 g/l 2,4-D Asit (371 g/l Alkylamidopropyl Dimethil Amin Tuzuna eşdeğer))",SL (Suda Çözünen Konsantre)
TURMALİN (İMAL),"18,8 g/l 6-Benzyladenine + 18,5 g/l Gibberellin A4/A7",SL (Suda Çözünen Konsantre)
SNABB (İMAL),10 g/l Gibberellin A4/A7,SL (Suda Çözünen Konsantre)
HENTROM 75 WG (İTHAL),%50 Thifensulfuron-methyl + %25 Tribenuron-methyl,WG (Suda Dağılabilen Granül)
VAPAM (İTHAL),500 g/l Metam Sodium,SL (Suda Çözünen Konsantre)
LIGABIS 25 WG (İTHAL),%25 Rimsulfuron,WG (Suda Dağılabilen Granül)
TALADRO (İMAL),"%7,5 Pyroxsulam + %7,5 Cloquintocet-mexyl (safener)",WG (Suda Dağılabilen Granül)
SHIFA 18 EW (İTHAL),18 g/l Abamectin,"EW (Emülsiyon, Suda Yağ)"
EWADEL SC (İMAL),88 g/l Mepiquat Chloride + 22 g/l Cyclanilide,SC (Akıcı Konsantre/Süspansiyon Konsantre)
LİPİNSKİ 720 SL (İMAL),720 g/l Ethephon,SL (Suda Çözünen Konsantre)
USANBO 360 CS (İMAL),360 g/l Clomazone,CS (Kapsül Süspansiyon)
SCRAPE 100 SL (İMAL),100 g/l Clopyralid,SL (Suda Çözünen Konsantre)
GİBBELEX 20 SL (İMAL),20 g/l Gibberellic acid,SL (Suda Çözünen Konsantre)
ADENIS WG (İMAL),"%3 Mesosulfuron-methyl + %0,6 Iodosulfuron-methyl sodium + %9 Mefenpeyr-diethyl (safener)",WG (Suda Dağılabilen Granül)
KARALFA 100 EC (İMAL),100 g/l Alpha-cypermethrin,EC (Emülsiye Olabilen Konsantre)
AMIPLAN (İMAL),%20 Acetamiprid,SP (Suda Çözünen Toz)
ARKADYA (İMAL),600 g/l Aclonifen,SC (Akıcı Konsantre/Süspansiyon Konsantre)
COCPIT SE (İMAL),240 g/l Glyphosate IPA + 200 g/l Carfentrazone-ethyl + 30 g/l Diuron,SE (Suspo-Emülsiyon)
MENTA FRİDA (İMAL),500 g/l Fenhexamid,SC (Akıcı Konsantre/Süspansiyon Konsantre)
LONGMİRE SC (İMAL),"625 g/l Propamocarb-hydrochloride + 62,5 g/l Fluopicolide",SC (Akıcı Konsantre/Süspansiyon Konsantre)
AGNODATE (İMAL),60 g/l Tebuconazole,FS (Tohum İlaçlaması İçin Akıcı Konsantre)
NOVAGARD (İMAL),"237,5 g/L Spirotetramat + 32,5 g/L Abamectin",CS (Kapsül Süspansiyon)
ACS IPRORAL 100 EC (İMAL),100 g/l Pyriproxyfen,EC (Emülsiye Olabilen Konsantre)
KAMELOT 320 SC (İMAL),200 g/l Tebuconazole + 120 g/l Azoxystrobin,SC (Akıcı Konsantre/Süspansiyon Konsantre)
DE CONSETA (İMAL),%50 Trifloxystrobin,WG (Suda Dağılabilen Granül)
TOGEPİ 35 FS (İMAL),25 g/l Fludioxonil + 10 g/l Metalaxyl-m,FS (Tohum İlaçlaması İçin Akıcı Konsantre)
EFDAL KUTSO (İMAL),%30 Metalik bakıra eşdeğer bakır hidroksit,WG (Suda Dağılabilen Granül)
SONJAK 500 SC (İMAL),500 g/l Dodine,SC (Akıcı Konsantre/Süspansiyon Konsantre)
MEDUS (İMAL),%30 Metalik bakıra eşdeğer bakır hidroksit,WG (Suda Dağılabilen Granül)
MUVETTOO SC 100 (İMAL),100 g/l Spirotetramat,SC (Akıcı Konsantre/Süspansiyon Konsantre)
SALTOOK (İMAL),120 g/l Spinetoram,SC (Akıcı Konsantre/Süspansiyon Konsantre)
ACS IGUANA 240 SC (İMAL),240 g/l Spirodiclofen,SC (Akıcı Konsantre/Süspansiyon Konsantre)
KAYRİS (İMAL),267 g/l Prochloraz + 133 g/l Tebuconazole,"EW (Emülsiyon, Suda Yağ)"
ZYRGON (İMAL),222 g/l Flubendiamide,SC (Akıcı Konsantre/Süspansiyon Konsantre)
LİSTO SC (İMAL),250 g/l Quinclorac + 144 g/l Dicamba,SC (Akıcı Konsantre/Süspansiyon Konsantre)
U-46 (İTHAL),"345 g/l 2,4-D + 345 g/l MCPA",SL (Suda Çözünen Konsantre)
INTEGRITY (İTHAL),600 g/l Dimethenamid-p + 68 g/l Saflufenacil,EC (Emülsiye Olabilen Konsantre)
DECCOPYR POT® (İTHAL),%30 Pyrimethanil,GE (Gaz Üreten İlaç)
FEROTABA (İMAL),10 cm*25 cm Sarı Renkli Yapışkan Tuzak,Sarı Yapışkan Tuzak (-)
APRIL (İMAL),%50 Flonicamid,WG (Suda Dağılabilen Granül)
BELT SC 480 (İTHAL),480 g/l Flubendiamide,SC (Akıcı Konsantre/Süspansiyon Konsantre)
ECOLIA® 300 EC (İTHAL),175 g/l Prothioconazole + 125 g/l Difenoconazole,EC (Emülsiye Olabilen Konsantre)
TIRPAN (İMAL),250 g/l Glyphosate asite eşdeğer Glyphosate Isopropylamin Tuzu + 40 g/l Diflufenican,SC (Akıcı Konsantre/Süspansiyon Konsantre)
KASTRUP (İMAL),156 g/l Acequinocyl,SC (Akıcı Konsantre/Süspansiyon Konsantre)
REVYPACT (İTHAL),100 g/l Mefentrifluconazole + 50 g/l Fluxapyroxad,EC (Emülsiye Olabilen Konsantre)
RUFUS (İMAL),110 g/l Etoxazole,SC (Akıcı Konsantre/Süspansiyon Konsantre)
MERİTA (İMAL),%50 Tebuconazole + %25 Trifloxystrobin,WG (Suda Dağılabilen Granül)
PROTONIC (İMAL),3 g/l Sodium para nitropheonolate + 2 g/l Sodium ortho nitrophenolate + 1 g/l Sodium penta nitroguaiacolate,SL (Suda Çözünen Konsantre)
SPITFIRE 500 SL (İTHAL),500 g/l Metam Sodium,SL (Suda Çözünen Konsantre)
PLAZOL 80 WP (İMAL),%80 Diuron,WP (Islanabilir Toz)
TAPPUTİ (İMAL),233 g/l Thiophanate-methyl + 70 g/l Tetraconazole,SE (Suspo-Emülsiyon)
SAFA GUARD (İMAL),220 g/l Dicamba + 50 g/l Nicosulfuron,OD (Yağda Dağılabilen)
DEBET (İMAL),200 g/l Cyhalofop-butyl + 100 g/l Quinclorac,SC (Akıcı Konsantre/Süspansiyon Konsantre)
TANOKA (İMAL),220 g/l Dicamba + 50 g/l Nicosulfuron,OD (Yağda Dağılabilen)
GRABBER (İMAL),200 g/l Carfentrazone-ethyl + 30 g/l Diuron,SE (Suspo-Emülsiyon)
WİKİLİS OD (İMAL),10 g/l Mesosulfuron methyl + 2 g/l Iodosulfuron-methyl sodium + 30 g/l Mefenpyr-diethyl (safener),OD (Yağda Dağılabilen)
SUGARO (İMAL),350 g/l Metamitron + 150 g/l Ethofumesate,SC (Akıcı Konsantre/Süspansiyon Konsantre)
HEKTAŞ ANTIO (İMAL),300 g/l Spiroxamine + 160 g/l Prothioconazole,EC (Emülsiye Olabilen Konsantre)
WINONA® (İTHAL),22.5 g/L Fludioxonil+ 15 g/L Sedaxane+15 g/L Metalaxyl-M,FS (Tohum İlaçlaması İçin Akıcı Konsantre)
YUTAKA (İMAL),250 g/l Prochloraz+75 g/l Trifloxystrobin+50 g/l Cyproconazole,SE (Suspo-Emülsiyon)
"SPIN WG 41,5 (İMAL)","%24 Flufenacet + %17,5 Metribuzin",WG (Suda Dağılabilen Granül)
ASTRACOP (İMAL),"65,82 g/l Metalik bakıra eşdeğer bakır sülfat",SC (Akıcı Konsantre/Süspansiyon Konsantre)
LONTREL 600 (İTHAL),600 g/l Clopyralid,SL (Suda Çözünen Konsantre)
İZBIRAKAN (İMAL),%50 Flonicamid,WG (Suda Dağılabilen Granül)
AMETRİNE (İMAL),25 g/l Deltamethrin,EC (Emülsiye Olabilen Konsantre)
KUNDUZ (İMAL),230 g/l Pendimethalin + 150 g/l Flurochloridone,EC (Emülsiye Olabilen Konsantre)
EMDİT (İTHAL),%50 Kresoxim-methyl,WG (Suda Dağılabilen Granül)
SAUPOLO 80 WG (İTHAL),%80 Kükürt,WG (Suda Dağılabilen Granül)
SANTOR (İTHAL),"%30 Cymoxanil + %22,5 Famoxadone",WG (Suda Dağılabilen Granül)
DE JALOKIN (İMAL),"%25,2 Boscalid + %12,8 Pyraclostrobin",WG (Suda Dağılabilen Granül)
CODE BLACK (İMAL),720 g/l Ethephon + 45 g/l Cyclanilide,SC (Akıcı Konsantre/Süspansiyon Konsantre)
SAFA SOLİD 85 WG (İMAL),"%7,08 Pyroxsulam + %1,42 Florasulam + %7,08 Cloquintocet-mexyl (safener)",WG (Suda Dağılabilen Granül)
NORASAC® (İTHAL),267 g/l Prochloraz + 133 g/l Tebuconazole,"EW (Emülsiyon, Suda Yağ)"
SEABELL (İMAL),"85 g/l Pyraclostrobin + 62,5 g/l Epoxiconazole",SE (Suspo-Emülsiyon)
AMANGEL SL (İMAL),421 g/l Hidrolize Protein,SL (Suda Çözünen Konsantre)
BOSTRİO (İMAL),240 g/l Spinosad,SC (Akıcı Konsantre/Süspansiyon Konsantre)
LESCANO (İMAL),"312,5 g/l S-Metolachlor + 187,5 g/l Terbuthylazine",SC (Akıcı Konsantre/Süspansiyon Konsantre)
ELDORA 40 OD (İMAL),40 g/l Nicosulfuron,OD (Yağda Dağılabilen)
PIRECRIS (İTHAL),20 g/l Pyrethrin,EC (Emülsiye Olabilen Konsantre)
ALURA 120 OD (İMAL),30 g/l Mesosulfuron-methyl + 90 g/l Mefenpyr-diethyl (safener),OD (Yağda Dağılabilen)
FİTOZİN (İMAL),200 g/l Tebuconazole + 120 g/l Azoxystrobin,SC (Akıcı Konsantre/Süspansiyon Konsantre)
CLARETA (İMAL),600 g/l Aclonifen,SC (Akıcı Konsantre/Süspansiyon Konsantre)
SYMIRNA (İTHAL),%40 Diflufenican + %5 Iodosulfuron methyl-sodium + %2 Florasulam + %10 Cloquintocet-mexyl (Safener),WG (Suda Dağılabilen Granül)
ABANA SC (İMAL),375 g/l Pyrimethanil +125 g/l Fluopyram,SC (Akıcı Konsantre/Süspansiyon Konsantre)
FEROİPSE (İMAL),15 cm x 100 m Ebatında Mavi Renkli Yapışkan Tuzak,Mavi Yapışkan Tuzak (-)
FEROPİTCU (İMAL),15 cm x 100 m Ebatında Sarı Renkli Yapışkan Tuzak,Sarı Yapışkan Tuzak (-)
STILLO 700 SC (İMAL),700 g/l Metamitron,SC (Akıcı Konsantre/Süspansiyon Konsantre)
FEROPALM (İMAL),10 cm*25 cm Mavi Renkli Yapışkan Tuzak,Mavi Yapışkan Tuzak (-)
KINPLAN (İTHAL),%20 Acetamiprid,SP (Suda Çözünen Toz)
NOCAUT EC (İTHAL),250 g/l Spirodiclofen,EC (Emülsiye Olabilen Konsantre)
HACHIMAN 50 WG (İTHAL),%50 Flonicamid,WG (Suda Dağılabilen Granül)
GROUND (İMAL),75 g/l Indoxacarb + 18 g/l Abamectin,SC (Akıcı Konsantre/Süspansiyon Konsantre)
DAGROLİNT 20 EC (İMAL),20 g/l Emamectin benzoate,EC (Emülsiye Olabilen Konsantre)
HYDROMİCRON (İMAL),"361,1 g/l Metalik bakıra eşdeğer bakır hidroksit",SC (Akıcı Konsantre/Süspansiyon Konsantre)
UNİMURON 500 SC (İTHAL),500 g/l Fluometuron,SC (Akıcı Konsantre/Süspansiyon Konsantre)
CAPRENO SC 547 (İTHAL),345 g/l Tembotrione + 68 g/l Thiencarbazone-methyl-sodium + 134 g/l Isoxadifen- ethyl,SC (Akıcı Konsantre/Süspansiyon Konsantre)
ESSEN'CIEL (İTHAL),60 g/l Orange oil,ME (Mikro-Emülsiyon)
QUAKE® 112.5 EC (İTHAL),62.5 g/l Pyraclostrobin + 50 g/l Fenpicoxamid,EC (Emülsiye Olabilen Konsantre)
NAKAVT 5 EC (İMAL),50 g/l Lambda-cyhalothrin,EC (Emülsiye Olabilen Konsantre)
RANGE KING (İMAL),5 g/l Abamectin,OD (Yağda Dağılabilen)
SHINYA (İMAL),50 g/l Lambda-cyhalothrin,EC (Emülsiye Olabilen Konsantre)
FRSBORDO (İMAL),%20 Metalik bakıra eşdeğer bordo bulamacı,WP (Bordo Bulamacı) (Islanabilir Toz)
CANAMİRAL 80 WP (İMAL),%80 Fosetyl-Al,WP (Islanabilir Toz)
KADMOS (İTHAL),% 98 Dazomet,MG (Mikro Granül)
DE BELMORE (İMAL),%20 Tebufenpyrad,WP (Islanabilir Toz)
HUSAF 25 SL (İMAL),25 g/l Imazamox,SL (Suda Çözünen Konsantre)
KUASA (İMAL),%20 Flubendiamide,WG (Suda Dağılabilen Granül)
DAGROLİNT 5.7 SG (İTHAL),% 5.7 Emamectin benzoate,SG (Suda Çözünen Granül)
HELLBOY (İMAL),200 g/l Glufosinate-ammonium tuzu,SL (Suda Çözünen Konsantre)
HADES 45 WG (İMAL),%30 Aminopyralid + %15 Florasulam,WG (Suda Dağılabilen Granül)
NANOK (İTHAL),125 g/l Azoxystrobin + 125 g/l Flutriafol,SC (Akıcı Konsantre/Süspansiyon Konsantre)
AZAMOUR 320 SC (İMAL),200 g/l Tebuconazole + 120 g/l Azoxystrobin,SC (Akıcı Konsantre/Süspansiyon Konsantre)
OTOUT (İMAL),%25 Rimsulfuron,SG (Suda Çözünen Granül)
SALİDA 880 EC (İMAL),800 g/l Prosulfocarb + 80 g/l Metribuzin,EC (Emülsiye Olabilen Konsantre)
CORAZON 25 WP (İMAL),%25 Tebuconazole,WP (Islanabilir Toz)
ENTIRE 50 EC (İTHAL),50 g/l Quizalofop-p-ethyl,EC (Emülsiye Olabilen Konsantre)
ACADEMİ (İMAL),200 g/l Tebuconazole + 120 g/l Azoxystrobin,SC (Akıcı Konsantre/Süspansiyon Konsantre)
MİHAL (İMAL),%6 Metaldehyde,GB (Granül Yem)
DA VİNCİ (İMAL),"228,6 g/l Spiromesifen + 11,4 g/l Abamectin",SC (Akıcı Konsantre/Süspansiyon Konsantre)
GARNAT 700 (İMAL),700 g/l Mineral Yağ,"EW (Emülsiyon, Suda Yağ)"
ROSEMAT (İMAL),700 g/l Mineral Yağ,"EW (Emülsiyon, Suda Yağ)"
BİRBEN OD 140 (İTHAL),100 g/l Mesotrione + 40 g/l Nicosulfuron,OD (Yağda Dağılabilen)
CASSİNİ (İMAL),240 g/l Spinosad,SC (Akıcı Konsantre/Süspansiyon Konsantre)
NERIA 25 SL (İMAL),25 g/l Imazamox,SL (Suda Çözünen Konsantre)
PIURA-P (İMAL),270 g/l Terbuthylazine + 64 g/l Pendimethalin,SE (Suspo-Emülsiyon)
PRİN (İMAL),33 g/l Imazamox +10 g/l Penoxsulam,SC (Akıcı Konsantre/Süspansiyon Konsantre)
EFDAL STRANGER OF 120 (İMAL),30 g/l Mesosulfuron-methyl + 90 g/l Mefenpyr-diethyl (safener),OD (Yağda Dağılabilen)
ETERNİTY (İMAL),%50 Flonicamid,WG (Suda Dağılabilen Granül)
FOREHAND (İMAL),75 g/l Mesotrione + 30 g/l Nicosulfuron,OD (Yağda Dağılabilen)
ZORVEC VINABRIA® (İTHAL),500 g/L Folpet+ 10 g/L Oxathiapiprolin,SC (Akıcı Konsantre/Süspansiyon Konsantre)
FRS HENNA (İMAL),300 g/l Ametoctradin + 225 g/l Dimethomorph,SC (Akıcı Konsantre/Süspansiyon Konsantre)
FRUCAST 50 WP (İMAL),%50 Cymoxanil,WP (Islanabilir Toz)
EMANTARA (İTHAL),480 g/l Ethephon,SL (Suda Çözünen Konsantre)
CAMENTA (İMAL),915 g/l S-Metolachlor + 45 g/l Benoxacor (safener),EC (Emülsiye Olabilen Konsantre)
SAFA MULTİWİN 225 SC (İMAL),190 g/l Metalik Bakıra eşdeğer bazik bakır sülfat + 35 g/l Cymoxanil,SC (Akıcı Konsantre/Süspansiyon Konsantre)
SALİDA 800 EC (İMAL),800 g/l Prosulfocarb,EC (Emülsiye Olabilen Konsantre)
FLYBE (İTHAL),1 g/tb Gibberellic Acid,ST (Suda Çözünen Tablet)
PHASMA® (İTHAL),50 g/L Fludioxonil+ 40 g/L Sedaxane,FS (Tohum İlaçlaması İçin Akıcı Konsantre)
CAMPARE® (İMAL),%50 Captan,WP (Islanabilir Toz)
MONOGARD (İMAL),230 g/l Metaflumizone+16 g/l Abamectin,CS (Kapsül Süspansiyon)
DELFIN OD (İMAL),Bacillus thuringiensis var. kurstaki (16.000 IU/mg),OD (Yağda Dağılabilen)
INSPY EC 460 (İMAL),300 g/l Spiroxamine + 160 g/l Prothioconazole,EC (Emülsiye Olabilen Konsantre)
GLADIUS (İTHAL),106 g/l Flometoquin,SC (Akıcı Konsantre/Süspansiyon Konsantre)
DATCOM (İMAL),100 g/l Tetraconazole,EC (Emülsiye Olabilen Konsantre)
CELLCON (İMAL),375 g/l Phosphorous Acid (mono ve di-potasyum tuzları) + 125 g/L Dithianon,SC (Akıcı Konsantre/Süspansiyon Konsantre)
GRAFIMAX (İTHAL),"271,49 g/L 2,4-D EHE + 11,8 g/L Aminopyralid + 5 g/l Florasulam",SE (Suspo-Emülsiyon)
LİMUZİN 70 WG (İMAL),%70 Metribuzin,WG (Suda Dağılabilen Granül)
MAKRON (İMAL),%12 Dithianon + %4 Pyraclostrobin,WG (Suda Dağılabilen Granül)
PRINCIPAL (İTHAL),"% 56,2 Dicamba sodyum tuzu (%51,04 Dicamba asite eşdeğer) + % 6,25 Nicosulfuron + % 3,13 Rimsulfuron + % 3,13 Isoxadifen-ethyl (safener)",WG (Suda Dağılabilen Granül)
ACENA® 450 EC (İMAL),450 g/l Prochloraz,EC (Emülsiye Olabilen Konsantre)
ISADOR® (İMAL),150 g/l Prothioconazole + 20 g/l Tebuconazole,FS (Tohum İlaçlaması İçin Akıcı Konsantre)
EFDAL KRESDİT 50 WG (İMAL),%50 Kresoxim-methyl,WG (Suda Dağılabilen Granül)
TENACE ® WG (İTHAL),"%60 Kükürt + %1,5 Tetraconazole",WG (Suda Dağılabilen Granül)
TETRAMET 222 SC (İMAL),222 g/l Flubendiamide,SC (Akıcı Konsantre/Süspansiyon Konsantre)
ELVERA (İMAL),150 g/l Indoxacarb,OD (Yağda Dağılabilen)
ASTOUND® (İMAL),150 g/l Prothioconazole + 20 g/l Tebuconazole,FS (Tohum İlaçlaması İçin Akıcı Konsantre)
FEROPİTYO (İMAL),30 cm x 100 m ebatında sarı yapışkan şerit tuzak,Sarı Yapışkan Tuzak (-)
FEROTOPİ (İMAL),30 cm x 100 m Ebatında Mavi Renkli Yapışkan Şerit Tuzak,Mavi Yapışkan Tuzak (-)
KADRAN 500 SC (İMAL),250 g/l Dithianon + 250 g/l Pyrimethanil,SC (Akıcı Konsantre/Süspansiyon Konsantre)
ELEVATOR (İMAL),75 g/l Mesotrione + 30 g/l Nicosulfuron,OD (Yağda Dağılabilen)
DIGNA (İMAL),69 g/l Fenoxaprop-p-ethyl + 33 g/l Cloquintocet-mexyl (safener),"EW (Emülsiyon, Suda Yağ)"
GREENKILLER (İMAL),480 g/l Glyphosate Isopropylamin Tuzu,SL (Suda Çözünen Konsantre)
VALDORIO (İTHAL),"% 24 Foramsulfuron + % 2,4 Iodosulfuron-methyl sodium + %10 Thiencarbazone-methyl",WG (Suda Dağılabilen Granül)
EMRECİNE 200 EC (İTHAL),200 g/l Cyhalofop-butyl,EC (Emülsiye Olabilen Konsantre)
LUTEA (İMAL),240 g/l Clodinafop-propargyl + 60 g/l Cloquintocet-mexyl (safener),EC (Emülsiye Olabilen Konsantre)
ABALANCE (İMAL),18 g/l Abamectin,EC (Emülsiye Olabilen Konsantre)
TENUES 240 SC (İMAL),240 g/l Spirodiclofen,SC (Akıcı Konsantre/Süspansiyon Konsantre)
EFDAL FARMIR SC (İMAL),400 g/l Cyazofamid,SC (Akıcı Konsantre/Süspansiyon Konsantre)
SUNABMECT 1.8 EC (İMAL),18 g/l Abamectin,EC (Emülsiye Olabilen Konsantre)
ERTOWER EC (İMAL),45 g/l Pinoxaden + 20 g/l Cloquintocet-mexyl (safener),EC (Emülsiye Olabilen Konsantre)
ERASMO (İMAL),600 g/l Metribuzin,SC (Akıcı Konsantre/Süspansiyon Konsantre)
ALBERT 75 WG (İMAL),"%7,5 Pyroxsulam + %7,5 Cloquintocet-mexyl (safener)",WG (Suda Dağılabilen Granül)
CHOFA (İMAL),"37,5 g/l Mesotrione + 15 g/l Nicosulfuron",OD (Yağda Dağılabilen)
DAXUR® (İTHAL),150 g/l Kresoxim-methyl + 100 g/l Mefentrifluconazole,SC (Akıcı Konsantre/Süspansiyon Konsantre)
MARKİN (İMAL),200 g/l Azoxystrobin + 125 g/l Difenoconazole,SC (Akıcı Konsantre/Süspansiyon Konsantre)
EGNİT (İTHAL),60 g/l Carfentrazone-ethyl,ME (Mikro-Emülsiyon)
SAFAİ 320 SC (İMAL),300 g/l Aclonifen + 20 g/l İmazamox,SC (Akıcı Konsantre/Süspansiyon Konsantre)
NATURASİN (İMAL),28 g/l Pyrethrin + 24 g/l Azadirachtin,DC (Disperse Olabilen Konsantre)
BERSA EW 240 (İMAL),240 g/l Tau-fluvalinate,"EW (Emülsiyon, Suda Yağ)"
CAMARO (İMAL),571 g/l Metamitron + 71 g/l Quinmerac,SC (Akıcı Konsantre/Süspansiyon Konsantre)
KARBALE (İMAL),"85 g/l Pyraclostrobin + 62,5 g/l Epoxiconazole",SE (Suspo-Emülsiyon)
BUFFY (İMAL),722 g/l Propamocarb-hydrochloride,SL (Suda Çözünen Konsantre)
OVERRULE (İMAL),150 g/l Prochloraz + 42 g/l Epoxiconazole,DC (Disperse Olabilen Konsantre)
TERMINATOR (İMAL),45 g/l Pyroxsulam + 90 g/l Cloquintocet-mexyl (safener),OD (Yağda Dağılabilen)
SAFA HOLOGRAM (İMAL),375 g/l Pyrimethanil +125 g/l Fluopyram,SC (Akıcı Konsantre/Süspansiyon Konsantre)
BOSCOTT 210 SC (İTHAL),168 g/l Etoxazole + 42 g/l Abamectin,SC (Akıcı Konsantre/Süspansiyon Konsantre)
SAFETY (İMAL),150 g/L Prochloraz+ 42 g/L Prothioconazole,EC (Emülsiye Olabilen Konsantre)
NİKOSH (İMAL),350 g/l Metamitron + 150 g/l Ethofumesate,SC (Akıcı Konsantre/Süspansiyon Konsantre)
BELENUS (İMAL),30 g/l Mesosulfuron-methyl + 90 g/l Mefenpyr-diethyl (safener),OD (Yağda Dağılabilen)
TOZTATE 900 EC (İMAL),900 g/l Fosthiazate,EC (Emülsiye Olabilen Konsantre)
MULTIGUARD (İMAL),"625 g/l Propamocarb-hydrochloride + 62,5 g/l Fluopicolide",SC (Akıcı Konsantre/Süspansiyon Konsantre)
ARMADA-S (İMAL),915 g/l S-Metolachlor + 45 g/l Benoxacor (safener),EC (Emülsiye Olabilen Konsantre)
ACS ACLON 48 SL (İMAL),480 g/l Bentazone,SL (Suda Çözünen Konsantre)
ACS SAXON (İMAL),40 g/l Nicosulfuron,OD (Yağda Dağılabilen)
X-PERTAN (İMAL),"%39,75 Metalik bakıra eşdeğer bakır oksiklorid + %4,2 Cymoxanil",WP (Islanabilir Toz)
DESCALZOS (İMAL),441 g/l Glyphosate Potasyum Tuzu,SL (Suda Çözünen Konsantre)
AKITA 45 EC (İMAL),45 g/l Pinoxaden + 20 g/l Cloquintocet-mexyl (safener),EC (Emülsiye Olabilen Konsantre)
SAFA TONILITE 25 SL (İMAL),"18 g/l 2-(1-Naphthyl)acetamide (NAD) + 6,75 g/l 1-Naphthylacetic acid (NAA)",SL (Suda Çözünen Konsantre)
VERBEN® (İTHAL),200 g/l Prothioconazole+50 g/l Proquinazid,EC (Emülsiye Olabilen Konsantre)
COMPAQ (İTHAL),250 g/l Azoxystrobin,SC (Akıcı Konsantre/Süspansiyon Konsantre)
KAFKA (İTHAL),%80 Kükürt,WG (Suda Dağılabilen Granül)
SUNIDOX 150 SC (İMAL),150 g/l Indoxacarb,SC (Akıcı Konsantre/Süspansiyon Konsantre)
SUNALDA 50 EC (İMAL),50 g/l Lambda-cyhalothrin,EC (Emülsiye Olabilen Konsantre)
INSAI (İTHAL),150 g/l Indoxacarb,SC (Akıcı Konsantre/Süspansiyon Konsantre)
AFORS 700 (İMAL),700 g/l Mineral Yağ,"EW (Emülsiyon, Suda Yağ)"
HEKTAŞ EXCALIBUR (İTHAL),720 g/l Tribufos,EC (Emülsiye Olabilen Konsantre)
SAFA BOND (İMAL),"33,3 g/l Imazamox",SL (Suda Çözünen Konsantre)
BRONTES® WG (İMAL),"%39,75 Metalik bakıra eşdeğer bakır oksiklorid + %4,2 Cymoxanil",WG (Suda Dağılabilen Granül)
KANSURİN (İMAL),"361,1 g/l Metalik bakıra eşdeğer bakır hidroksit",SC (Akıcı Konsantre/Süspansiyon Konsantre)
STOMMİN CS (İMAL),450 g/l Pendimethalin,CS (Kapsül Süspansiyon)
EFDAL IPAX (İMAL),50 g/l Mepiquat Chloride,SL (Suda Çözünen Konsantre)
PERCEPTIO 250 EC (İMAL),250 g/l Cypermethrin,EC (Emülsiye Olabilen Konsantre)
EFDAL ETANOP (İMAL),%70 Thiophanate-methyl,WP (Islanabilir Toz)
CONORO 50 WG (İMAL),%50 Flonicamid,WG (Suda Dağılabilen Granül)
BALYOZE 45 EC (İMAL),"22,5 g/l Pinoxaden + 22,5 g/l Clodinafop-propargyl + 5,63 g/l Cloquintocet-mexyl (safener)",EC (Emülsiye Olabilen Konsantre)
PERICLES (İMAL),10 g/l Forchlorfenuron,EC (Emülsiye Olabilen Konsantre)
GALLOPER 3 SC (İTHAL),20 g/l Lufenuron + 10 g/l Emamectin benzoate,SC (Akıcı Konsantre/Süspansiyon Konsantre)
EFDAL AKAVA (İMAL),%20 Flubendiamide,WG (Suda Dağılabilen Granül)
OVERSİDE SC (İTHAL),64 g/l Indoxacarb+43 g/l Emamectin benzoate,SC (Akıcı Konsantre/Süspansiyon Konsantre)
AGROFARM LECTOR 250 EC (İMAL),250 g/l Trinexapac-ethyl,EC (Emülsiye Olabilen Konsantre)
CİRCLE 100 SL (İTHAL),100 g/l Clopyralid,SL (Suda Çözünen Konsantre)
MARCAM 6 GB (İTHAL),%6 Metaldehyde,GB (Granül Yem)
FİESTA 240 SC (İMAL),240 g/l Spinosad,SC (Akıcı Konsantre/Süspansiyon Konsantre)
ASTROC 480 SC (İMAL),480 g/l Spinosad,SC (Akıcı Konsantre/Süspansiyon Konsantre)
KARVENTO SC 100 (İMAL),100 g/l Spirotetramat,SC (Akıcı Konsantre/Süspansiyon Konsantre)
DENSKA (İMAL),"15,7 g/l Deltamethrin",SC (Akıcı Konsantre/Süspansiyon Konsantre)
DECCO TBZ 500 SC (İTHAL),500 g/l Thiabendazole,SC (Akıcı Konsantre/Süspansiyon Konsantre)
MAGAN® (İTHAL),250 g/l Prothioconazole,EC (Emülsiye Olabilen Konsantre)
SAFA GRANADA (İMAL),%75 Tribenuron-methyl,WG (Suda Dağılabilen Granül)
ERVINDO (İMAL),200 g/l Boscalid + 100 g/l Kresoxim-methyl,SC (Akıcı Konsantre/Süspansiyon Konsantre)
BAYTORE WİDE (İMAL),25 g/l Imazamox,SL (Suda Çözünen Konsantre)
ZEPPLİN 100 EC (İTHAL),100 g/l Alpha-cypermethrin,EC (Emülsiye Olabilen Konsantre)
MOULDEX™ 10 EC (İTHAL),100 g/l 2-Phenylphenol,EC (Emülsiye Olabilen Konsantre)
OPTIMIST SC (İMAL),75 g/l Mesotrione + 30 g/l Nicosulfuron,SC (Akıcı Konsantre/Süspansiyon Konsantre)
STRANO (İMAL),720 g/l Ethephon,SL (Suda Çözünen Konsantre)
UNIVERSUM 250 SC (İMAL),250 g/l Azoxystrobin,SC (Akıcı Konsantre/Süspansiyon Konsantre)
AXOLOT (İMAL),%30 Aminopyralid + %15 Florasulam,WG (Suda Dağılabilen Granül)
DAZIDE ENHANCE (İTHAL),%85 Daminozide,SG (Suda Çözünen Granül)
RELAXIA (İTHAL),218 g/l Acetamiprid + 37 g/l Emamectin Benzoate,DC (Disperse Olabilen Konsantre)
ANTHOLOGY WG (İTHAL),"% 4,5 Mesosulfuron-methyl + %1,5 Thiencarbazone-methyl + % 0,9 Iodosulfuron-methyl- sodium + % 13,5 Mefenpyr-diethyl (Safener)",WG (Suda Dağılabilen Granül)
VARIANO EC 400 (İTHAL),250 g/l Spiroxamine + 100 g/l Prothioconazole + 50 g/l Bixafen,EC (Emülsiye Olabilen Konsantre)
MERLOT (İMAL),15 g/l Mesosulfuron methyl + 15 g/l Pyroxsulam + 90 g/l Mefenpyr-diethyl (Safener),OD (Yağda Dağılabilen)
REGEV (İTHAL),400 g/l Tea tree oil + 200 g/l Difenoconazole,EC (Emülsiye Olabilen Konsantre)
DECCO FLUDY® (İTHAL),230 g/l Fludioxonil,SC (Akıcı Konsantre/Süspansiyon Konsantre)
EFDAL SAVAGE (İMAL),"%37,5 Cyprodinil + %25 Fludioxonil",WG (Suda Dağılabilen Granül)
AFFIX 20 SP (İTHAL),%20 Acetamiprid,SP (Suda Çözünen Toz)
NEOGOAL (İMAL),%30 Aminopyralid + %15 Florasulam,WG (Suda Dağılabilen Granül)
CYMORSİ 300 (İMAL),300 g/l Pyrimethanil,SC (Akıcı Konsantre/Süspansiyon Konsantre)
BLUTONIK (İMAL),3 g/l Sodium para nitropheonolate + 2 g/l Sodium ortho nitrophenolate + 1 g/l Sodium penta nitroguaiacolate,SL (Suda Çözünen Konsantre)
VERRAZANO (İMAL),"25,2 g/l Penoxsulam",OD (Yağda Dağılabilen)
AMARNA 70 WP (İMAL),%70 Metribuzin,WP (Islanabilir Toz)
ACUITY 25 EC (İTHAL),25 g/l Deltamethrin,EC (Emülsiye Olabilen Konsantre)
DISCIPLINE (İMAL),"50 g/l Diflufenican+ 7,5 g/l Mesosulfuron methyl + 2,5 g/l Iodosulfuron methyl sodium + 22,5 g/l Mefenpyr diethyl (safener)",OD (Yağda Dağılabilen)
EXPIRE 440 SC (İTHAL),400 g/l Pendimethalin + 40 g/l Diflufenican,SC (Akıcı Konsantre/Süspansiyon Konsantre)
NAGA 2000 (İMAL),%35 Metalik bakıra eşdeğer bakır hidroksit,WG (Suda Dağılabilen Granül)
ARYA (İMAL),700 g/l Metalik bakıra eşdeğer bakır oksiklorid,SC (Akıcı Konsantre/Süspansiyon Konsantre)
RESPOND 125 SC (İTHAL),125 g/l Flutriafol,SC (Akıcı Konsantre/Süspansiyon Konsantre)
JANTRİS (İMAL),250 g/l Azoxystrobin,SC (Akıcı Konsantre/Süspansiyon Konsantre)
ERTAROİD OD (İMAL),6 g/l Abamectin,OD (Yağda Dağılabilen)
PARDALİS 325 SC (İMAL),200 g/l Azoxystrobin + 125 g/l Difenoconazole,SC (Akıcı Konsantre/Süspansiyon Konsantre)
PLONJON 75 WG (İMAL),"%7,5 Pyroxsulam + %7,5 Cloquintocet-mexyl (safener)",WG (Suda Dağılabilen Granül)
FRS PAUNT (İMAL),100 g/l Penconazole,EC (Emülsiye Olabilen Konsantre)
KARKİM BORDO 20 WP (İMAL),%20 Metalik bakıra eşdeğer bordo bulamacı,WP (Bordo Bulamacı) (Islanabilir Toz)
CHAFE 25 EC (İMAL),250 g/l Cypermethrin,EC (Emülsiye Olabilen Konsantre)
VINABEL® (İTHAL),300 g/L Zoxamide+ 40 g/L Oxathiapiprolin,SE (Suspo-Emülsiyon)
AQUAFIT (İTHAL),360 g/l Clomazone,CS (Kapsül Süspansiyon)
DECCO PIRY® (İTHAL),400 g/l Pyrimethanil,SC (Akıcı Konsantre/Süspansiyon Konsantre)
EVARDO 800 SC (İMAL),800 g/l Kükürt,SC (Akıcı Konsantre/Süspansiyon Konsantre)
THIOPRON (İTHAL),825 g/l Kükürt,SC (Akıcı Konsantre/Süspansiyon Konsantre)
SPIRATO 285 FS (İTHAL),160 g/l Metalaxyl + 100 g/l Thiophanate-methyl + 25 g/l Fludioxonil,FS (Tohum İlaçlaması İçin Akıcı Konsantre)
ANIMOSER (İMAL),200 g/l Tebuconazole + 120 g/l Azoxystrobin,SC (Akıcı Konsantre/Süspansiyon Konsantre)
VİATER SC (İMAL),240 g/l Spinosad,SC (Akıcı Konsantre/Süspansiyon Konsantre)
TROPAL (İMAL),200 g/l Diquat dibromide,SL (Suda Çözünen Konsantre)
WEATUS EC (İMAL),300 g/l Spiroxamine + 160 g/l Prothioconazole,EC (Emülsiye Olabilen Konsantre)
EFDAL TUMAN SL (İMAL),"18,8 g/l 6-Benzyladenine + 18,5 g/l Gibberellin A4/A7",SL (Suda Çözünen Konsantre)
CIDECO SC (İMAL),310 g/l Pyrimethanil + 95 g/l Trifloxystrobin,SC (Akıcı Konsantre/Süspansiyon Konsantre)
BIOX -M (İTHAL),%100 Spearmint Oil,HN (Sıcak Sisleme İlacı)
SHİRMA SC (İTHAL),500 g/l Fluazinam,SC (Akıcı Konsantre/Süspansiyon Konsantre)
DAGRO CORS CS (İTHAL),450 g/l Pendimethalin,CS (Kapsül Süspansiyon)
AGROCHARGER (İMAL),350 g/l Metamitron + 150 g/l Ethofumesate,SC (Akıcı Konsantre/Süspansiyon Konsantre)
COYOTE (İTHAL),400 g/l S-Metolachlor + 40 g/l Mesotrione + 18 g/l Benoxacor (safener),SE (Suspo-Emülsiyon)
ALCANCE (İTHAL),298 g/l Pendimethalin + 43 g/l Clomazone,CS (Kapsül Süspansiyon)
KORBOND (İTHAL),250 g/l Quinclorac,SC (Akıcı Konsantre/Süspansiyon Konsantre)
HEKTAŞ ADONİS® (İMAL),125 g/l Prothioconazole+90 g/l Azoxystrobin,SC (Akıcı Konsantre/Süspansiyon Konsantre)
PARSAV (İMAL),300 g/l Lambda-cyhalothrin + 80 g/l Emamectin Benzoate,OD (Yağda Dağılabilen)
BALBOA (İMAL),800 g/l Mineral Yağ,EC (Emülsiye Olabilen Konsantre)
VENTİGRA (İTHAL),100 g/l Afidopyropen,DC (Disperse Olabilen Konsantre)
LITHCO (İTHAL),50 g/l Lambda-cyhalothrin,EC (Emülsiye Olabilen Konsantre)
EFDAL NAVUR (İMAL),200 g/l Acetamiprid,SL (Suda Çözünen Konsantre)
SHELTER (İTHAL),500 g/l Spiroxamine,EC (Emülsiye Olabilen Konsantre)
SHEGMİ OF 120 (İMAL),30 g/l Mesosulfuron-methyl + 90 g/l Mefenpyr-diethyl (safener),OD (Yağda Dağılabilen)
CUPROXAT (İTHAL),190 g/l Metalik Bakıra eşdeğer tribazik bakır sülfat,SC (Akıcı Konsantre/Süspansiyon Konsantre)
OPTİUS (İTHAL),%5 Emamectin benzoate,SG (Suda Çözünen Granül)
"DELTATEC 2,5 EC (İMAL)",25 g/l Deltamethrin,EC (Emülsiye Olabilen Konsantre)
REVYCARE® TR (İTHAL),200 g/l Pyraclostrobin+40 g/l Fluxapyroxad+30 g/l Mefentrifluconazole,EC (Emülsiye Olabilen Konsantre)
İNDİGO 5 SG (İMAL),%5 Emamectin benzoate,SG (Suda Çözünen Granül)
BARBOROSSA (İMAL),350 g/l Metalik bakıra eşdeğer bakır hidroksit,SC (Akıcı Konsantre/Süspansiyon Konsantre)
HEKTAŞ GALOİS (İMAL),240 g/l Cyprodinil + 40 g/l Azoxystrobin,SE (Suspo-Emülsiyon)
MENTACHLOR (İMAL),915 g/l S-Metolachlor + 45 g/l Benoxacor (safener),EC (Emülsiye Olabilen Konsantre)
SAFA RESISTANS 36 CS (İMAL),360 g/l Clomazone,CS (Kapsül Süspansiyon)
SAFA LAMET OD 66 (İMAL),44 g/l Tembotrione + 22 g/l Isoxadifen-ethyl (safener),OD (Yağda Dağılabilen)
RONIN 25 SG (İMAL),%25 Rimsulfuron,SG (Suda Çözünen Granül)
YUNONA ME (İTHAL),50 g/l Emamectin benzoate,ME (Mikro-Emülsiyon)
MARROW (İMAL),%50 Cymoxanil,WP (Islanabilir Toz)
AVSHAR® (İMAL),60 g/l Metconazole,SL (Suda Çözünen Konsantre)
ACBARCE EC (İTHAL),100 g/l Alpha-cypermethrin,EC (Emülsiye Olabilen Konsantre)
EPAULET (İMAL),300 g/l Spiroxamine + 160 g/l Prothioconazole,EC (Emülsiye Olabilen Konsantre)
AZAMAX (İTHAL),280 g/l Azoxystrobin + 120 g/l Prothioconazole,SC (Akıcı Konsantre/Süspansiyon Konsantre)
EFDAL DRAV 120 SC (İMAL),120 g/l Spinetoram,SC (Akıcı Konsantre/Süspansiyon Konsantre)
IQ CERA F (İTHAL),"7,8 g Amonyum Asetat + 0,737 g Trimetilamin Hidroklorid + 0,034 g Kadaverin / Huni Tipi Tuzak",--- (-)
ABAMAX 50 SC (İTHAL),50 g/l Abamectin,SC (Akıcı Konsantre/Süspansiyon Konsantre)
MAİCO (İMAL),200 g/l Tebuconazole + 120 g/l Azoxystrobin,SC (Akıcı Konsantre/Süspansiyon Konsantre)
MELODİKA WG 49 (İTHAL),"%40,6 Metalik Bakıra Eşdeğer Bakır Oksiklorid + %8,4 Iprovalicarb",WG (Suda Dağılabilen Granül)
ZYLO (İTHAL),452 g/l Ipconazole,FS (Tohum İlaçlaması İçin Akıcı Konsantre)
MENTAMİN 500 SL (İMAL),"500 g/l 2,4-D asite eşdeğer dimethyl amin tuzu",SL (Suda Çözünen Konsantre)
BOHEMİAN (İMAL),240 g/l Bifenazate,SC (Akıcı Konsantre/Süspansiyon Konsantre)
LIMITLESS OD (İMAL),10 g/l Mesosulfuron methyl + 2 g/l Iodosulfuron-methyl sodium + 30 g/l Mefenpyr-diethyl (safener),OD (Yağda Dağılabilen)
KARZOLE 10 SC (İMAL),110 g/l Etoxazole,SC (Akıcı Konsantre/Süspansiyon Konsantre)
ZARAGOZ (İMAL),%25 Rimsulfuron,SG (Suda Çözünen Granül)
CLOMAVAP (İTHAL),480 g/l Clomazone,EC (Emülsiye Olabilen Konsantre)
FIORA 120 OD (İMAL),30 g/l Mesosulfuron-methyl + 90 g/l Mefenpyr-diethyl (safener),OD (Yağda Dağılabilen)
DANSİLİ® (İMAL),"85 g/l Pyraclostrobin + 62,5 g/l Epoxiconazole",SE (Suspo-Emülsiyon)
EFDAL SEDEFİN 150 EC (İMAL),150 g/l Fosthiazate,EC (Emülsiye Olabilen Konsantre)
SILDART SC (İMAL),"228,6 g/l Spiromesifen + 11,4 g/l Abamectin",SC (Akıcı Konsantre/Süspansiyon Konsantre)
KORFOSAT 74.8 SG (İMAL),"%74,8 Glyphosate Ammonium Tuzu",SG (Suda Çözünen Granül)
DOOKU® (İTHAL),25 g/L Fludioxonil+ 25 g/L Sedaxane,FS (Tohum İlaçlaması İçin Akıcı Konsantre)
HIROSHIMA (İMAL),175 g/l Prothioconazole + 88 g/l Trifloxystrobin,SC (Akıcı Konsantre/Süspansiyon Konsantre)
BOND 320 SC (İMAL),200 g/l Tebuconazole + 120 g/l Azoxystrobin,SC (Akıcı Konsantre/Süspansiyon Konsantre)
EFDAL JOVİS (İMAL),"%25,2 Boscalid + %12,8 Pyraclostrobin",WG (Suda Dağılabilen Granül)
INSTAG® 100 EC (İMAL),100 g/l Penconazole,EC (Emülsiye Olabilen Konsantre)
DEFEAT SC (İMAL),"361,1 g/l Metalik bakıra eşdeğer bakır hidroksit",SC (Akıcı Konsantre/Süspansiyon Konsantre)
EFDAL DULCET 500 SC (İMAL),500 g/l Dodine,SC (Akıcı Konsantre/Süspansiyon Konsantre)
CARESTAR (İMAL),300 g/l Spiroxamine + 160 g/l Prothioconazole,EC (Emülsiye Olabilen Konsantre)
TOCA SL (İMAL),"480 g/l Bentazone + 22,4 g/l Imazamox",SL (Suda Çözünen Konsantre)
LISTECO (İMAL),%30 Aminopyralid + %15 Florasulam,WG (Suda Dağılabilen Granül)
EFDAL DOKARB (İMAL),%12 Dithianon + %4 Pyraclostrobin,WG (Suda Dağılabilen Granül)
EFDAL KAMP 320 SC (İMAL),200 g/l Tebuconazole + 120 g/l Azoxystrobin,SC (Akıcı Konsantre/Süspansiyon Konsantre)
EFDAL CEXAN (İMAL),"65,82 g/l Metalik bakıra eşdeğer bakır sülfat",SC (Akıcı Konsantre/Süspansiyon Konsantre)
SAFA ALEGRIA SC (İMAL),106 g/l Indoxacarb+53 g/l Emamectin benzoate,SC (Akıcı Konsantre/Süspansiyon Konsantre)
LOTUS BORDO 20 WP (İMAL),%20 Metalik bakıra eşdeğer bordo bulamacı,WP (Bordo Bulamacı) (Islanabilir Toz)
LYDIA (İMAL),240 g/l Isoxaflutole +240 g/l Cyprosulfamide (safener),SC (Akıcı Konsantre/Süspansiyon Konsantre)
RIGHTCALL (İMAL),40 g/l Imazamox,SL (Suda Çözünen Konsantre)
FRS KUTUP (İMAL),400 g/l Buprofezin,SC (Akıcı Konsantre/Süspansiyon Konsantre)
OCTANE 480 EC (İMAL),480 g/l Clomazone,EC (Emülsiye Olabilen Konsantre)
CONCENCUS (İMAL),%10 Acetamiprid + %3 Lambda-cyhalothrin,WG (Suda Dağılabilen Granül)
ETOGARD (İMAL),220 g/l Etoxazole + 72 g/l Abamectin,CS (Kapsül Süspansiyon)
MAJESTENE (İTHAL),"954,05 g/l Burkholderia rinojensis strain A396",SC (Akıcı Konsantre/Süspansiyon Konsantre)
MENTA NOCTURN (İMAL),480 g/l Diflubenzuron,SC (Akıcı Konsantre/Süspansiyon Konsantre)
MESUSA (İMAL),"%39,75 Metalik bakıra eşdeğer bakır oksiklorid + %4,2 Cymoxanil",WG (Suda Dağılabilen Granül)
APHTON 480 EC (İMAL),480 g/l Clomazone,EC (Emülsiye Olabilen Konsantre)
KARPLAN 20 SP (İMAL),%20 Acetamiprid,SP (Suda Çözünen Toz)
ABRECK-P (İMAL),270 g/l Terbuthylazine + 64 g/l Pendimethalin,SE (Suspo-Emülsiyon)
KOSMOS 700 SC (İTHAL),700 g/l Metamitron,SC (Akıcı Konsantre/Süspansiyon Konsantre)
VENDEX (İTHAL),350 g/l Metamitron + 150 g/l Ethofumesate,SC (Akıcı Konsantre/Süspansiyon Konsantre)
ACAMOS 600 SC (İTHAL),600 g/l Metobromuron,SC (Akıcı Konsantre/Süspansiyon Konsantre)
OPTIMEC SC (İMAL),480 g/l Mesotrione,SC (Akıcı Konsantre/Süspansiyon Konsantre)
VOLLANT-P (İMAL),350 g/l Metamitron + 150 g/l Ethofumesate,SC (Akıcı Konsantre/Süspansiyon Konsantre)
STOPMATE (İTHAL),"65 mg ((E,Z,Z)-3,8,11-Tetradecatrien-1-yl acetate+(E,Z)-3,8-Tetradecadien-1-yl acetate)",--- (-)
SUNPROX 100 EC (İMAL),100 g/l Pyriproxyfen,EC (Emülsiye Olabilen Konsantre)
MAKMİRAL 100 EC (İMAL),100 g/l Pyriproxyfen,EC (Emülsiye Olabilen Konsantre)
CARLİTA 100 SC (İMAL),100 g/l Spirotetramat,SC (Akıcı Konsantre/Süspansiyon Konsantre)
STROBICURE 250 SC (İTHAL),250 g/l Azoxystrobin,SC (Akıcı Konsantre/Süspansiyon Konsantre)
CISAMIN 50 WP (İMAL),%50 Cymoxanil,WP (Islanabilir Toz)
EPİTAP (İMAL),200 g/l Diquat dibromide,SL (Suda Çözünen Konsantre)
PASSECT 30 WG (İMAL),%30 Indoxacarb,WG (Suda Dağılabilen Granül)
STRİKE 5 SG (İMAL),%5 Emamectin benzoate,SG (Suda Çözünen Granül)
KARLAMBDA 5 EC (İMAL),50 g/l Lambda-cyhalothrin,EC (Emülsiye Olabilen Konsantre)
POSLİSS SC (İMAL),200 g/l Boscalid + 100 g/l Kresoxim-methyl,SC (Akıcı Konsantre/Süspansiyon Konsantre)
CANSTENG SE (İMAL),"452,42 g/l 2,4-D 2-Ethylhexyl ester + 6,25 g/l Florasulam",SE (Suspo-Emülsiyon)
HEKTAŞ BARRİER® 35 WG (İMAL),%35 Metalaxyl,WG (Suda Dağılabilen Granül)
TRILOGY (İMAL),480 g/l Prothioconazole,SC (Akıcı Konsantre/Süspansiyon Konsantre)
BANJO® 500 SC (İTHAL),500 g/l Fluazinam,SC (Akıcı Konsantre/Süspansiyon Konsantre)
EUROSMART® 80 WG (İTHAL),%80 Fosetyl-Al,WG (Suda Dağılabilen Granül)
LUMISENA® (İTHAL),200 g/L Oxathiapiprolin,FS (Tohum İlaçlaması İçin Akıcı Konsantre)
SCRIBE (İTHAL),"100 g/l 2,4-D asite eşdeğer dimethyl amin tuzu",SL (Suda Çözünen Konsantre)
HEKTAŞ HATTRİCK (İMAL),150 g/l Quinclorac + 60 g/l Clomazone,OD (Yağda Dağılabilen)
CANENGER 600 SC (İMAL),600 g/l Aclonifen,SC (Akıcı Konsantre/Süspansiyon Konsantre)
PROZEE 40 WG (İTHAL),%40 Metalik bakıra eşdeğer bakır hidroksit,WG (Suda Dağılabilen Granül)
HEKTAŞ BİAS (İMAL),120 g/l Indoxaxarb + 12 g/l Beta-cyfluthrin,SC (Akıcı Konsantre/Süspansiyon Konsantre)
RENGAR TABLET (İTHAL),%56 Aluminium phosphide,DT (Direkt Uygulama İçin Tablet)
SHOSHI (İTHAL),%10 hexythiazox,WP (Islanabilir Toz)
CALLAS (İMAL),100 g/l Clopyralid,SL (Suda Çözünen Konsantre)
GILAMUS (İMAL),350 g/l Metamitron + 150 g/l Ethofumesate,SC (Akıcı Konsantre/Süspansiyon Konsantre)
PLOOMER (İMAL),360 g/l Glyphosate asite eşdeğer Glyphosate Isopropylamin Tuzu + 30 g/l Oxyfluorfen,SC (Akıcı Konsantre/Süspansiyon Konsantre)
PLUSER 48 SL (İMAL),480 g/l Bentazone,SL (Suda Çözünen Konsantre)
ORDER 75 WP (İMAL),%75 Cyromazine,WP (Islanabilir Toz)
RASİNOS (İMAL),400 g/l Cyazofamid,SC (Akıcı Konsantre/Süspansiyon Konsantre)
EFDAL RANBOV (İMAL),150 g/l Cyprodinil + 100 g/l Fludioxonil,SC (Akıcı Konsantre/Süspansiyon Konsantre)
CARVALLO 450 CS (İTHAL),450 g/l Pendimethalin,CS (Kapsül Süspansiyon)
MITEUS 200 SC (İMAL),200 g/l Diflovidazin,SC (Akıcı Konsantre/Süspansiyon Konsantre)
ACARTINA 200 SC (İMAL),200 g/l Diflovidazin,SC (Akıcı Konsantre/Süspansiyon Konsantre)
EFDAL OKSANİL WG (İMAL),"%30 Cymoxanil + %22,5 Famoxadone",WG (Suda Dağılabilen Granül)
ASTRADYN 125 FS (İMAL),"75 g/l Azoxystrobin + 37,5 g/l Metalaxyl-m + 12,5 g/l Fludioxonil",FS (Tohum İlaçlaması İçin Akıcı Konsantre)
BARCAROLL (İMAL),200 g/l Boscalid + 100 g/l Kresoxim-methyl,SC (Akıcı Konsantre/Süspansiyon Konsantre)
TUTOR 500 SC (İTHAL),400 g/L Pyrimethanil+100 g/L Fludioxonil,SC (Akıcı Konsantre/Süspansiyon Konsantre)
LINNER WG (İMAL),%30 Aminopyralid + %15 Florasulam,WG (Suda Dağılabilen Granül)
DECLEON WG (İMAL),%50 Thifensulfuron-methyl + %25 Tribenuron-methyl,WG (Suda Dağılabilen Granül)
NİRUMEND CS (İMAL),18 g/l Abamectin,CS (Kapsül Süspansiyon)
MAKOM 10 SC (İMAL),110 g/l Etoxazole,SC (Akıcı Konsantre/Süspansiyon Konsantre)
MAKMEC 1.8 EC (İMAL),18 g/l Abamectin,EC (Emülsiye Olabilen Konsantre)
ONWAY 480 SC (İTHAL),480 g/l Spinosad,SC (Akıcı Konsantre/Süspansiyon Konsantre)
BKS OLIVE GUARD (İTHAL),"Ammonium carbonate (99.6%) 1,7-Dioxaspiro (5,5) undecane (0.04%)+Karton Tuzak",--- (-)
BKS APPLE GUARD (İTHAL),"(E,E)-Trans-8,10-Dodecadien-1ol+Delta Tuzak",--- (-)
GAMBOS 50 WP (İMAL),%50 Phosmet,WP (Islanabilir Toz)
EFDAL DEVİR (İMAL),75 g/l Mesotrione + 30 g/l Nicosulfuron,OD (Yağda Dağılabilen)
SHACKAST 450 CS (İTHAL),450 g/l Pendimethalin,CS (Kapsül Süspansiyon)
KINGMAN (İMAL),330 g/l Pendimethalin + 268 g/l S-metolachlor,EC (Emülsiye Olabilen Konsantre)
STOPTECH (İMAL),100 g/l Spirotetramat,SC (Akıcı Konsantre/Süspansiyon Konsantre)
TEBİCUR FS 120 (İMAL),120 g/l Tebuconazole,FS (Tohum İlaçlaması İçin Akıcı Konsantre)
EFDAL MYCLO (İMAL),100 g/l Spirotetramat,SC (Akıcı Konsantre/Süspansiyon Konsantre)
EFDAL İMAZUİT (İMAL),240 g/l Metaflumizone,SC (Akıcı Konsantre/Süspansiyon Konsantre)
EFDAL CYCNET 250 WG (İMAL),%25 Spinetoram,WG (Suda Dağılabilen Granül)
MADKİNG 20 SL (İMAL),200 g/l Acetamiprid,SL (Suda Çözünen Konsantre)
PİVOTAL (İMAL),45 g/l Pinoxaden + 20 g/l Cloquintocet-mexyl (safener),EC (Emülsiye Olabilen Konsantre)
VISHNU WG (İMAL),%50 Metalik bakıra eşdeğer bakır hidroksit,WG (Suda Dağılabilen Granül)
JUDWA 5 EC (İMAL),50 g/l Lambda-cyhalothrin,EC (Emülsiye Olabilen Konsantre)
CANLATİON 65 EC (İMAL),650 g/l Malathion,EC (Emülsiye Olabilen Konsantre)
METAVAP (İTHAL),240 g/l Metaflumizone,SC (Akıcı Konsantre/Süspansiyon Konsantre)
KİLİMANJARO 20 WG (İMAL),%20 Flubendiamide,WG (Suda Dağılabilen Granül)
ASTHION 320 SC (İMAL),200 g/l Tebuconazole + 120 g/l Azoxystrobin,SC (Akıcı Konsantre/Süspansiyon Konsantre)
EFDAL MORİMOL (İMAL),240 g/l Isoxaflutole +240 g/l Cyprosulfamide (safener),SC (Akıcı Konsantre/Süspansiyon Konsantre)
FOLİD EC 880 (İMAL),800 g/l Prosulfocarb + 80 g/l Metribuzin,EC (Emülsiye Olabilen Konsantre)
SAVORA (İTHAL),"300 g/l Pethoxamid + 187,5 g/l Terbuthylazine",SE (Suspo-Emülsiyon)
KİBELE 490 SC (İMAL),400 g/l Metamitron + 55 g/l Ethofumesate + 35 g/l Phenmedipham,SC (Akıcı Konsantre/Süspansiyon Konsantre)
SAFA TRAX (İMAL),296 g/l Azoxystrobin + 218 g/l Flutriafol,SC (Akıcı Konsantre/Süspansiyon Konsantre)
NESTA (İMAL),250 g/l Quinclorac,SC (Akıcı Konsantre/Süspansiyon Konsantre)
OXIDION SF (İMAL),200 g/l Imazamox + 200 g/l Quizalofop-p-ethyl,SC (Akıcı Konsantre/Süspansiyon Konsantre)
ORONDIS (İTHAL),155 g/l Azoxystrobin + 15 g/l Oxathiapiprolin,SC (Akıcı Konsantre/Süspansiyon Konsantre)
CLERAVO (İTHAL),250 g/l Quinmerac + 35 g/l Imazamox,SC (Akıcı Konsantre/Süspansiyon Konsantre)
GAYDER 108 EC (İMAL),108 g/l Haloxyfop-P-methyl ester,EC (Emülsiye Olabilen Konsantre)
REDSUNNY PENTA CS (İMAL),50 g/l Lambda-cyhalothrin,CS (Kapsül Süspansiyon)
ESPEJO 400 SC (İTHAL),200 g/l Ethofumesate + 200 g/l Phenmedipham,SC (Akıcı Konsantre/Süspansiyon Konsantre)
REDSHIELD (İTHAL),%75 Metalik bakıra eşdeğer bakır oksit,WG (Suda Dağılabilen Granül)
GURLAN SC 400 (İMAL),200 g/l Fluopyram + 200 g/l Tebuconazole,SC (Akıcı Konsantre/Süspansiyon Konsantre)
ZOYTO (İMAL),150 g/l Prochloraz + 42 g/l Epoxiconazole,DC (Disperse Olabilen Konsantre)
ALNURFO 20 WP (İMAL),%20 Pyridaben,WP (Islanabilir Toz)
NO-PANİC (İMAL),110 g/l Etoxazole,SC (Akıcı Konsantre/Süspansiyon Konsantre)
DARDENIA WG (İMAL),%50 Flonicamid,WG (Suda Dağılabilen Granül)
EFDAL BAROX (İMAL),%50 Metalik bakıra eşdeğer bakır hidroksit,WG (Suda Dağılabilen Granül)
EFDAL BAROX 2F (İMAL),"361,1 g/l Metalik bakıra eşdeğer bakır hidroksit",SC (Akıcı Konsantre/Süspansiyon Konsantre)
SELLERS 250 WG (İMAL),%25 Spinetoram,WG (Suda Dağılabilen Granül)
TROPPO (İMAL),500 g/l Clofentezine,SC (Akıcı Konsantre/Süspansiyon Konsantre)
GRAHAM 50 SC (İTHAL),50 g/l Florasulam,SC (Akıcı Konsantre/Süspansiyon Konsantre)
MIZUKI (İTHAL),"10,6 g/l Pyraflufen-ethyl",EC (Emülsiye Olabilen Konsantre)
ENTOLAM (İMAL),50 g/l Lambda-cyhalothrin,CS (Kapsül Süspansiyon)
ASTRAXONİL (İMAL),45 g/l Pinoxaden + 20 g/l Cloquintocet-mexyl (safener),EC (Emülsiye Olabilen Konsantre)
DELMORE 500 SC (İMAL),350 g/l Metamitron + 150 g/l Ethofumesate,SC (Akıcı Konsantre/Süspansiyon Konsantre)
ESQUI (İMAL),500 g/l Fluometuron,SC (Akıcı Konsantre/Süspansiyon Konsantre)
BOUNCE 200 SL (İTHAL),200 g/l Glufosinate-ammonium tuzu,SL (Suda Çözünen Konsantre)
MEKA 240 EC (İTHAL),240 g/l Clethodim,EC (Emülsiye Olabilen Konsantre)
URUNGU CS (İMAL),480 g/l Clomazone,CS (Kapsül Süspansiyon)
PRİMPLUS OPTİ 500 SC (İMAL),"312,5 g/l S-Metolachlor + 187,5 g/l Terbuthylazine",SC (Akıcı Konsantre/Süspansiyon Konsantre)
RACON (İMAL),360 g/l Clomazone+ 150 g/l Pentoxazone,CS (Kapsül Süspansiyon)
AGROFARM ENDE (İMAL),250 g/l Quinclorac,SC (Akıcı Konsantre/Süspansiyon Konsantre)
MADUREZ 425 SC (İTHAL),400 g/l Chlorotoluron + 25 g/l Diflufenican,SC (Akıcı Konsantre/Süspansiyon Konsantre)
BAYTAN 480 SL (İMAL),480 g/l Bentazone,SL (Suda Çözünen Konsantre)
CANDOP 48 SL (İMAL),480 g/l Glyphosate Isopropylamin Tuzu,SL (Suda Çözünen Konsantre)
CANMETRİN 100 EC (İMAL),100 g/l Alpha-cypermethrin,EC (Emülsiye Olabilen Konsantre)
SIVENG EC 85 (İTHAL),75 g/l Flupyradifurone + 10 g/l Deltamethrin,EC (Emülsiye Olabilen Konsantre)
PRIDOR 5 SG (İMAL),%5 Emamectin benzoate,SG (Suda Çözünen Granül)
EFDAL ODİVİN 800 (İMAL),800 g/l Mineral Yağ,EC (Emülsiye Olabilen Konsantre)
GRIVA 50 WG (İMAL),%50 Flonicamid,WG (Suda Dağılabilen Granül)
EFDAL OVALON (İMAL),240 g/l Spiromesifen,SC (Akıcı Konsantre/Süspansiyon Konsantre)
AVARS (İMAL),300 g/l Pentoxazone,SC (Akıcı Konsantre/Süspansiyon Konsantre)
TURBOFER (İMAL),100 g/l Clopyralid,SL (Suda Çözünen Konsantre)
ROPİR 5 SG (İTHAL),%5 Emamectin benzoate,SG (Suda Çözünen Granül)
GLİSTER 75 WG (İTHAL),%75 Tribenuron-methyl,WG (Suda Dağılabilen Granül)
TRIVOR (İTHAL),186 g/l Acetamiprid + 124 g/l Pyriproxyfen,DC (Disperse Olabilen Konsantre)
QUICKPHOS BAG (İTHAL),%57 Aluminium phosphide,DP (Toz)
KAVALA (İMAL),25 g/l Imazamox,SL (Suda Çözünen Konsantre)
HELIANTHEX (İTHAL),"71,4 Halauxifen- methyl (68,5 g/l asit eşdeğer)",SC (Akıcı Konsantre/Süspansiyon Konsantre)
XSARA (İTHAL),%15 Metalik Bakıra Eşdeğer Bakır Hidroksit + %15 Metalik Bakıra Eşdeğer Bakır Oksiklorid + %5 Benalaxyl - M,WG (Suda Dağılabilen Granül)
CASCADA (İMAL),45 g/l Pinoxaden + 20 g/l Cloquintocet-mexyl (safener),EC (Emülsiye Olabilen Konsantre)
NOVACUT (İMAL),"%39,75 Metalik bakıra eşdeğer bakır oksiklorid + %4,2 Cymoxanil",WG (Suda Dağılabilen Granül)
LONDKRAL (İMAL),30 g/l Mesosulfuron-methyl + 90 g/l Mefenpyr-diethyl (safener),OD (Yağda Dağılabilen)
SAFA ALERT WG (İMAL),"%3 Mesosulfuron-methyl + %0,6 Iodosulfuron-methyl sodium + %9 Mefenpeyr-diethyl (safener)",WG (Suda Dağılabilen Granül)
SAFA OMEGA OD (İMAL),30 g/l Mesosulfuron-methyl + 90 g/l Mefenpyr-diethyl (safener),OD (Yağda Dağılabilen)
ASBORDO (İMAL),%20 Metalik bakıra eşdeğer bordo bulamacı,WP (Bordo Bulamacı) (Islanabilir Toz)
MUZZLE 50 WP (İMAL),%50 Cymoxanil,WP (Islanabilir Toz)
SANTAMİTE (İMAL),240 g/l Spiromesifen,SC (Akıcı Konsantre/Süspansiyon Konsantre)
HEKTAŞ BİSELADO (İMAL),360 g/l Glyphosate asite eşdeğer Glyphosate Isopropylamin Tuzu + 30 g/l Oxyfluorfen,SC (Akıcı Konsantre/Süspansiyon Konsantre)
BAGIERA (İTHAL),"75 g/l Fluroxypyr- meptyl + 30 g/l Pinoxaden + 1,75 g/l Florasulam + 7,5 g/l Cloquintocet-mexyl (safener)",EC (Emülsiye Olabilen Konsantre)
OLİMPİA (İMAL),240 g/l Spirodiclofen,SC (Akıcı Konsantre/Süspansiyon Konsantre)
FREYA 240 SC (İMAL),240 g/l Bifenazate,SC (Akıcı Konsantre/Süspansiyon Konsantre)
TELEPATHY EW (İMAL),360 g/l Glyphosate asite eşdeğer Glyphosate Isopropylamin Tuzu + 5 g/l Carfentrazone-ethyl,"EW (Emülsiyon, Suda Yağ)"
CAYMAN (İTHAL),% 60 Tribenuron-methyl + % 20 Florasulam,WG (Suda Dağılabilen Granül)
BARNEY 20 WP (İMAL),%20 Tebufenpyrad,WP (Islanabilir Toz)
EXCEEDER (İMAL),"100 g/l Cyhalofop-butyl + 13,3 g/l Penoxsulam",OD (Yağda Dağılabilen)
SİALL (İMAL),"100 g/l Cyhalofop-butyl + 13,3 g/l Penoxsulam",OD (Yağda Dağılabilen)
UDIA (İTHAL),500 g/l Pretilachlor,EC (Emülsiye Olabilen Konsantre)
PLASET 25 SC (İMAL),250 g/l Quinclorac,SC (Akıcı Konsantre/Süspansiyon Konsantre)
KİNGAST (İMAL),"452,42 g/l 2,4-D 2-Ethylhexyl ester + 6,25 g/l Florasulam",SE (Suspo-Emülsiyon)
FINZOFOL (İMAL),"452,42 g/l 2,4-D 2-Ethylhexyl ester + 6,25 g/l Florasulam",SE (Suspo-Emülsiyon)
OLARİS (İMAL),450 g/l Pendimethalin,CS (Kapsül Süspansiyon)
CANSTOMP 330 EC (İMAL),330 g/l Pendimethalin,EC (Emülsiye Olabilen Konsantre)
COMPREMİS 5 EC (İMAL),50 g/l Quizalofop-p-ethyl,EC (Emülsiye Olabilen Konsantre)
SEANCE (İMAL),200 g/l Cyhalofop-butyl + 100 g/l Quinclorac,SC (Akıcı Konsantre/Süspansiyon Konsantre)
HEKTAŞ BORDO 20 WG (İMAL),%20 Metalik bakıra eşdeğer bordo bulamacı,WG (Bordo Bulamacı) (Suda Dağılabilen Granül)
EFDAL ZAYS (İMAL),250 g/l Quinclorac,SC (Akıcı Konsantre/Süspansiyon Konsantre)
HEKTAŞ ERATO (İMAL),250 g/l Quinclorac,SC (Akıcı Konsantre/Süspansiyon Konsantre)
PEMENA (İMAL),100 g/l Pyriproxyfen,EC (Emülsiye Olabilen Konsantre)
ROUTİNE 40 SC (İMAL),400 g/l Cyazofamid,SC (Akıcı Konsantre/Süspansiyon Konsantre)
EFDAL GOLEYDİM (İMAL),"116,2 g/l Clethodim",EC (Emülsiye Olabilen Konsantre)
ONYX 600 EC (İTHAL),600 g/l Pyridate,EC (Emülsiye Olabilen Konsantre)
FLETT (İMAL),"%37,5 Cyprodinil + %25 Fludioxonil",WG (Suda Dağılabilen Granül)
DEVAPLAN 200 SL (İMAL),200 g/l Acetamiprid,SL (Suda Çözünen Konsantre)
CLOSER (İMAL),200 g/l Tebuconazole + 120 g/l Azoxystrobin,SC (Akıcı Konsantre/Süspansiyon Konsantre)
CHANTI OF 120 (İMAL),30 g/l Mesosulfuron-methyl + 90 g/l Mefenpyr-diethyl (safener),OD (Yağda Dağılabilen)
LAYOUT 40 OD (İTHAL),40 g/l Nicosulfuron,OD (Yağda Dağılabilen)
FLAGFİN (İMAL),%25 Rimsulfuron,SG (Suda Çözünen Granül)
PARKUR 75 WG (İMAL),"%7,5 Pyroxsulam + %7,5 Cloquintocet-mexyl (safener)",WG (Suda Dağılabilen Granül)
VELOMAX (İMAL),75 g/l Mesotrione + 30 g/l Nicosulfuron,OD (Yağda Dağılabilen)
SOLFOBLUS EC (İMAL),300 g/l S-Metolachlor + 200 g/l Pendimethalin + 45 g/l Benoxacor (safener)),EC (Emülsiye Olabilen Konsantre)
BELEGORSK 75 DF (İMAL),%75 Tribenuron-methyl,WG (Suda Dağılabilen Granül)
DELAN SC (İTHAL),500 g/l Dithianon,SC (Akıcı Konsantre/Süspansiyon Konsantre)
BALENDIN (İTHAL),24 g/l Difenoconazole + 24 g/l Fludioxonil,FS (Tohum İlaçlaması İçin Akıcı Konsantre)
COBBLER (İMAL),500 g/l Fluometuron,SC (Akıcı Konsantre/Süspansiyon Konsantre)
KALUGA (İMAL),200 g/l Aclonifen + 40 g/l Imazamox,DC (Disperse Olabilen Konsantre)
LUMINO 700 SC (İTHAL),700 g/l Kükürt,SC (Akıcı Konsantre/Süspansiyon Konsantre)
ASTRALOT 250 (İMAL),250 g/l Flutriafol,SC (Akıcı Konsantre/Süspansiyon Konsantre)
BENİFİLİN EC (İMAL),180 g/l Benfluralin,EC (Emülsiye Olabilen Konsantre)
FRS WINCESTER (İMAL),200 g/l Azoxystrobin + 125 g/l Difenoconazole,SC (Akıcı Konsantre/Süspansiyon Konsantre)
COSAVET SC (İMAL),700 g/l Kükürt,SC (Akıcı Konsantre/Süspansiyon Konsantre)
CALENDULA (İMAL),"%30 Cymoxanil + %22,5 Famoxadone",WG (Suda Dağılabilen Granül)
SAFA QUMETRAXX (İMAL),"%45,6 Cymoxanil + %15 Trifloxystrobin",WG (Suda Dağılabilen Granül)
RİNGER (İMAL),%55 Metiram + %5 Pyraclostrobin,WG (Suda Dağılabilen Granül)
TAGULA (İMAL),75 g/l Mesotrione + 30 g/l Nicosulfuron,OD (Yağda Dağılabilen)
MAKAIO (İTHAL),%30 Fluazinam+ %20 Cymoxanil,WG (Suda Dağılabilen Granül)
BALDRICK (İTHAL),% 34 Quinclorac + %2 Bensulfuron-methyl,WP (Islanabilir Toz)
HEKTAŞ GREDİ (İMAL),%50 Flonicamid,WG (Suda Dağılabilen Granül)
RİMOT 25 WG (İTHAL),%25 Rimsulfuron,WG (Suda Dağılabilen Granül)
VOLARİNEX (İMAL),360 g/l Glyphosate asite eşdeğer Glyphosate Isopropylamin Tuzu + 30 g/l Oxyfluorfen,SC (Akıcı Konsantre/Süspansiyon Konsantre)
ROPY WG (İMAL),%12 Dithianon + %4 Pyraclostrobin,WG (Suda Dağılabilen Granül)
ESTRELLA 500 SC (İTHAL),500 g/l Ethofumesate,SC (Akıcı Konsantre/Süspansiyon Konsantre)
OTOBUR (İMAL),240 g/l Isoxaflutole +240 g/l Cyprosulfamide (safener),SC (Akıcı Konsantre/Süspansiyon Konsantre)
EFDAL TAXİM (İMAL),25 g/l Fludioxonil + 10 g/l Metalaxyl-m,FS (Tohum İlaçlaması İçin Akıcı Konsantre)
LAİOS (İMAL),250 g/l Bentazone + 125 g/l MCPA,SL (Suda Çözünen Konsantre)
EXTANG (İMAL),720 g/l Ethephon,SL (Suda Çözünen Konsantre)
WANKAİ (İMAL),10 g/l Gibberellin A4/A7,SL (Suda Çözünen Konsantre)
OTÖR 400 OD (İMAL),400 g/l Quinclorac,OD (Yağda Dağılabilen)
EDGAR® (İMAL),%50 Cymoxanil,WP (Islanabilir Toz)
HEKTAŞ HORA (İMAL),30 g/l Mesosulfuron-methyl + 90 g/l Mefenpyr-diethyl (safener),OD (Yağda Dağılabilen)
HEKTAŞ SPICA (İMAL),400 g/l Propyzamide,SC (Akıcı Konsantre/Süspansiyon Konsantre)
JARGON 240 EC (İMAL),240 g/l Clethodim,EC (Emülsiye Olabilen Konsantre)
PORCEL 10 EC (İTHAL),100 g/l Pyriproxyfen,EC (Emülsiye Olabilen Konsantre)
HARDALEX (İMAL),500 g/l MCPA + 200 g/l Clopyralid,SL (Suda Çözünen Konsantre)
PRINSERON 750 SG (İTHAL),%60 Dicamba + %15 Nicosulfuron,SG (Suda Çözünen Granül)
MAXCEL (İTHAL),20 g/l 6-Benzyladenine,SL (Suda Çözünen Konsantre)
ALLIANCE (İTHAL),%60 Diflufenican + %6 Metsulfuron-methyl,WG (Suda Dağılabilen Granül)
MOFITO (İMAL),100 g/l Spirotetramat,SC (Akıcı Konsantre/Süspansiyon Konsantre)
SPİNFARM 240 SC (İMAL),240 g/l Spinosad,SC (Akıcı Konsantre/Süspansiyon Konsantre)
VIENTO (İTHAL),500 g/l Diflufenican + 50 g/l Florasulam,SC (Akıcı Konsantre/Süspansiyon Konsantre)
NOVENSOL SC 100 (İMAL),100 g/l Spirotetramat,SC (Akıcı Konsantre/Süspansiyon Konsantre)
MUREF CS 300 (İTHAL),300 g/l Spiroxamine,CS (Kapsül Süspansiyon)
KARACHAI (İMAL),%20 Flubendiamide,WG (Suda Dağılabilen Granül)
CORİST® (İMAL),245 g/l Myclobutanil,EC (Emülsiye Olabilen Konsantre)
CHARISMA 80 WG (İTHAL),%80 Kükürt,WG (Suda Dağılabilen Granül)
PRANDE (İMAL),"%30 Cymoxanil + %22,5 Famoxadone",WG (Suda Dağılabilen Granül)
EFDAL CİPAZ (İMAL),%50 Flonicamid,WG (Suda Dağılabilen Granül)
TETRAMET (İMAL),%20 Flubendiamide,WG (Suda Dağılabilen Granül)
GRABUS (İTHAL),"30 g/l Clodinafop-propargyl + 7,5 g/l Florasulam + 30 g/l Pinoxaden + 7,5 Cloquintocet-mexyl (Safener)",EC (Emülsiye Olabilen Konsantre)
POLİ-M 240 EC (İMAL),240 g/l Clethodim,EC (Emülsiye Olabilen Konsantre)
EFDAL GRANADA CS (İTHAL),450 g/l Pendimethalin,CS (Kapsül Süspansiyon)
TASK (İTHAL),150 g/l Indoxacarb,OD (Yağda Dağılabilen)
AMAROK 565 SC (İTHAL),525 g/l Metamitron + 40 g/l Quinmerac,SC (Akıcı Konsantre/Süspansiyon Konsantre)
FRS DEHAM (İMAL),%50 Captan,WP (Islanabilir Toz)
PRIVEST® SC (İTHAL),300 g/LPhosphorous Acid (mono ve di-potasyum tuzları) + 75 g/L Ametoctradin,SC (Akıcı Konsantre/Süspansiyon Konsantre)
DELİGENTA (İMAL),%50 Dicamba + %25 Tritosulfuron,WG (Suda Dağılabilen Granül)
POMER EC (İMAL),250 g/l Flurochloridone,EC (Emülsiye Olabilen Konsantre)
KEZURO (İTHAL),571 g/l Metamitron + 71 g/l Quinmerac,SC (Akıcı Konsantre/Süspansiyon Konsantre)
FRATH (İMAL),"480 g/l Bentazone + 22,4 g/l Imazamox",SL (Suda Çözünen Konsantre)
SHOT TABLET (İTHAL),%56 Aluminium phosphide,DT (Direkt Uygulama İçin Tablet)
LATİS® (İMAL),100 g/l Azoxystrobin + 80 g/l Tetraconazole,SE (Suspo-Emülsiyon)
SNOTRA 240 EC (İMAL),240 g/l Oxyfluorfen,EC (Emülsiye Olabilen Konsantre)
DEMORA (İTHAL),50 g/l Imazamox,SL (Suda Çözünen Konsantre)
FULLYBUT 600 (İMAL),600 g/l Aclonifen,SC (Akıcı Konsantre/Süspansiyon Konsantre)
LOVER SE (İMAL),"375 g/l S-Metolachlor + 125 g/l Terbuthylazine + 37,5 g/l Mesotrione",SE (Suspo-Emülsiyon)
SMEGO (İMAL),360 g/l Hymexazole,SL (Suda Çözünen Konsantre)
NEOCAM (İMAL),200 g/l Fluopyram + 200 g/l Tebuconazole,SC (Akıcı Konsantre/Süspansiyon Konsantre)
VOLTAGE (İMAL),200 g/l Diquat dibromide,SL (Suda Çözünen Konsantre)
SAMBUKA (İMAL),50 g/l Quizalofop-p-ethyl,EC (Emülsiye Olabilen Konsantre)
PROMETEY EC (İTHAL),40 g/l Quizalofop-p-tefuryl,EC (Emülsiye Olabilen Konsantre)
SALTUS 80 SL (İTHAL),80 g/l Imazamox,SL (Suda Çözünen Konsantre)
BURBON (İMAL),"37,5 g/l Mesotrione + 15 g/l Nicosulfuron",OD (Yağda Dağılabilen)
PROSPEK (İMAL),"%26,7 Boscalid + %6,7 Pyraclostrobin",WG (Suda Dağılabilen Granül)
AXION (İMAL),%50 Flonicamid,SG (Suda Çözünen Granül)
Ninjut 5 EC (İMAL),50 g/l Lambda-cyhalothrin,EC (Emülsiye Olabilen Konsantre)
ECOSAV-M1 (İMAL),Sarı (585-595 nm)+Mavi (455-470 nm) UV Işıklı Tuzak,--- (-)
TALOS SC (İMAL),200 g/l Boscalid + 100 g/l Kresoxim-methyl,SC (Akıcı Konsantre/Süspansiyon Konsantre)
ECOSAV-D1 (İMAL),385-405 nm UV Işıklı Tuzak,--- (-)
ASTCENG 600 SC (İMAL),600 g/l Aclonifen,SC (Akıcı Konsantre/Süspansiyon Konsantre)
HOLDOWN (İTHAL),307 g/l Pendimethalin + 129 g/l Clomazone,CS (Kapsül Süspansiyon)
VIVALDI 687.5 SC (İMAL),"625 g/l Propamocarb-hydrochloride + 62,5 g/l Fluopicolide",SC (Akıcı Konsantre/Süspansiyon Konsantre)
BRUMBY 80 EC (İTHAL),80 g/l Clodinafop-propargyl + 20 g/l Cloquintocet-mexyl (Safener),EC (Emülsiye Olabilen Konsantre)
VALUNETTE® (İMAL),400 g/l Phosphorous Acid (mono ve di-potasyum tuzları),SL (Suda Çözünen Konsantre)
PERRY (İMAL),"25,2 g/l Penoxsulam",OD (Yağda Dağılabilen)
AXDOR (İMAL),200 g/l Cyhalofop-butyl,EC (Emülsiye Olabilen Konsantre)
SAFA TRUST-P (İMAL),270 g/l Terbuthylazine + 64 g/l Pendimethalin,SE (Suspo-Emülsiyon)
SIVANTO SL 200 (İTHAL),200 g/l Flupyradifurone,SL (Suda Çözünen Konsantre)
FITOMAG (İTHAL),% 3.0 1-Methylcyclopropene,VP (Gaz Neşreden İlaç)
ECONEEM (İMAL),10 g/l Azadirachtin A,EC (Emülsiye Olabilen Konsantre)
TARANG (İTHAL),140 g/l Glufosinate-ammonium + 50 g/l Oxyfluorfen,"EW (Emülsiyon, Suda Yağ)"
COSWEL 250 WG (İTHAL),% 25 Flazasulfuron,WG (Suda Dağılabilen Granül)
PIGALLUS® (İMAL),200 g/l Azoxystrobin + 125 g/l Difenoconazole,SC (Akıcı Konsantre/Süspansiyon Konsantre)
ALDEID® (İMAL),200 g/l Azoxystrobin + 125 g/l Difenoconazole,SC (Akıcı Konsantre/Süspansiyon Konsantre)
NEOZİN 25 EC (İTHAL),25 g/l Beta-cyfluthrin,EC (Emülsiye Olabilen Konsantre)
GALERON® 600 (İMAL),600 g/l Phosphorous Acid (mono ve di-potasyum tuzları),SL (Suda Çözünen Konsantre)
KAMPOS (İMAL),%80 Fosetyl-Al,WG (Suda Dağılabilen Granül)
IRICOL (İMAL),%50 Tebuconazole + %25 Trifloxystrobin,WG (Suda Dağılabilen Granül)
FOXTON (İTHAL),282 g/l Thiophanate-methyl + 56 g/l Pyraclostrobin,SC (Akıcı Konsantre/Süspansiyon Konsantre)
TRINICA (İTHAL),250 g/l lambda cyhalothrin,CS (Kapsül Süspansiyon)
EFDAL FUNRAM (İMAL),250 g/l Flurochloridone,EC (Emülsiye Olabilen Konsantre)
CHEMSTER 435 EC (İMAL),435 g/l Pendimethalin,EC (Emülsiye Olabilen Konsantre)
VARUS 250 EC (İMAL),250 g/l Flurochloridone,EC (Emülsiye Olabilen Konsantre)
SPIRIDOR 240 (İMAL),240 g/l Spirodiclofen,SC (Akıcı Konsantre/Süspansiyon Konsantre)
DE COMPANA (İMAL),"480 g/l Bentazone + 22,4 g/l Imazamox",SL (Suda Çözünen Konsantre)
MONTEROSSO EC (İMAL),960 g/l S-Metolachlor,EC (Emülsiye Olabilen Konsantre)
QUARS 325 SC (İMAL),200 g/l Azoxystrobin + 125 g/l Difenoconazole,SC (Akıcı Konsantre/Süspansiyon Konsantre)
ADVENA (İMAL),%50 Kresoxim-methyl,WG (Suda Dağılabilen Granül)
NİNBO (İMAL),"%57 Metiram + %4,8 Cymoxanil",WG (Suda Dağılabilen Granül)
COVELİN SC (İMAL),200 g/l Azoxystrobin + 125 g/l Difenoconazole,SC (Akıcı Konsantre/Süspansiyon Konsantre)
TERRAX (İTHAL),"45 g/l Pinoxaden + 5 g/l Florasulam + 11,25 g/l Cloquintocet-mexyl (safener)",EC (Emülsiye Olabilen Konsantre)
YUNİKA EC (İTHAL),"100 g/l Fluroxypyr + 2,5 g/l Florasulam",EC (Emülsiye Olabilen Konsantre)
LEONER (İMAL),100 g/l Clopyralid,SL (Suda Çözünen Konsantre)
FEATURE 50 WG (İTHAL),%50 Trifloxystrobin,WG (Suda Dağılabilen Granül)
BANİSTER 75 WG (İTHAL),%75 Tribenuron-methyl,WG (Suda Dağılabilen Granül)
FRS KUGA 5 EC (İMAL),50 g/l Quizalofop-p-ethyl,EC (Emülsiye Olabilen Konsantre)
GRAMS WG (İMAL),%75 Tribenuron-methyl,WG (Suda Dağılabilen Granül)
FONDET 240 E (İMAL),240 g/l Oxyfluorfen,EC (Emülsiye Olabilen Konsantre)
EFDAL IMPULS EC 460 (İMAL),300 g/l Spiroxamine + 160 g/l Prothioconazole,EC (Emülsiye Olabilen Konsantre)
STOMP AQUA (İTHAL),455 g/l Pendimethalin,CS (Kapsül Süspansiyon)
ZAZOLRAN (İMAL),110 g/l Etoxazole,SC (Akıcı Konsantre/Süspansiyon Konsantre)
ABAGARD (İMAL),180 g/l Abamectin,DC (Disperse Olabilen Konsantre)
HUYSUZ EC (İMAL),"116,2 g/l Clethodim",EC (Emülsiye Olabilen Konsantre)
CARTEL 45 EC (İMAL),45 g/l Pinoxaden + 20 g/l Cloquintocet-mexyl (safener),EC (Emülsiye Olabilen Konsantre)
PONTWELL (İMAL),%50 Trifloxystrobin,WG (Suda Dağılabilen Granül)
PABLO (İMAL),250 g/l Quinclorac,SC (Akıcı Konsantre/Süspansiyon Konsantre)
SONTRANE EC (İTHAL),250 g/l Metribuzin,EC (Emülsiye Olabilen Konsantre)
ZONEBORNE (İMAL),250 g/l Flurochloridone,EC (Emülsiye Olabilen Konsantre)
BOREAS (İMAL),40 g/l Imazamox,SL (Suda Çözünen Konsantre)
SPEED (İMAL),800 g/l Mineral Yağ,EC (Emülsiye Olabilen Konsantre)
RASMY 20 WP (İMAL),%20 Pyridaben,WP (Islanabilir Toz)
FRS RAMPAR FS 060 (İMAL),60 g/l Tebuconazole,FS (Tohum İlaçlaması İçin Akıcı Konsantre)
ASTİVO WG 75 (İMAL),%50 Tebuconazole + %25 Trifloxystrobin,WG (Suda Dağılabilen Granül)
APPROVE (İMAL),%12 Dithianon + %4 Pyraclostrobin,WG (Suda Dağılabilen Granül)
ZAZALA (İTHAL),"361,1 g/l Metalik bakıra eşdeğer bakır hidroksit",SC (Akıcı Konsantre/Süspansiyon Konsantre)
"JARGON 116,2 EC (İMAL)","116,2 g/l Clethodim",EC (Emülsiye Olabilen Konsantre)
STARK 100 SC (İMAL),100 g/l Spirotetramat,SC (Akıcı Konsantre/Süspansiyon Konsantre)
CHAOS (İMAL),240 g/l Metaflumizone,SC (Akıcı Konsantre/Süspansiyon Konsantre)
OREAD (İMAL),480 g/l Spinosad,SC (Akıcı Konsantre/Süspansiyon Konsantre)
CHİNK 650 EC (İMAL),650 g/l Malathion,EC (Emülsiye Olabilen Konsantre)
TERUYA 50 WG (İMAL),%50 Flonicamid,WG (Suda Dağılabilen Granül)
FYTOSAVE (İTHAL),"12,5 g/l COS-OGA",SL (Suda Çözünen Konsantre)
PRESIDIUM (İTHAL),180 g/l Dimethomorph + 180 g/l Zoxamide,SC (Akıcı Konsantre/Süspansiyon Konsantre)
LASYA (İMAL),100 g/l Clopyralid,SL (Suda Çözünen Konsantre)
VELIFER (İTHAL),Beauveria bassiana PPRI 5339 ırkı >8.0 x 10 üzeri 9 cfu/ml,OD (Yağda Dağılabilen)
CAPRIS 65 EC (İMAL),650 g/l Malathion,EC (Emülsiye Olabilen Konsantre)
PALMADOR 50 WP (İMAL),%50 Pirimicarb,WP (Islanabilir Toz)
PLATINTONİK (İMAL),25 g/l Sodium s-Naphthaline Acetate + 3 g/l Sodium Para Nitrophenolate + 2 g/l Sodium Ortho Nitrophenolate + 1 g/l Sodium Penta Nitroguaiacolate,SL (Suda Çözünen Konsantre)
PROSARO EC 250 (İMAL),125 g/l Prothioconazole + 125 g/l Tebuconazole,EC (Emülsiye Olabilen Konsantre)
BARIA (İMAL),250 g/l Quinclorac,SC (Akıcı Konsantre/Süspansiyon Konsantre)
"SİSMİC 537,5 SE (İMAL)","375 g/l S-Metolachlor + 125 g/l Terbuthylazine + 37,5 g/l Mesotrione + 18,5 g/l Benoxacor (Safener)",SE (Suspo-Emülsiyon)
CUMMULA EC (İTHAL),"300 g/l 2,4-D EHE( 200 g/l 2,4-D asite eşdeğer) + 5 g/l Florasulam",EC (Emülsiye Olabilen Konsantre)
GENAGRO BİOCURE 25 WP (İMAL),%25 Tebuconazole,WP (Islanabilir Toz)
CULTAR 25 SC (İTHAL),250 g/l Paclobutrazol,SC (Akıcı Konsantre/Süspansiyon Konsantre)
ART-GOL 5 EC (İMAL),50 g/l Lambda-cyhalothrin,EC (Emülsiye Olabilen Konsantre)
KRINEA (İMAL),"26,5 g/l Pyraflufen ethyl",EC (Emülsiye Olabilen Konsantre)
OPTISORUN EC (İMAL),240 g/l Clethodim,EC (Emülsiye Olabilen Konsantre)
SİGMOON SE (İMAL),"85 g/l Pyraclostrobin + 62,5 g/l Epoxiconazole",SE (Suspo-Emülsiyon)
OUTRİBUT (İMAL),"%6,75 Propoxycarbazone Sodium + %4,5 Mesosulfuron-methyl + %9 Mefenpyr-diethyl (safener)",WG (Suda Dağılabilen Granül)
TAYGA (İMAL),50 g/l Quizalofop-p-ethyl,EC (Emülsiye Olabilen Konsantre)
TELESTO (İMAL),100 g/l Clopyralid,SL (Suda Çözünen Konsantre)
D-METHALİN 330 EC (İMAL),330 g/l Pendimethalin,EC (Emülsiye Olabilen Konsantre)
SONCHUS (İMAL),915 g/l S-Metolachlor + 45 g/l Benoxacor (safener),EC (Emülsiye Olabilen Konsantre)
UNIAGRO BLUE DROP SC (İMAL),124 g/l Metalik bakıra eşdeğer bordo bulamacı,SC (Akıcı Konsantre/Süspansiyon Konsantre)
VİNENZA (İMAL),200 g/l Boscalid + 100 g/l Kresoxim-methyl,SC (Akıcı Konsantre/Süspansiyon Konsantre)
SUNCUPRO 50 WP (İMAL),%50 Metalik bakıra eşdeğer bakır oksiklorid,WP (Islanabilir Toz)
MEDAX TR (İTHAL),%7.5 Trinexapac-ethyl + %5 Prohexadione-calcium,WG (Suda Dağılabilen Granül)
PREMİO ZOLFO 80 WG (İTHAL),%80 Kükürt,WG (Suda Dağılabilen Granül)
BALAYA® (İTHAL),100 g/l Mefentrifluconazole + 100 g/l Pyraclostrobin,EC (Emülsiye Olabilen Konsantre)
ELİSENO (İMAL),%50 Flonicamid,WG (Suda Dağılabilen Granül)
ZEYMA OF 120 (İMAL),30 g/l Mesosulfuron-methyl + 90 g/l Mefenpyr-diethyl (safener),OD (Yağda Dağılabilen)
CURCİO 50 WP (İMAL),%50 Metalik bakıra eşdeğer bakır oksiklorid,WP (Islanabilir Toz)
FLORDIMEX (İMAL),480 g/l Ethephon,SL (Suda Çözünen Konsantre)
SALGADO (İMAL),600 g/l Metribuzin,SC (Akıcı Konsantre/Süspansiyon Konsantre)
CURATİO® (İMAL),%50 Cymoxanil,WP (Islanabilir Toz)
EFDAL SİSTOKS (İMAL),%6 Metaldehyde,GB (Granül Yem)
ASOPOS WG (İMAL),"%26,7 Boscalid + %6,7 Pyraclostrobin",WG (Suda Dağılabilen Granül)
EVANDER (İMAL),%5 Emamectin benzoate,SG (Suda Çözünen Granül)
HEKTAŞ SCRİPT (İMAL),700 g/l Mineral Yağ + 3 g/l Pyriproxyfen,SC (Akıcı Konsantre/Süspansiyon Konsantre)
EFDAL KLORMET DC (İMAL),150 g/l Prochloraz + 42 g/l Epoxiconazole,DC (Disperse Olabilen Konsantre)
EFDAL OXSİL (İMAL),"85 g/l Pyraclostrobin + 62,5 g/l Epoxiconazole",SE (Suspo-Emülsiyon)
CRYSTAL 240 SC (İMAL),240 g/l Methoxyfenozide,SC (Akıcı Konsantre/Süspansiyon Konsantre)
EFFORE 20 SL (İMAL),200 g/l Acetamiprid,SL (Suda Çözünen Konsantre)
ISABELLA 20 SP (İMAL),%20 Acetamiprid,SP (Suda Çözünen Toz)
LUSEN SC 500 (İTHAL),250 g/l Fluopyram+ 250 g/l Trifloxystrobin,SC (Akıcı Konsantre/Süspansiyon Konsantre)
HALT SC (İMAL),250 g/l Glyphosate asite eşdeğer Glyphosate Isopropylamin Tuzu + 40 g/l Diflufenican,SC (Akıcı Konsantre/Süspansiyon Konsantre)
HERBY OD 120 (İMAL),30 g/l Mesosulfuron-methyl + 90 g/l Mefenpyr-diethyl (safener),OD (Yağda Dağılabilen)
SİPER CANKOR (İMAL),%70 Metribuzin,WP (Islanabilir Toz)
AGRONET 150 SC (İMAL),150 g/l Indoxacarb,SC (Akıcı Konsantre/Süspansiyon Konsantre)
EFDAL ŞAROKE (İMAL),"25,2 g/l Penoxsulam",OD (Yağda Dağılabilen)
UNİAGRO GÖZTAŞI (İMAL),%25 Metalik bakıra eşdeğer bakır sülfat,CR (Kristal)
GİANT 330 EC (İMAL),330 g/l Pendimethalin,EC (Emülsiye Olabilen Konsantre)
GRUBBY 5 EC (İMAL),50 g/l Quizalofop-p-ethyl,EC (Emülsiye Olabilen Konsantre)
MUGASTON (İMAL),"452,42 g/l 2,4-D 2-Ethylhexyl ester + 6,25 g/l Florasulam",SE (Suspo-Emülsiyon)
ZOR-YA SC (İMAL),"37,5 g/l Mesotrione + 15 g/l Nicosulfuron",SC (Akıcı Konsantre/Süspansiyon Konsantre)
IROKE 500 SC (İMAL),500 g/l Dodine,SC (Akıcı Konsantre/Süspansiyon Konsantre)
FNAMEC (İMAL),"452,42 g/l 2,4-D 2-Ethylhexyl ester + 6,25 g/l Florasulam",SE (Suspo-Emülsiyon)
VENOMUS 50 EC (İMAL),50 g/l Lufenuron,EC (Emülsiye Olabilen Konsantre)
VAPCOTOP (İTHAL),%70 Thiophanate-methyl,WP (Islanabilir Toz)
MORTWEL 240 EC (İTHAL),240 g/l Clethodim,EC (Emülsiye Olabilen Konsantre)
DİSKET 5 SG (İMAL),%5 Emamectin benzoate,SG (Suda Çözünen Granül)
SUPREEM (İTHAL),"116,2 g/l Clethodim",EC (Emülsiye Olabilen Konsantre)
TEFEN 400 EW (İMAL),267 g/l Prochloraz + 133 g/l Tebuconazole,"EW (Emülsiyon, Suda Yağ)"
TEZTAN 360 SL (İMAL),360 g/l Hymexazole,SL (Suda Çözünen Konsantre)
EPHTAL SC 765 (İMAL),720 g/l Ethephon + 45 g/l Cyclanilide,SC (Akıcı Konsantre/Süspansiyon Konsantre)
SAFAL (İMAL),10 g/l Gibberellin A4/A7,SL (Suda Çözünen Konsantre)
GINBRA SC 500 (İTHAL),400 g/l Flufenacet + 100 g/l Diflufenican,SC (Akıcı Konsantre/Süspansiyon Konsantre)
MİKONY 600 (İMAL),600 g/l Phosphorous Acid (mono ve di-potasyum tuzları),SL (Suda Çözünen Konsantre)
SPELL® (İMAL),%50 Cymoxanil,WP (Islanabilir Toz)
AZIR 400 EW (İMAL),267 g/l Prochloraz + 133 g/l Tebuconazole,"EW (Emülsiyon, Suda Yağ)"
ASTRAMİN (İMAL),"500 g/l 2,4-D asite eşdeğer dimethyl amin tuzu",SL (Suda Çözünen Konsantre)
JİNTİS WG (İTHAL),"%3 Mesosulfuron-methyl + %0,6 Iodosulfuron-methyl sodium + %9 Mefenpeyr-diethyl (safener)",WG (Suda Dağılabilen Granül)
MONTEM 70 WG (İMAL),%70 Metamitron,WG (Suda Dağılabilen Granül)
ODEN 130 OD (İTHAL),66 g/l Clodinafop-propargyl + 66 g/l Flucarbazone-Na + 20 g/l Cloquintocet-mexyl (safener),OD (Yağda Dağılabilen)
MİRANDES (İMAL),"312,5 g/l S-Metolachlor + 187,5 g/l Terbuthylazine",SC (Akıcı Konsantre/Süspansiyon Konsantre)
ARMA 10 SL (İMAL),10 g/l Gibberellin A4/A7,SL (Suda Çözünen Konsantre)
EFDAL ZENOTRİN 200 (İMAL),200 g/l Esfenvalerate,EC (Emülsiye Olabilen Konsantre)
SEROTİN 150 EC (İMAL),150 g/l Fosthiazate,EC (Emülsiye Olabilen Konsantre)
KORQUİD 200 SL (İMAL),200 g/l Diquat dibromide,SL (Suda Çözünen Konsantre)
SAURY (İMAL),"125 g/l Bifenazate + 7,5 g/l Abamectin",SC (Akıcı Konsantre/Süspansiyon Konsantre)
RİVAL SUPRA %5 EW (İMAL),"51,3 g/l Cyflufenamid","EW (Emülsiyon, Suda Yağ)"
VADOR 500 SC (İMAL),500 g/l Fenhexamid,SC (Akıcı Konsantre/Süspansiyon Konsantre)
SUNTAS (İMAL),"%25,2 Boscalid + %12,8 Pyraclostrobin",WG (Suda Dağılabilen Granül)
SKARLET ME (İTHAL),100 g/l Imazalil+ 60 g/l Tebuconazole,ME (Mikro-Emülsiyon)
SUPRAOIL (İMAL),800 g/l Mineral Yağ,EC (Emülsiye Olabilen Konsantre)
RAMTO 80 EC (İMAL),80 g/l Clodinafop-propargyl + 20 g/l Cloquintocet-mexyl (Safener),EC (Emülsiye Olabilen Konsantre)
URBAN 10 EC (İMAL),100 g/l Pyriproxyfen,EC (Emülsiye Olabilen Konsantre)
ESCANE (İMAL),500 g/l Fenhexamid,SC (Akıcı Konsantre/Süspansiyon Konsantre)
WOLIVA® 80 WP (İMAL),%80 Fosetyl-Al,WP (Islanabilir Toz)
YOKOZUNA (İTHAL),500 g/l Benzobicyclon,SC (Akıcı Konsantre/Süspansiyon Konsantre)
ANTORA (İMAL),480 g/l Bentazone,SL (Suda Çözünen Konsantre)
EMAVAP (İTHAL),%5 Emamectin benzoate,SG (Suda Çözünen Granül)
VAPNEX (İTHAL),50 g/l Lambda-cyhalothrin,EC (Emülsiye Olabilen Konsantre)
DIACARB (İTHAL),150 g/l Indoxacarb,OD (Yağda Dağılabilen)
VAPMET (İTHAL),%70 Metribuzin,WP (Islanabilir Toz)
FORCE-FULL (İTHAL),450 g/l Pendimethalin,CS (Kapsül Süspansiyon)
ACENTE 1.8 EW (İMAL),18 g/l Abamectin,"EW (Emülsiyon, Suda Yağ)"
LA CORUNA (İMAL),20 g/l Abamectin,SC (Akıcı Konsantre/Süspansiyon Konsantre)
MEDEGY® CST 125 FS (İMAL),"75 g/l Azoxystrobin + 37,5 g/l Metalaxyl-m + 12,5 g/l Fludioxonil",FS (Tohum İlaçlaması İçin Akıcı Konsantre)
EBON (İTHAL),%5 Emamectin benzoate,SG (Suda Çözünen Granül)
HAMPER 240 SC (İMAL),240 g/l Spirodiclofen,SC (Akıcı Konsantre/Süspansiyon Konsantre)
DERAST 20 (İMAL),%20 Tebufenpyrad,WP (Islanabilir Toz)
HEKTAŞ ZENON (İMAL),45 g/l Pinoxaden + 20 g/l Cloquintocet-mexyl (safener),EC (Emülsiye Olabilen Konsantre)
ENDAXY 240 SC (İTHAL),222 g/l Spirodiclofen + 18 g/l Abamectin,SC (Akıcı Konsantre/Süspansiyon Konsantre)
BUAKİ (İMAL),25 g/l Deltamethrin,EC (Emülsiye Olabilen Konsantre)
AGRİ-FOS 400 (İMAL),400 g/l Phosphorous Acid (mono ve di-potasyum tuzları),SL (Suda Çözünen Konsantre)
MAGNET MED (İTHAL),"%21,75 Amonyum acetate+%9,42 Trimethylamine Hydrocloride+%0,16 Putrescine+%0,03 Deltamethrine+Zarf Tipi Tuzak",--- (-)
VINSON 40 EC (İTHAL),40 g/l Pyrethrin,EC (Emülsiye Olabilen Konsantre)
MARLEY (İMAL),"%37,5 Cyprodinil + %25 Fludioxonil",WG (Suda Dağılabilen Granül)
NETGROWY (İMAL),240 g/l Spinosad,SC (Akıcı Konsantre/Süspansiyon Konsantre)
SPRET OİL (İMAL),15 g/l Phosmet,OD (Yağda Dağılabilen)
FUSAZIL (İTHAL),230 g/l Prochloraz+ 41 g/l Tetraconazole,"EW (Emülsiyon, Suda Yağ)"
AGROFARM FLOOPY SC 480 (İMAL),240 g/l Isoxaflutole +240 g/l Cyprosulfamide (safener),SC (Akıcı Konsantre/Süspansiyon Konsantre)
HULA 25 EC (İMAL),250 g/l Cypermethrin,EC (Emülsiye Olabilen Konsantre)
SUNBRIGHT (İTHAL),300 g/l Aclonifen + 20 g/l İmazamox,SC (Akıcı Konsantre/Süspansiyon Konsantre)
INDEX WG (İMAL),"%26,7 Boscalid + %6,7 Pyraclostrobin",WG (Suda Dağılabilen Granül)
SPARROW SC (İMAL),40 g/l Nicosulfuron,SC (Akıcı Konsantre/Süspansiyon Konsantre)
BIOXAM (İMAL),"480 g/l Bentazone + 22,4 g/l Imazamox",SL (Suda Çözünen Konsantre)
RAMTO 240 EC (İMAL),240 g/l Clodinafop-propargyl + 60 g/l Cloquintocet-mexyl (safener),EC (Emülsiye Olabilen Konsantre)
WIDEN 400 EC (İTHAL),200 g/l Bromoxynil + 200 g/l MCPA,EC (Emülsiye Olabilen Konsantre)
FEAROW 20 EC (İMAL),200 g/l Esfenvalerate,EC (Emülsiye Olabilen Konsantre)
KORPAM (İTHAL),500 g/l Metam Sodium,SL (Suda Çözünen Konsantre)
DORYAT WG (İMAL),"%25,2 Boscalid + %12,8 Pyraclostrobin",WG (Suda Dağılabilen Granül)
TANALP 48 SL (İTHAL),480 g/l Glyphosate Isopropylamin Tuzu,SL (Suda Çözünen Konsantre)
MANDURO WG (İMAL),%30 Foramsulfuron + %1 Iodosulfuron methyl-sodium + %30 Isoxadifen-ethyl (safener),WG (Suda Dağılabilen Granül)
VAPHER (İTHAL),200 g/l Glufosinate-ammonium tuzu,SL (Suda Çözünen Konsantre)
BEEPER (İMAL),"480 g/l Bentazone + 22,4 g/l Imazamox",SL (Suda Çözünen Konsantre)
FOSTIR (İTHAL),%57 Aluminium phosphide,DT (Direkt Uygulama İçin Tablet)
KORAKSİN (İMAL),"700 g/l Mineral Yağ + 17,3 g/l Buprofezin",OD (Yağda Dağılabilen)
SELODIM 240 EC (İTHAL),240 g/l Clethodim,EC (Emülsiye Olabilen Konsantre)
ALBACORE (İMAL),"65,82 g/l Metalik bakıra eşdeğer bakır sülfat",SC (Akıcı Konsantre/Süspansiyon Konsantre)
ZETACUPE (İMAL),700 g/l Metalik bakıra eşdeğer bakır oksiklorid,SC (Akıcı Konsantre/Süspansiyon Konsantre)
BORDORAM (İMAL),124 g/l Metalik bakıra eşdeğer bordo bulamacı,SC (Akıcı Konsantre/Süspansiyon Konsantre)
ARGERUS 400 (İMAL),400 g/l Phosphorous Acid (mono ve di-potasyum tuzları),SL (Suda Çözünen Konsantre)
CUPRAFORM (İMAL),"361,1 g/l Metalik bakıra eşdeğer bakır hidroksit",SC (Akıcı Konsantre/Süspansiyon Konsantre)
CULVİN OPTİ (İMAL),%30 Metalik bakıra eşdeğer bakır hidroksit,WG (Suda Dağılabilen Granül)
FOREKS 70 WG (İMAL),%70 Dithianon,WG (Suda Dağılabilen Granül)
ASTRALİSTO (İMAL),%55 Metiram + %5 Pyraclostrobin,WG (Suda Dağılabilen Granül)
HEKTAŞ CEREMONY® (İMAL),150 g/L Prochloraz+ 42 g/L Prothioconazole,EC (Emülsiye Olabilen Konsantre)
LENZİRAN (İMAL),464 g/l Flutolanil,SC (Akıcı Konsantre/Süspansiyon Konsantre)
PUGNA 69 EW (İTHAL),"69 g/l Fenoxaprop-p-ethyl + 34,5 g/l Cloquintocet-mexyl (safener)","EW (Emülsiyon, Suda Yağ)"
TOSTY 200 SL (İMAL),200 g/l Diquat dibromide,SL (Suda Çözünen Konsantre)
CARPATHIA (İMAL),200 g/l Glufosinate-ammonium tuzu,SL (Suda Çözünen Konsantre)
ALBATROS EC (İMAL),64 g/l Fenoxaprop-P-ethyl+ 8 g/l Iodosulfuron-methyl-sodium + 24 g/l Mafenpyr-diethyl (safener),EC (Emülsiye Olabilen Konsantre)
TORTURE 100 EC (İMAL),100 g/l Penconazole,EC (Emülsiye Olabilen Konsantre)
CATANIA 50 WG (İMAL),%50 Pirimicarb,WG (Suda Dağılabilen Granül)
QUIZOVAP (İTHAL),50 g/l Quizalofop-p-ethyl,EC (Emülsiye Olabilen Konsantre)
SAFA LATİTUDE (İMAL),"100 g/l Cyhalofop-butyl + 13,3 g/l Penoxsulam",OD (Yağda Dağılabilen)
GHIBLI (İTHAL),220 g/l Dicamba + 50 g/l Nicosulfuron,OD (Yağda Dağılabilen)
TONIFRUIT WP (İTHAL),"%1,18 2-(1-Naphthyl) acetamide (NAD) + %0,43 1-Naphthylacetic acid (NAA)",WP (Islanabilir Toz)
SAFA STAREX (İMAL),250 g/l Trinexapac-ethyl,EC (Emülsiye Olabilen Konsantre)
VİVEO (İTHAL),10 g/l Forchlorfenuron,SL (Suda Çözünen Konsantre)
RANMAN TOP (İTHAL),160 g/l Cyazofamid,SC (Akıcı Konsantre/Süspansiyon Konsantre)
FUNGISEI (İTHAL),Bacillus Subtilis IAB/BS03 (1x 10 üzeri 7 cfu/ml),SL (Suda Çözünen Konsantre)
BASKİNG (İMAL),250 g/l Prochloraz+75 g/l Trifloxystrobin+50 g/l Cyproconazole,SE (Suspo-Emülsiyon)
AGROBIY (İMAL),"%6,75 Propoxycarbazone Sodium + %4,5 Mesosulfuron-methyl + %9 Mefenpyr-diethyl (safener)",WG (Suda Dağılabilen Granül)
MURUM® 025 FS (İTHAL),25 g/L Fludioxonil,FS (Tohum İlaçlaması İçin Akıcı Konsantre)
MEDEA ME (İTHAL),50 g/l Difenoconazole + 30 g/l Flutriafol,ME (Mikro-Emülsiyon)
SUPRAKAL (İMAL),380 g/l Kalsiyum polisülfür,SL (Suda Çözünen Konsantre)
PHEROAGRO-KP (İMAL),"0,40 mg (2S, 12Z)-2-acetoxy-12-heptadecene/dispenser",--- (-)
KASURİ (İTHAL),300 g/L Pyriofenone,SC (Akıcı Konsantre/Süspansiyon Konsantre)
VERSUS 150 EC (İMAL),150 g/l Fosthiazate,EC (Emülsiye Olabilen Konsantre)
LYTONE TABLET (İTHAL),"% 0,18 1-Methylcyclopropene",WT (Suda Dağılabilen Tablet)
PESCARO (İMAL),"85 g/l Pyraclostrobin + 62,5 g/l Epoxiconazole",SE (Suspo-Emülsiyon)
CUARİO SC (İMAL),200 g/l Boscalid + 100 g/l Kresoxim-methyl,SC (Akıcı Konsantre/Süspansiyon Konsantre)
GENOOM 10 SC (İMAL),110 g/l Etoxazole,SC (Akıcı Konsantre/Süspansiyon Konsantre)
KORLENT (İMAL),%50 Phosmet,WP (Islanabilir Toz)
DECCOFOS® (İTHAL),450 g/l Fosetyl-Al,SC (Akıcı Konsantre/Süspansiyon Konsantre)
DUAL 960 EC (İTHAL),960 g/l S-Metolachlor,EC (Emülsiye Olabilen Konsantre)
COSTİNG EC (İMAL),"9,3 g/l Milbemectin",EC (Emülsiye Olabilen Konsantre)
CHACHA 50 SC (İMAL),500 g/l Clofentezine,SC (Akıcı Konsantre/Süspansiyon Konsantre)
GERMES OD (İTHAL),50 g/l Quizalofop-P-ethyl + 38 g/l Imazamox,OD (Yağda Dağılabilen)
TRELON 65 EC (İMAL),650 g/l Malathion,EC (Emülsiye Olabilen Konsantre)
HAYCY SC (İMAL),240 g/l Methoxyfenozide,SC (Akıcı Konsantre/Süspansiyon Konsantre)
GENVİSO TR (İMAL),%55 Metiram + %5 Pyraclostrobin,WG (Suda Dağılabilen Granül)
FİENO WG (İMAL),"%57 Metiram + %4,8 Cymoxanil",WG (Suda Dağılabilen Granül)
KALMIS (İMAL),%50 Propyzamide,WP (Islanabilir Toz)
TRUCE 360 SL (İMAL),360 g/l Hymexazole,SL (Suda Çözünen Konsantre)
Grainguard EC 25 (İMAL),250 g/l Piperonly Butoxide + 25 g/l Deltamethrin,EC (Emülsiye Olabilen Konsantre)
MAKTO (İMAL),75 g/l Indoxacarb + 18 g/l Abamectin,SC (Akıcı Konsantre/Süspansiyon Konsantre)
GRAİNPHOS DP (İTHAL),%57 Aluminium phosphide,DP (Toz)
Atractivo (İMAL),75 g/l Indoxacarb + 18 g/l Abamectin,SC (Akıcı Konsantre/Süspansiyon Konsantre)
HEKTAŞ POENA (İMAL),200 g/l Glufosinate-ammonium tuzu,SL (Suda Çözünen Konsantre)
KİNGPHOS TB (İTHAL),%56 Aluminium phosphide,DT (Direkt Uygulama İçin Tablet)
PROYZA 72 SL (İMAL),722 g/l Propamocarb-hydrochloride,SL (Suda Çözünen Konsantre)
MARSON SC (İMAL),40 g/l Nicosulfuron,SC (Akıcı Konsantre/Süspansiyon Konsantre)
EMENDO (İTHAL),%15 Metalik bakıra eşdeğer bakır hidroksit + %15 Metalik bakıra eşdeğer bakır oksiklorid + %6 Valiphenal,WG (Suda Dağılabilen Granül)
QUALM (İMAL),250 g/l Azoxystrobin,SC (Akıcı Konsantre/Süspansiyon Konsantre)
RIDOLAXYL (İMAL),282 g/l Azoxystrobin + 109 g/l Metalaxyl-M,SE (Suspo-Emülsiyon)
CARBENT DC (İMAL),150 g/l Prochloraz + 42 g/l Epoxiconazole,DC (Disperse Olabilen Konsantre)
PICTOR® TR (İTHAL),250 g/l Pyraclostrobin+ 150 g/l Boscalid,SC (Akıcı Konsantre/Süspansiyon Konsantre)
NUORO 400 SC (İMAL),400 g/l Buprofezin,SC (Akıcı Konsantre/Süspansiyon Konsantre)
CHIMPIK 50 EC (İMAL),500 g/l Pirimiphos methyl,EC (Emülsiye Olabilen Konsantre)
CHILKAT 25 EC (İMAL),250 g/l Flurochloridone,EC (Emülsiye Olabilen Konsantre)
HH-100 EMULSIONABLE (İTHAL),500 g/l Metam Sodium,SL (Suda Çözünen Konsantre)
ATTACK 72 SL (İMAL),720 g/l Ethephon,SL (Suda Çözünen Konsantre)
SAFETHİON 65 EC (İMAL),650 g/l Malathion,EC (Emülsiye Olabilen Konsantre)
EFDAL TARWAX 10 EC (İMAL),100 g/l Pyriproxyfen,EC (Emülsiye Olabilen Konsantre)
NARDEN (İMAL),400 g/l Phosphorous Acid (mono ve di-potasyum tuzları),SL (Suda Çözünen Konsantre)
PERLİCA 20 SP (İMAL),%20 Acetamiprid,SP (Suda Çözünen Toz)
EFDAL GART 600 (İMAL),600 g/l Phosphorous Acid (mono ve di-potasyum tuzları),SL (Suda Çözünen Konsantre)
NEMOR 250 EC (İMAL),250 g/l Difenoconazole,EC (Emülsiye Olabilen Konsantre)
CLOUD (İTHAL),375 g/l Metazachlor + 125 g/l Quinmerac,SC (Akıcı Konsantre/Süspansiyon Konsantre)
PİVOT FS 120 (İMAL),120 g/l Tebuconazole,FS (Tohum İlaçlaması İçin Akıcı Konsantre)
ERTACRON (İMAL),720 g/l Ethephon,SL (Suda Çözünen Konsantre)
EFDAL ROUTER 150 EC (İMAL),150 g/l Fluazifop-p-butyl,EC (Emülsiye Olabilen Konsantre)
VİBRANCE 500 FS (İTHAL),500 g/l Sedaxane,FS (Tohum İlaçlaması İçin Akıcı Konsantre)
PENDİGAN 330 EC (İTHAL),330 g/l Pendimethalin,EC (Emülsiye Olabilen Konsantre)
STRATEJI 150 SC (İMAL),150 g/l Indoxacarb,SC (Akıcı Konsantre/Süspansiyon Konsantre)
COPTION 65 EC (İMAL),650 g/l Malathion,EC (Emülsiye Olabilen Konsantre)
ALPRAT 150 SC (İMAL),150 g/l Indoxacarb,SC (Akıcı Konsantre/Süspansiyon Konsantre)
SULFLOW 80 WG (İTHAL),%80 Kükürt,WG (Suda Dağılabilen Granül)
ANECDOT EC (İMAL),100 g/l Buprofezin + 20 g/l Lambda-cyhalothrin,EC (Emülsiye Olabilen Konsantre)
REQUIEM EC 152.3 (İTHAL),"152,3 g/l Terpenoid blend QRD 460",EC (Emülsiye Olabilen Konsantre)
NOPEA® (İMAL),360 g/l Hymexazole,SL (Suda Çözünen Konsantre)
LABENTI 36 SL (İMAL),360 g/l Hymexazole,SL (Suda Çözünen Konsantre)
BAGLIS SC (İMAL),200 g/l Boscalid + 100 g/l Kresoxim-methyl,SC (Akıcı Konsantre/Süspansiyon Konsantre)
AUBAINE 518 SC (İTHAL),"500 g/l Chlorotoluron + 18,75 g/l Isoxaben",SC (Akıcı Konsantre/Süspansiyon Konsantre)
ONRAT 320 SC (İTHAL),200 g/l Tebuconazole + 120 g/l Azoxystrobin,SC (Akıcı Konsantre/Süspansiyon Konsantre)
VENOM (İMAL),"%0,52 1-naphthylacetic acid (NAA) + %0,51 4-indol-3-ylbutyric acid (IBA)",WP (Islanabilir Toz)
GRUNİON 101 (İMAL),"451,4 g/l 2,4-D (2,4-D Dichlorophenoxy) acetic acid tri-isopropyl amin tuzu + 116,3 gl Picloram",SL (Suda Çözünen Konsantre)
TRIMUP PELLET (İMAL),%6 Metaldehyde,GB (Granül Yem)
BÖRÜ IQ (İMAL),250 g/l Quinclorac,SC (Akıcı Konsantre/Süspansiyon Konsantre)
TEREN (İMAL),%50 Flonicamid,WG (Suda Dağılabilen Granül)
AC-LOUD 400 SC (İMAL),400 g/l Buprofezin,SC (Akıcı Konsantre/Süspansiyon Konsantre)
AGIXA 172 NEO EC (İTHAL),160 g/l Cyhalofop-butyl + 12 g/l Florpyrauxifen-benzyl +,EC (Emülsiye Olabilen Konsantre)
VALETE (İTHAL),%80 Fosetyl-Al,WP (Islanabilir Toz)
ENTFUN (İMAL),400 g/l Dithianon + 100 g/l Trifloxystrobin,SC (Akıcı Konsantre/Süspansiyon Konsantre)
CUPROGOLD (İMAL),%35 Metalik bakıra eşdeğer bakır hidroksit,WG (Suda Dağılabilen Granül)
CANAMYTE (İMAL),240 g/l Spirodiclofen,SC (Akıcı Konsantre/Süspansiyon Konsantre)
MANDALYN (İMAL),100 g/l Pyriproxyfen,EC (Emülsiye Olabilen Konsantre)
EMADOX SC (İTHAL),106 g/l Indoxacarb+53 g/l Emamectin benzoate,SC (Akıcı Konsantre/Süspansiyon Konsantre)
"BENSİT 2,5 EC (İMAL)",25 g/l Deltamethrin,EC (Emülsiye Olabilen Konsantre)
EFDAL AZİBUT (İMAL),200 g/l Azoxystrobin + 125 g/l Difenoconazole,SC (Akıcı Konsantre/Süspansiyon Konsantre)
PONTIAC 45 EC (İMAL),45 g/l Pinoxaden + 20 g/l Cloquintocet-mexyl (safener),EC (Emülsiye Olabilen Konsantre)
MİSİLLE 20 SL (İTHAL),200 g/l Diquat dibromide,SL (Suda Çözünen Konsantre)
ONFOSET 80 WP (İTHAL),%80 Fosetyl-Al,WP (Islanabilir Toz)
VAPORPH3OS (İTHAL),"%99,3 Fosfin",GA (Gaz)
BELLMAC 5.7 WG (İTHAL),% 5.7 Emamectin benzoate,WG (Suda Dağılabilen Granül)
KAPADOKIA 65 EC (İMAL),650 g/l Malathion,EC (Emülsiye Olabilen Konsantre)
ASTROZE (İMAL),240 g/l Methoxyfenozide,SC (Akıcı Konsantre/Süspansiyon Konsantre)
BARBELO 100 SC (İMAL),100 g/l Spirotetramat,SC (Akıcı Konsantre/Süspansiyon Konsantre)
PROFUSE 250 EC (İMAL),250 g/l Difenoconazole,EC (Emülsiye Olabilen Konsantre)
SKYSTAR (İTHAL),%75 Tribenuron-methyl,WG (Suda Dağılabilen Granül)
VYAPAK (İTHAL),%10 Fosthiazate,GR (Granül)
FRS FOROZ 400 (İMAL),400 g/l Phosphorous Acid (mono ve di-potasyum tuzları),SL (Suda Çözünen Konsantre)
LACLOFEN (İMAL),%50 Kresoxim-methyl,WG (Suda Dağılabilen Granül)
VARNA (İMAL),"%57 Metiram + %4,8 Cymoxanil",WG (Suda Dağılabilen Granül)
AGROFARM CLASS (İMAL),200 g/l Glufosinate-ammonium tuzu,SL (Suda Çözünen Konsantre)
LIFELINE (İTHAL),160 g/l Glufosinate-ammonium + 202 g/l Glyphosate IPA tuzu,SL (Suda Çözünen Konsantre)
HEKTAŞ CAPTAN'H WG (İMAL),%50 Captan,WG (Suda Dağılabilen Granül)
LENTİPUR 500 SC (İTHAL),500 g/l Chlorotoluron,SC (Akıcı Konsantre/Süspansiyon Konsantre)
FACET (İTHAL),250 g/l Quinclorac,SC (Akıcı Konsantre/Süspansiyon Konsantre)
FEN-TON SC (İMAL),200 g/l Imazalil + 200 g/l Pyrimethanil,SC (Akıcı Konsantre/Süspansiyon Konsantre)
BRENDA 10 G (İTHAL),%10 Fosthiazate,GR (Granül)
EVANLESS (İMAL),360 g/l Glyphosate asite eşdeğer Glyphosate Isopropylamin Tuzu + 30 g/l Oxyfluorfen,SC (Akıcı Konsantre/Süspansiyon Konsantre)
MAKLAIM 5 SG (İMAL),%5 Emamectin benzoate,SG (Suda Çözünen Granül)
BİOCLAİM 5 SG (İTHAL),%5 Emamectin benzoate,SG (Suda Çözünen Granül)
WİPMURE 150 SC (İMAL),150 g/l Indoxacarb,SC (Akıcı Konsantre/Süspansiyon Konsantre)
EFDAL GUBFOS (İMAL),%75 Cyromazine,WP (Islanabilir Toz)
Hektaş Expand (İMAL),300 g/l Bromoxynil + 300 g/l MCPA,EC (Emülsiye Olabilen Konsantre)
MAHLER ME (İMAL),50 g/l Quizalofop-p-ethyl,ME (Mikro-Emülsiyon)
VAPCOMORE (İTHAL),200 g/l Acetamiprid,SL (Suda Çözünen Konsantre)
ERTEKİ (İMAL),%12 Dithianon + %4 Pyraclostrobin,WG (Suda Dağılabilen Granül)
RUFFE 25 EC (İMAL),250 g/l Flurochloridone,EC (Emülsiye Olabilen Konsantre)
BAXIGA 32.5 OD (İTHAL),"20 g/l Penoxsulam + 12,5 g/l Florpyrauxifen-benzyl",OD (Yağda Dağılabilen)
CAMRO SC (İMAL),200 g/l Boscalid + 100 g/l Kresoxim-methyl,SC (Akıcı Konsantre/Süspansiyon Konsantre)
ARTLAYM 5 SG (İMAL),%5 Emamectin benzoate,SG (Suda Çözünen Granül)
TARZEC 320 WG (İTHAL),"% 6,95 (% 6,67 ae) Halauxifen-methyl + % 25 Pyroxsulam + % 35,4 Cloquintocet-acid (Safener)",WG (Suda Dağılabilen Granül)
ACS HAPLESS SC (İMAL),500 g/l Fenhexamid,SC (Akıcı Konsantre/Süspansiyon Konsantre)
FİLİKER MC (İMAL),300 g/l Bromoxynil + 300 g/l MCPA,EC (Emülsiye Olabilen Konsantre)
MATRIX 5 EC (İMAL),50 g/l Hexythiazox,EC (Emülsiye Olabilen Konsantre)
BEYOND NEW (İTHAL),"33,3 g/l Imazamox",SL (Suda Çözünen Konsantre)
PALMA 50 EC (İMAL),50 g/l Lufenuron,EC (Emülsiye Olabilen Konsantre)
ACS HAWK 5 SG (İMAL),%5 Emamectin benzoate,SG (Suda Çözünen Granül)
SAFA VANTAGE EC (İMAL),480 g/l Metalaxyl-M,EC (Emülsiye Olabilen Konsantre)
PARGO WG (İTHAL),%50 Tebuconazole + %25 Trifloxystrobin,WG (Suda Dağılabilen Granül)
PLATHORIN 150 EC (İMAL),150 g/l Fosthiazate,EC (Emülsiye Olabilen Konsantre)
EMİLİON (İTHAL),"%37,5 Cyprodinil + %25 Fludioxonil",WG (Suda Dağılabilen Granül)
REKOR 50 EC (İMAL),50 g/l Lambda-cyhalothrin,EC (Emülsiye Olabilen Konsantre)
CONVISO OD 80 (İTHAL),50 g/l Foramsulfuron + 30 g/l Thiencarbazone-methyl,OD (Yağda Dağılabilen)
OPTIX-R® (İTHAL),%20 Fosetyl-Al + %15 Metalik Bakıra Eşdeğer Tribazik Bakır Sülfat,WG (Suda Dağılabilen Granül)
FRS GLOK 80 WG (İTHAL),%80 Kükürt,WG (Suda Dağılabilen Granül)
LOCEREN (İMAL),441 g/l Glyphosate Potasyum Tuzu,SL (Suda Çözünen Konsantre)
DESOLON (İMAL),75 g/l Mesotrione + 30 g/l Nicosulfuron,SC (Akıcı Konsantre/Süspansiyon Konsantre)
MENTA PRELÜD (İMAL),300 g/l Pyrimethanil,SC (Akıcı Konsantre/Süspansiyon Konsantre)
NINJITSU CS (İTHAL),50 g/l Lambda-cyhalothrin,CS (Kapsül Süspansiyon)
TUREİS (İMAL),"%3 Mesosulfuron-methyl + %0,6 Iodosulfuron-methyl sodium + %9 Mefenpeyr-diethyl (safener)",WG (Suda Dağılabilen Granül)
BARADAN 50 WG (İMAL),%50 Trifloxystrobin,WG (Suda Dağılabilen Granül)
BKS TRILURE (İTHAL),"1,4 g p-Anisaldehyde/ Karton disk",--- (-)
NADAS (İMAL),360 g/l Glyphosate asite eşdeğer Glyphosate Isopropylamin Tuzu + 30 g/l Oxyfluorfen,SC (Akıcı Konsantre/Süspansiyon Konsantre)
VOCAL 10 G (İTHAL),%10 Fosthiazate,GR (Granül)
AZOXIFEN (İTHAL),200 g/l Azoxystrobin + 125 g/l Difenoconazole,SC (Akıcı Konsantre/Süspansiyon Konsantre)
ANKİT (İTHAL),%70 Thiophanate-methyl,WP (Islanabilir Toz)
HEKTAŞ ALBEDO (İMAL),50 g/l Buprofezin + 6.2 g/l Deltamethrin,EC (Emülsiye Olabilen Konsantre)
SAFA VALLE (İMAL),120 g/l Carfentrazone-ethyl,EC (Emülsiye Olabilen Konsantre)
NEVREST EC (İMAL),100 g/l Buprofezin + 20 g/l Lambda-cyhalothrin,EC (Emülsiye Olabilen Konsantre)
KASIRGA (İMAL),400 g/l Buprofezin,SC (Akıcı Konsantre/Süspansiyon Konsantre)
NEGATİON 40 OD (İTHAL),40 g/l Nicosulfuron,OD (Yağda Dağılabilen)
DEFENTOX® (İTHAL),25 g/l Deltamethrin,EC (Emülsiye Olabilen Konsantre)
ACTINMOR (İMAL),18 g/l Abamectin,EC (Emülsiye Olabilen Konsantre)
BLEAK (İMAL),"228,6 g/l Spiromesifen + 11,4 g/l Abamectin",SC (Akıcı Konsantre/Süspansiyon Konsantre)
NOVİCURE 40 WG (İTHAL),%40 Metalik bakıra eşdeğer tribazik bakır sülfat,WG (Suda Dağılabilen Granül)
ZZ CUPROTAN 700 SC (İMAL),700 g/l Metalik bakıra eşdeğer bakır oksiklorid,SC (Akıcı Konsantre/Süspansiyon Konsantre)
BUFFOON SC (İMAL),"361,1 g/l Metalik bakıra eşdeğer bakır hidroksit",SC (Akıcı Konsantre/Süspansiyon Konsantre)
PAGODA (İMAL),150 g/l Prochloraz + 42 g/l Epoxiconazole,DC (Disperse Olabilen Konsantre)
Frigate 150 EC (İMAL),150 g/l Fosthiazate,EC (Emülsiye Olabilen Konsantre)
TAN BORDOX (İMAL),%75 Metalik bakıra eşdeğer bakır oksit,WG (Suda Dağılabilen Granül)
ROSCANA® (İMAL),"85 g/l Pyraclostrobin + 62,5 g/l Epoxiconazole",SE (Suspo-Emülsiyon)
ACS GLADIO 110 SC (İMAL),110 g/l Etoxazole,SC (Akıcı Konsantre/Süspansiyon Konsantre)
BİO-CURE F (İTHAL),Trichoderma viride 1x10 üzeri 8 kob/ml min.,SL (Suda Çözünen Konsantre)
AGRODONE (İMAL),500 g/l Metrafenone,SC (Akıcı Konsantre/Süspansiyon Konsantre)
MOKKA (İTHAL),"360 g/l 2,4-D Asit (543 g/l 2,4-D EHE eşdeğer) + 90 g/l Fluroxypyr (129 g/l Fluroxypyr meptyl'e eşdeğer)",EC (Emülsiye Olabilen Konsantre)
UNIAGRO BLUE DROP 20 WP (İMAL),%20 Metalik bakıra eşdeğer bordo bulamacı,WP (Islanabilir Toz)
TENOXIM ® (İMAL),%50 Trifloxystrobin,WG (Suda Dağılabilen Granül)
FRAME (İTHAL),%75 Tribenuron-methyl,WG (Suda Dağılabilen Granül)
OVIPHYT (İTHAL),800 g/l Mineral Yağ,EC (Emülsiye Olabilen Konsantre)
DAGRO GİBB (İMAL),20 g/l Gibberellic acid,SL (Suda Çözünen Konsantre)
CORTO (İTHAL),%10 Prohexadione Calcium,WG (Suda Dağılabilen Granül)
RİTMİCA OF 120 (İMAL),30 g/l Mesosulfuron-methyl + 90 g/l Mefenpyr-diethyl (safener),OD (Yağda Dağılabilen)
ENFORCER 640 SC (İTHAL),600 g/l Chlorotoluron + 40 g/l Diflufenican,SC (Akıcı Konsantre/Süspansiyon Konsantre)
PATCH 250 SC (İMAL),250 g/l Flutriafol,SC (Akıcı Konsantre/Süspansiyon Konsantre)
ASİLİYET 80 WG (İMAL),%80 Fosetyl-Al,WG (Suda Dağılabilen Granül)
STİN 80 WG (İMAL),%80 Fosetyl-Al,WG (Suda Dağılabilen Granül)
ALGEBAR (İMAL),240 g/l Metaflumizone,SC (Akıcı Konsantre/Süspansiyon Konsantre)
CELLFEX (İMAL),10 g/l Forchlorfenuron,EC (Emülsiye Olabilen Konsantre)
FLORGIB 100 OD (İTHAL),100 g/l Gibberellic acid,OD (Yağda Dağılabilen)
PROPESTGAS (İTHAL),"%99,8 Sulfuryl Fluoride",GA (Gaz)
APHET (İTHAL),200 g/l Penthiopyrad,SC (Akıcı Konsantre/Süspansiyon Konsantre)
KASTİLL (İMAL),650 g/l Malathion,EC (Emülsiye Olabilen Konsantre)
COLZOR 540 EC (İTHAL),500 g/l Dimethachlor + 40 g/l Clomazone,EC (Emülsiye Olabilen Konsantre)
PİNOVA DE (İMAL),240 g/l Methoxyfenozide,SC (Akıcı Konsantre/Süspansiyon Konsantre)
VAPTAK (İTHAL),100 g/l Alpha-cypermethrin,EC (Emülsiye Olabilen Konsantre)
AVASTRA 200 SL (İMAL),200 g/l Glufosinate-ammonium tuzu,SL (Suda Çözünen Konsantre)
ROSETTA (İMAL),200 g/l Esfenvalerate,EC (Emülsiye Olabilen Konsantre)
DRİVEFASTER WG (İMAL),%25 Spinetoram,WG (Suda Dağılabilen Granül)
DIDYMME 125 FS (İMAL),"75 g/l Azoxystrobin + 37,5 g/l Metalaxyl-m + 12,5 g/l Fludioxonil",FS (Tohum İlaçlaması İçin Akıcı Konsantre)
BENEVENTO (İTHAL),"%30 Cymoxanil + %22,5 Famoxadone",WG (Suda Dağılabilen Granül)
SAFA KOMPEDAN 85 WG (İMAL),"%7,08 Pyroxsulam + %1,42 Florasulam + %7,08 Cloquintocet-mexyl (safener)",WG (Suda Dağılabilen Granül)
KORNİLOFOS 50 EC (İMAL),500 g/l Pirimiphos methyl,EC (Emülsiye Olabilen Konsantre)
QUELEX 200 WG (İTHAL),"10,42%(10ae%) Halauxifen-methyl + %10 Florasulam + %7,08 Cloquintocet-acid (Safener)",WG (Suda Dağılabilen Granül)
DELPHOS (İMAL),240 g/l Tau-fluvalinate,SC (Akıcı Konsantre/Süspansiyon Konsantre)
SİTİLO (İMAL),480 g/l Spinosad,SC (Akıcı Konsantre/Süspansiyon Konsantre)
BELLAGİO (İMAL),240 g/l Methoxyfenozide,SC (Akıcı Konsantre/Süspansiyon Konsantre)
AGRIPRO (İMAL),200 g/l Glufosinate-ammonium tuzu,SL (Suda Çözünen Konsantre)
AGNUPAN 70 WP (İTHAL),%70 Metribuzin,WP (Islanabilir Toz)
SHIKARI (İTHAL),%42 Metribuzin + %12 Clodinafop-Propargyl + %3 Cloquintocet-mexyl (Safener),WG (Suda Dağılabilen Granül)
CUTOFF 50 WG (İMAL),%50 Trifloxystrobin,WG (Suda Dağılabilen Granül)
MALCARA 76 WG (İMAL),%76 Ziram,WG (Suda Dağılabilen Granül)
AGNOTORİN 150 EC (İMAL),150 g/l Fosthiazate,EC (Emülsiye Olabilen Konsantre)
KORTHIAZATE 150 EC (İMAL),150 g/l Fosthiazate,EC (Emülsiye Olabilen Konsantre)
SANCTUM (İTHAL),"800 g/l Malathion + 12,8 g/l Gamma-cyhalothrin",EC (Emülsiye Olabilen Konsantre)
CALİXA (İMAL),240 g/l Metaflumizone,SC (Akıcı Konsantre/Süspansiyon Konsantre)
SİRYUS 240 SC (İTHAL),240 g/l Methoxyfenozide,SC (Akıcı Konsantre/Süspansiyon Konsantre)
CAZMA (İMAL),150 g/l Teflubenzuron,SC (Akıcı Konsantre/Süspansiyon Konsantre)
OFFSIDE 240 SC (İMAL),240 g/l Metaflumizone,SC (Akıcı Konsantre/Süspansiyon Konsantre)
SEDPRİN (İMAL),350 g/l Metalaxyl-m,ES (Emülsiyon Tohum İlacı)
HARLEM 40 SL (İMAL),40 g/l Imazamox,SL (Suda Çözünen Konsantre)
GRANAS SC (İMAL),250 g/l Glyphosate asite eşdeğer Glyphosate Isopropylamin Tuzu + 40 g/l Diflufenican,SC (Akıcı Konsantre/Süspansiyon Konsantre)
AQUA BORDO (İMAL),124 g/l Metalik bakıra eşdeğer bordo bulamacı,SC (Akıcı Konsantre/Süspansiyon Konsantre)
UDORA 4 OD (İTHAL),40 g/l Nicosulfuron,OD (Yağda Dağılabilen)
BLOCHER (İMAL),480 g/l Glyphosate Isopropylamin Tuzu,SL (Suda Çözünen Konsantre)
KIRNAPP 400 SC (İMAL),400 g/l Buprofezin,SC (Akıcı Konsantre/Süspansiyon Konsantre)
MYSTIC PRO 500 EC (İTHAL),300 g/l Prochloraz+ 200 g/l Tebuconazole,EC (Emülsiye Olabilen Konsantre)
CUBOX SC (İMAL),"65,82 g/l Metalik bakıra eşdeğer bakır sülfat",SC (Akıcı Konsantre/Süspansiyon Konsantre)
EFDAL APLANT (İMAL),45 g/l Pinoxaden + 20 g/l Cloquintocet-mexyl (safener),EC (Emülsiye Olabilen Konsantre)
GALİLEO (İMAL),240 g/l Oxyfluorfen,EC (Emülsiye Olabilen Konsantre)
"Boldist 2,5 EC (İMAL)",25 g/l Deltamethrin,EC (Emülsiye Olabilen Konsantre)
KURATOR 18-15 (İTHAL),%18 Fosetyl-Al + %15 Metalik Bakıra Eşdeğer Bordo Bulamacı,WP (Islanabilir Toz)
SCUBA 80 WG (İMAL),%80 Kükürt,WG (Suda Dağılabilen Granül)
DERRİS (İMAL),"%25,2 Boscalid + %12,8 Pyraclostrobin",WG (Suda Dağılabilen Granül)
EXPLORE 500 SL (İTHAL),500 g/l Metam Sodium,SL (Suda Çözünen Konsantre)
ERVANDO CS (İMAL),50 g/l Lambda-cyhalothrin,CS (Kapsül Süspansiyon)
AVERUT (İMAL),150 g/l Indoxacarb,SC (Akıcı Konsantre/Süspansiyon Konsantre)
CONSOLOS 20 EC (İMAL),200 g/l Esfenvalerate,EC (Emülsiye Olabilen Konsantre)
VEMİPHOS 10 G (İTHAL),%10 Fosthiazate,GR (Granül)
CROTONE (İMAL),"625 g/l Propamocarb-hydrochloride + 62,5 g/l Fluopicolide",SC (Akıcı Konsantre/Süspansiyon Konsantre)
MAXICURE (İMAL),100 g/l Buprofezin + 20 g/l Lambda-cyhalothrin,SC (Akıcı Konsantre/Süspansiyon Konsantre)
PUNZİX EC (İMAL),250 g/l Cypermethrin,EC (Emülsiye Olabilen Konsantre)
TROGEN (İTHAL),25 g/l Ipconazole + 20 g/l Metalaxyl,ME (Mikro-Emülsiyon)
GRAINPHOS TB (İTHAL),%57 Aluminium phosphide,DT (Direkt Uygulama İçin Tablet)
MANOHAR (İTHAL),%6 Metaldehyde,GB (Granül Yem)
SWARM 2 DS (İMAL),%2 Tebuconazole,DS (Kuru Tohum İlacı)
SAT BORDO MIX 20 WG (İTHAL),%20 Metalik bakıra eşdeğer bordo bulamacı,WG (Suda Dağılabilen Granül)
ASTRAN SC (İMAL),75 g/l Mesotrione + 30 g/l Nicosulfuron,SC (Akıcı Konsantre/Süspansiyon Konsantre)
PLATIX (İMAL),300 g/l Bromoxynil + 300 g/l MCPA,EC (Emülsiye Olabilen Konsantre)
BEST FORTE 80 WG (İMAL),%80 Thiram,WG (Suda Dağılabilen Granül)
SUPERDO 195 SC (İTHAL),"120 g/l Glyphosate Asit (132,1 g/l Glyphosate Ammonium tuzuna eşdeğer) + 60 g/l MCPA Asit (65,1 g/l Ammonium tuzuna eşdeğer) + 15 g/l Diflufenican",SC (Akıcı Konsantre/Süspansiyon Konsantre)
EFDAL VOTEXİT (İMAL),100 g/l Clopyralid,SL (Suda Çözünen Konsantre)
TAWATTIR 10 EC (İMAL),100 g/l Pyriproxyfen,EC (Emülsiye Olabilen Konsantre)
RAYAS (İTHAL),40 g/l Imazamox,SL (Suda Çözünen Konsantre)
EMAL S (İTHAL),960 g/l S-Metolachlor,EC (Emülsiye Olabilen Konsantre)
KORACTİVE 45 EC (İMAL),45 g/l Pinoxaden + 20 g/l Cloquintocet-mexyl (safener),EC (Emülsiye Olabilen Konsantre)
CURDASON 150 SC (İMAL),150 g/l Indoxacarb,SC (Akıcı Konsantre/Süspansiyon Konsantre)
COLT 20 EC (İMAL),200 g/l Esfenvalerate,EC (Emülsiye Olabilen Konsantre)
FLOMICE (İMAL),240 g/l Metaflumizone,SC (Akıcı Konsantre/Süspansiyon Konsantre)
MOTİVATÖR 100 SC (İMAL),100 g/l Spirotetramat,SC (Akıcı Konsantre/Süspansiyon Konsantre)
SAHNOVAR 2 (İMAL),"361,1 g/l Metalik bakıra eşdeğer bakır hidroksit",SC (Akıcı Konsantre/Süspansiyon Konsantre)
BARONES 70 WG (İMAL),%70 Dithianon,WG (Suda Dağılabilen Granül)
TOLEDO 430 SC (İTHAL),430 g/l Tebuconazole,SC (Akıcı Konsantre/Süspansiyon Konsantre)
DAGRO MİTE 20 WP (İMAL),%20 Pyridaben,WP (Islanabilir Toz)
KUPKOL 700 (İMAL),700 g/l Metalik bakıra eşdeğer bakır oksiklorid,SC (Akıcı Konsantre/Süspansiyon Konsantre)
KUTANA OPTİ (İMAL),%30 Metalik bakıra eşdeğer bakır hidroksit,WG (Suda Dağılabilen Granül)
JASOY 050 EC (İTHAL),50 g/l Lufenuron,EC (Emülsiye Olabilen Konsantre)
UMPRON (İTHAL),40 g/l Nicosulfuron,SC (Akıcı Konsantre/Süspansiyon Konsantre)
SELTICK 50 WP (İMAL),%50 Pirimicarb,WP (Islanabilir Toz)
PERSEPHONE 100 EC (İMAL),100 g/l Pyriproxyfen,EC (Emülsiye Olabilen Konsantre)
PHYTON 50 EC (İMAL),50 g/l Lufenuron,EC (Emülsiye Olabilen Konsantre)
BADLANS (İMAL),"%25,2 Boscalid + %12,8 Pyraclostrobin",WG (Suda Dağılabilen Granül)
HEKTAŞ CRASH (İMAL),"361,1 g/l Metalik bakıra eşdeğer bakır hidroksit",SC (Akıcı Konsantre/Süspansiyon Konsantre)
QUICKPHLO-R (İTHAL),"%77,5 Aluminium phosphide",GR (Granül)
CASIRGA 035 FS (İMAL),25 g/l Fludioxonil + 10 g/l Metalaxyl-m,FS (Tohum İlaçlaması İçin Akıcı Konsantre)
APPROX (İMAL),"85 g/l Pyraclostrobin + 62,5 g/l Epoxiconazole",SE (Suspo-Emülsiyon)
FUJION-S (İMAL),915 g/l S-Metolachlor + 45 g/l Benoxacor (safener),EC (Emülsiye Olabilen Konsantre)
DIFORCE (İTHAL),"%3,6 (E,Z)-7,9- Dodecadienyl acetate","EW (Emülsiyon, Suda Yağ)"
PROBZ (İMAL),100 g/l Penconazole,EC (Emülsiye Olabilen Konsantre)
MOBİTAR 35 (İMAL),25 g/l Fludioxonil + 10 g/l Metalaxyl-m,FS (Tohum İlaçlaması İçin Akıcı Konsantre)
ACETAMPLAN 20 SP (İMAL),%20 Acetamiprid,SP (Suda Çözünen Toz)
ABRADE 100 EC (İTHAL),100 g/l Alpha-cypermethrin,EC (Emülsiye Olabilen Konsantre)
SUNACET 20 SP (İTHAL),%20 Acetamiprid,SP (Suda Çözünen Toz)
CHEETAH (İMAL),200 g/l Glufosinate Ammonium Tuzu + 200 g/l MCPA + 40 g/l Diflufenican + 15 g/l Carfentrazone-ethyl,SC (Akıcı Konsantre/Süspansiyon Konsantre)
FULL-POINT 480 SC (İMAL),240 g/l Isoxaflutole +240 g/l Cyprosulfamide (safener),SC (Akıcı Konsantre/Süspansiyon Konsantre)
COROT (İMAL),"37,5 g/l Mesotrione + 15 g/l Nicosulfuron",SC (Akıcı Konsantre/Süspansiyon Konsantre)
TONITOM 25 SL (İTHAL),"18 g/l 2-(1-Naphthyl)acetamide (NAD) + 6,75 g/l 1-Naphthylacetic acid (NAA)",SL (Suda Çözünen Konsantre)
PİLERGARD (İMAL),480 g/l Bentazone,SL (Suda Çözünen Konsantre)
GİBBET SL (İMAL),20 g/l Gibberellic acid,SL (Suda Çözünen Konsantre)
CARIAL 43 WG (İTHAL),%25 Mandipropamid + %18 Cymoxanil,WG (Suda Dağılabilen Granül)
KYLEO 400 SL (İTHAL),"240 g/l Glyphosate Asit (323,9 g/l Glyphosate Isopropylamin Tuzuna eşdeğer) + 160 g/l 2,4-D Asit (371 g/l Alkylamidopropyl Dimethil Amin Tuzuna eşdeğer))",SL (Suda Çözünen Konsantre)
DAXORA (İMAL),400 g/l Buprofezin,SC (Akıcı Konsantre/Süspansiyon Konsantre)
TEMPOROMA (İMAL),"125 g/l Pendimethalin + 106,25 g/l Dimethenamid-P",EC (Emülsiye Olabilen Konsantre)
CALİCA (İMAL),%50 Captan,WP (Islanabilir Toz)
EPICK S WG 61 (İMAL),%30 Foramsulfuron + %1 Iodosulfuron methyl-sodium + %30 Isoxadifen-ethyl (safener),WG (Suda Dağılabilen Granül)
SANDEA (İMAL),"452,42 g/l 2,4-D 2-Ethylhexyl ester + 6,25 g/l Florasulam",SE (Suspo-Emülsiyon)
PRESSURE 74.8 SG (İTHAL),"%74,8 Glyphosate Ammonium Tuzu",SG (Suda Çözünen Granül)
CAPTEC (İMAL),%25 Metalik bakıra eşdeğer bakır sülfat,CR (Kristal)
ABSHERON 915 EC (İMAL),915 g/l S-Metolachlor + 45 g/l Benoxacor (safener),EC (Emülsiye Olabilen Konsantre)
AGROFARM CILIS (İMAL),"100 g/l Cyhalofop-butyl + 13,3 g/l Penoxsulam",OD (Yağda Dağılabilen)
GERİLLOS 48 SL (İMAL),480 g/l Glyphosate Isopropylamin Tuzu,SL (Suda Çözünen Konsantre)
MESUTAT X5 (İMAL),"500 g/l Clopyralid+50 g/l Tribenuron-methyl+22,5 g/l Florasulam",SL (Suda Çözünen Konsantre)
FORCOP 20 SP (İMAL),%20 Acetamiprid,SP (Suda Çözünen Toz)
LODAGYL (İMAL),10 g/l Forchlorfenuron,EC (Emülsiye Olabilen Konsantre)
PIXEL (İMAL),720 g/l Dimethenamid-p,EC (Emülsiye Olabilen Konsantre)
HEKTAŞ DESPİNA (İMAL),"18,8 g/l 6-Benzyladenine + 18,5 g/l Gibberellin A4/A7",SL (Suda Çözünen Konsantre)
MAVİ BORDO 10 SC (İMAL),124 g/l Metalik bakıra eşdeğer bordo bulamacı,SC (Akıcı Konsantre/Süspansiyon Konsantre)
MAVİ BORDO 20 WG (İMAL),%20 Metalik bakıra eşdeğer bordo bulamacı,WG (Suda Dağılabilen Granül)
AZBANY® 250 SC (İTHAL),250 g/l Azoxystrobin,SC (Akıcı Konsantre/Süspansiyon Konsantre)
PROMALIN (İTHAL),"18,8 g/l 6-Benzyladenine + 18,5 g/l Gibberellin A4/A7",SL (Suda Çözünen Konsantre)
GİFT 48 SL (İMAL),480 g/l Ethephon,SL (Suda Çözünen Konsantre)
EMATIN 5 SG (İTHAL),%5 Emamectin benzoate,SG (Suda Çözünen Granül)
"KORZAQUİN ® 62,5 WG (İMAL)","%37,5 Cyprodinil + %25 Fludioxonil",WG (Suda Dağılabilen Granül)
ROGER 70 WG (İTHAL),%70 Metribuzin,WG (Suda Dağılabilen Granül)
AQUATİS (İMAL),200 g/l Azoxystrobin + 125 g/l Difenoconazole,SC (Akıcı Konsantre/Süspansiyon Konsantre)
VAPCOMIC (İTHAL),18 g/l Abamectin,EC (Emülsiye Olabilen Konsantre)
PARADOKS EW (İMAL),75 g/l Fenoxaprop-p-ethyl + 69 g/l Mefenpyr-diethyl (safener),"EW (Emülsiyon, Suda Yağ)"
RUTABLE 20 SL (İMAL),20 g/l Gibberellic acid,SL (Suda Çözünen Konsantre)
FRSTANG (İMAL),"452,42 g/l 2,4-D 2-Ethylhexyl ester + 6,25 g/l Florasulam",SE (Suspo-Emülsiyon)
HERBOUT 48 SL (İMAL),480 g/l Glyphosate Isopropylamin Tuzu,SL (Suda Çözünen Konsantre)
Vefclaim 05 SG (İMAL),%5 Emamectin benzoate,SG (Suda Çözünen Granül)
SKYFER (İMAL),"%26,7 Boscalid + %6,7 Pyraclostrobin",WG (Suda Dağılabilen Granül)
DAMME 48 SL (İTHAL),480 g/l Glyphosate Isopropylamin Tuzu,SL (Suda Çözünen Konsantre)
PİRANA 5 SG (İTHAL),%5 Emamectin benzoate,SG (Suda Çözünen Granül)
DAFDİO 50 EW (İMAL),50 g/l Quizalofop-p-ethyl,"EW (Emülsiyon, Suda Yağ)"
TEZGUARD 600 (İMAL),600 g/l Phosphorous Acid (mono ve di-potasyum tuzları),SL (Suda Çözünen Konsantre)
POSS (İMAL),400 g/l Phosphorous Acid (mono ve di-potasyum tuzları),SL (Suda Çözünen Konsantre)
OHAYO (İMAL),"85 g/l Pyraclostrobin + 62,5 g/l Epoxiconazole",SE (Suspo-Emülsiyon)
ASKANCE 18 EC (İMAL),18 g/l Abamectin,EC (Emülsiye Olabilen Konsantre)
PİL-NANDA (İMAL),25 g/l Fludioxonil + 10 g/l Metalaxyl-m,FS (Tohum İlaçlaması İçin Akıcı Konsantre)
FLUNK 150 EC (İMAL),150 g/l Fosthiazate,EC (Emülsiye Olabilen Konsantre)
HADAF (İTHAL),240 g/l Oxyfluorfen,EC (Emülsiye Olabilen Konsantre)
ABG SUNN (İMAL),"%3,3 1-Methylcyclopropene",VP (Gaz Neşreden İlaç)
CHROMA 50 (İMAL),"51,3 g/l Cyflufenamid","EW (Emülsiyon, Suda Yağ)"
DELTARIN (İTHAL),25 g/l Deltamethrin,EC (Emülsiye Olabilen Konsantre)
PAVNI (İMAL),40 g/l Imazamox,SL (Suda Çözünen Konsantre)
AKBASH 48 SL (İMAL),480 g/l Glyphosate Isopropylamin Tuzu,SL (Suda Çözünen Konsantre)
AMALINE (İTHAL),"266,6 g/l Metalik bakıra eşdeğer bazik bakır sülfat + 40 g/l Zoxamide",SC (Akıcı Konsantre/Süspansiyon Konsantre)
GOLTİX 700 SC (İTHAL),700 g/l Metamitron,SC (Akıcı Konsantre/Süspansiyon Konsantre)
GOGGLES 500 SC (İMAL),350 g/l Metamitron + 150 g/l Ethofumesate,SC (Akıcı Konsantre/Süspansiyon Konsantre)
FORBYFOR 60 SL (İTHAL),60 g/l Dichlorprop-P,SL (Suda Çözünen Konsantre)
SAFA ABİDE (İMAL),150 g/l Indoxacarb,SC (Akıcı Konsantre/Süspansiyon Konsantre)
MUTİNY SG (İMAL),%5 Emamectin benzoate,SG (Suda Çözünen Granül)
TRANCE 5 EC (İMAL),50 g/l Lambda-cyhalothrin,EC (Emülsiye Olabilen Konsantre)
Kitinex 5 EC (İMAL),50 g/l Lambda-cyhalothrin,EC (Emülsiye Olabilen Konsantre)
AVANTİ EC (İMAL),150 g/l Indoxacarb,EC (Emülsiye Olabilen Konsantre)
TARDIS 40 SL (İMAL),40 g/l Imazamox,SL (Suda Çözünen Konsantre)
BANAX (İMAL),%20 Pyridaben,WP (Islanabilir Toz)
PREV-AM (İTHAL),60 g/l Orange oil,SL (Suda Çözünen Konsantre)
HEKTAŞ ARKAZ (İMAL),500 g/l Pirimiphos methyl,EC (Emülsiye Olabilen Konsantre)
ARBALET (İMAL),240 g/l Metaflumizone,SC (Akıcı Konsantre/Süspansiyon Konsantre)
PRİCKLE 10 EC (İMAL),100 g/l Pyriproxyfen,EC (Emülsiye Olabilen Konsantre)
HEKTAŞ ZODIAC (İMAL),100 g/l Spirotetramat,SC (Akıcı Konsantre/Süspansiyon Konsantre)
HEKTAŞ CHOOSE (İMAL),441 g/l Glyphosate Potasyum Tuzu,SL (Suda Çözünen Konsantre)
MGPHOS AL DP 56% (İTHAL),%56 Aluminium phosphide,DP (Toz)
Mosqill 30 SC (İMAL),300 g/l Pyrimethanil,SC (Akıcı Konsantre/Süspansiyon Konsantre)
SEEDRON® (İTHAL),50 g/l Fludioxonil + 10 g/l Tebuconazole,FS (Tohum İlaçlaması İçin Akıcı Konsantre)
LEDA S 915 EC (İMAL),915 g/l S-Metolachlor + 45 g/l Benoxacor (safener),EC (Emülsiye Olabilen Konsantre)
FESTAN (İMAL),"%37,5 Cyprodinil + %25 Fludioxonil",WG (Suda Dağılabilen Granül)
SANATRA FLOW (İTHAL),400 g/l Propyzamide,SC (Akıcı Konsantre/Süspansiyon Konsantre)
LENABOOM (İMAL),"18,8 g/l 6-Benzyladenine + 18,5 g/l Gibberellin A4/A7",SL (Suda Çözünen Konsantre)
HEKTAŞ LOGOS (İMAL),915 g/l S-Metolachlor + 45 g/l Benoxacor (safener),EC (Emülsiye Olabilen Konsantre)
KASTORİA SC (İMAL),310 g/l Thiophanate-methyl + 187 g/l Epoxiconazole,SC (Akıcı Konsantre/Süspansiyon Konsantre)
CALAMITY (İMAL),%75 Tribenuron-methyl,WG (Suda Dağılabilen Granül)
COMMANDER 441 SL (İMAL),441 g/l Glyphosate Potasyum Tuzu,SL (Suda Çözünen Konsantre)
SLENDER (İMAL),200 g/l Boscalid + 100 g/l Kresoxim-methyl,SC (Akıcı Konsantre/Süspansiyon Konsantre)
BADGER 70 WP (İTHAL),%70 Thiophanate-methyl,WP (Islanabilir Toz)
METAM FLUİD (İTHAL),500 g/l Metam Sodium,SL (Suda Çözünen Konsantre)
FRUGAL 35 WG (İMAL),%35 Metalik bakıra eşdeğer bakır hidroksit,WG (Suda Dağılabilen Granül)
TESMAR 36 SL (İTHAL),360 g/l Hymexazole,SL (Suda Çözünen Konsantre)
FANTOS 10 SC (İTHAL),110 g/l Etoxazole,SC (Akıcı Konsantre/Süspansiyon Konsantre)
KUDOS 38 WG (İMAL),"%25,2 Boscalid + %12,8 Pyraclostrobin",WG (Suda Dağılabilen Granül)
TORPADE 480 SL (İTHAL),480 g/l Glyphosate Isopropylamin Tuzu,SL (Suda Çözünen Konsantre)
BOXER 441 SL (İMAL),441 g/l Glyphosate Potasyum Tuzu,SL (Suda Çözünen Konsantre)
AMADEUS 200 SL (İMAL),200 g/l Glufosinate-ammonium tuzu,SL (Suda Çözünen Konsantre)
SELTIMA (İTHAL),100 g/l Pyraclostrobin,CS (Kapsül Süspansiyon)
ORİGAM FS (İMAL),"75 g/l Azoxystrobin + 37,5 g/l Metalaxyl-m + 12,5 g/l Fludioxonil",FS (Tohum İlaçlaması İçin Akıcı Konsantre)
MORNA (İMAL),%25 Tebuconazole,WP (Islanabilir Toz)
DE PORTİVO (İMAL),"65,82 g/l Metalik bakıra eşdeğer bakır sülfat",SC (Akıcı Konsantre/Süspansiyon Konsantre)
TRANSOL (İMAL),350 g/l Metalik bakıra eşdeğer bakır hidroksit,SC (Akıcı Konsantre/Süspansiyon Konsantre)
MONDEO 300 SC (İMAL),300 g/l Pyrimethanil,SC (Akıcı Konsantre/Süspansiyon Konsantre)
ALCORON (İMAL),%75 Metalik bakıra eşdeğer bakır oksit,WG (Suda Dağılabilen Granül)
COTOLİNT 500 SC (İTHAL),500 g/l Fluometuron,SC (Akıcı Konsantre/Süspansiyon Konsantre)
DELAXTORE 200 SL (İMAL),200 g/l Glufosinate-ammonium tuzu,SL (Suda Çözünen Konsantre)
TIFIS WG (İMAL),"%3 Mesosulfuron-methyl + %0,6 Iodosulfuron-methyl sodium + %9 Mefenpeyr-diethyl (safener)",WG (Suda Dağılabilen Granül)
EMTOİ CS (İTHAL),450 g/l Pendimethalin,CS (Kapsül Süspansiyon)
ACTİVUS ® (İTHAL),75 g/l Fluxapyroxad + 50 g/l Difenoconazole,SC (Akıcı Konsantre/Süspansiyon Konsantre)
NEEMARİN (İMAL),%5 Emamectin benzoate,SG (Suda Çözünen Granül)
ERATİS 48 SL (İTHAL),480 g/l Glyphosate Isopropylamin Tuzu,SL (Suda Çözünen Konsantre)
GENAGRO ZAPATA (İMAL),%5 Emamectin benzoate,SG (Suda Çözünen Granül)
HEKTAŞ BİELLA (İMAL),200 g/l Pyrimethanil + 125 g/l Tebuconazole,SC (Akıcı Konsantre/Süspansiyon Konsantre)
SAFA KALİBRE (İMAL),"85 g/l Pyraclostrobin + 62,5 g/l Epoxiconazole",SE (Suspo-Emülsiyon)
MARİTİMA MAX (İMAL),200 g/l Azoxystrobin + 125 g/l Difenoconazole,SC (Akıcı Konsantre/Süspansiyon Konsantre)
MEVAXIL BAKIR SC (İTHAL),259 g/l Metalik bakıra eşdeğer bakır hidroksit + 49 g/l Metalaxyl,SC (Akıcı Konsantre/Süspansiyon Konsantre)
MOLTOVIN 225 SC (İTHAL),190 g/l Metalik Bakıra eşdeğer bazik bakır sülfat + 35 g/l Cymoxanil,SC (Akıcı Konsantre/Süspansiyon Konsantre)
TAZER XPERT 111 SC (İTHAL),"80 g/l Azoxystrobin + 31,25 g/l Epoxiconazole",SC (Akıcı Konsantre/Süspansiyon Konsantre)
"REQUİNTO SC 687,5 (İMAL)","625 g/l Propamocarb-hydrochloride + 62,5 g/l Fluopicolide",SC (Akıcı Konsantre/Süspansiyon Konsantre)
KAZUYA (İMAL),50 g/l Lambda-cyhalothrin,EC (Emülsiye Olabilen Konsantre)
PUERTO SC 100 (İMAL),100 g/l Spirotetramat,SC (Akıcı Konsantre/Süspansiyon Konsantre)
MUKTI 325 SC (İTHAL),200 g/l Azoxystrobin + 125 g/l Difenoconazole,SC (Akıcı Konsantre/Süspansiyon Konsantre)
ARPİMA (İMAL),480 g/l Ethephon + 60 g/l Cyclanilide,SC (Akıcı Konsantre/Süspansiyon Konsantre)
PENOLAM (İMAL),"25,2 g/l Penoxsulam",OD (Yağda Dağılabilen)
MEC-SUN (İMAL),330 g/l Pendimethalin,EC (Emülsiye Olabilen Konsantre)
TROLL 50 EW (İMAL),50 g/l Quizalofop-p-ethyl,"EW (Emülsiyon, Suda Yağ)"
SERIFEL (İTHAL),Bacillus amyloliquefaciens ırkı MBI 600 >5.5x10 üzeri 10 cfu/g,WP (Islanabilir Toz)
HEADLİNE MAX (İMAL),200 g/l Azoxystrobin + 125 g/l Difenoconazole,SC (Akıcı Konsantre/Süspansiyon Konsantre)
EFDAL SULFUR 800 SC (İMAL),800 g/l Kükürt,SC (Akıcı Konsantre/Süspansiyon Konsantre)
AMPEXIO (İTHAL),%25 Mandipropamid + %24 Zoxamide,WG (Suda Dağılabilen Granül)
HERBOV SG 25 (İMAL),%25 Rimsulfuron,SG (Suda Çözünen Granül)
MİDORİ (İMAL),40 g/l Imazamox,SL (Suda Çözünen Konsantre)
HEKTAŞ BRİO® (İMAL),240 g/l Metaflumizone,SC (Akıcı Konsantre/Süspansiyon Konsantre)
SIMIRNA-X (İMAL),40 g/l Imazamox,SL (Suda Çözünen Konsantre)
BELTANOL L (İTHAL),500 g/l 8- Hydroxyquinoline sulphate,SL (Suda Çözünen Konsantre)
FASTEN SC 240 (İMAL),240 g/l Spirodiclofen,SC (Akıcı Konsantre/Süspansiyon Konsantre)
HEKTAŞ MİTRAL WG (İMAL),%60 Fosetyl-Al + %4 Famoxadone,WG (Suda Dağılabilen Granül)
HEKTAŞ PLUTO WG (İMAL),"%45,6 Cymoxanil + %15 Trifloxystrobin",WG (Suda Dağılabilen Granül)
HEGEL (İTHAL),%75 Tribenuron-methyl,WG (Suda Dağılabilen Granül)
VACATE (İMAL),%40 Iminoctadine tris (albesilate),WP (Islanabilir Toz)
SUNPIRNE 500 SC (İMAL),500 g/l Dodine,SC (Akıcı Konsantre/Süspansiyon Konsantre)
EUMİDAN (İMAL),%50 Captan,WP (Islanabilir Toz)
KORTAC 100 SC (İMAL),100 g/l Alpha-cypermethrin,SC (Akıcı Konsantre/Süspansiyon Konsantre)
SOLEMNİTY (İMAL),"%25,2 Boscalid + %12,8 Pyraclostrobin",WG (Suda Dağılabilen Granül)
NANTES (İMAL),915 g/l S-Metolachlor + 45 g/l Benoxacor (safener),EC (Emülsiye Olabilen Konsantre)
DE CAPITAN (İMAL),200 g/l Glufosinate-ammonium tuzu,SL (Suda Çözünen Konsantre)
ASTANA (İMAL),50 g/l Hexythiazox,EC (Emülsiye Olabilen Konsantre)
CLASH 10 SC (İMAL),110 g/l Etoxazole,SC (Akıcı Konsantre/Süspansiyon Konsantre)
CAPE (İTHAL),%50 Propyzamide,WP (Islanabilir Toz)
FLUXİA (İMAL),100 g/l Penconazole,EC (Emülsiye Olabilen Konsantre)
FORCING (İMAL),%30 Foramsulfuron + %1 Iodosulfuron methyl-sodium + %30 Isoxadifen-ethyl (safener),WG (Suda Dağılabilen Granül)
BROTHER 45 EC (İMAL),45 g/l Pinoxaden + 20 g/l Cloquintocet-mexyl (safener),EC (Emülsiye Olabilen Konsantre)
KAPAR AMS-TML (İMAL),2 g Trimedlure/dispenser + Delta tipi tuzak,--- (-)
RİMİNİ XL (İMAL),25 g/l Fludioxonil + 10 g/l Metalaxyl-m,FS (Tohum İlaçlaması İçin Akıcı Konsantre)
ARIAS (İMAL),40 g/l Imazamox,SL (Suda Çözünen Konsantre)
KIMROT (İMAL),250 g/l Glyphosate asite eşdeğer Glyphosate Isopropylamin Tuzu + 40 g/l Diflufenican,SC (Akıcı Konsantre/Süspansiyon Konsantre)
ACCARO (İMAL),100 g/l Pyriproxyfen,"EW (Emülsiyon, Suda Yağ)"
TEPRAUND 400 SC (İMAL),400 g/l Buprofezin,SC (Akıcı Konsantre/Süspansiyon Konsantre)
KAPAR RPW (İMAL),700 mg (630 mg 4-methyl-5-nonanol) + (70 mg 4-methyl-5-nonanone)/dispenser + İskandinav tipi üç hunili tuzak + Kova tipi tuzak,--- (-)
CORİANA (İMAL),480 g/l Ethephon,SL (Suda Çözünen Konsantre)
BİOHERB 200 EC (İMAL),200 g/l Cyhalofop-butyl,EC (Emülsiye Olabilen Konsantre)
ABG MEK 1.8 EC (İMAL),18 g/l Abamectin,EC (Emülsiye Olabilen Konsantre)
NISSOMITE (İMAL),50 g/l Hexythiazox,EC (Emülsiye Olabilen Konsantre)
WANTOS SC (İTHAL),400 g/l Buprofezin,SC (Akıcı Konsantre/Süspansiyon Konsantre)
SUNABERON 75 WG (İTHAL),%75 Tribenuron-methyl,WG (Suda Dağılabilen Granül)
PUTİN (İMAL),250 g/l Azoxystrobin,SC (Akıcı Konsantre/Süspansiyon Konsantre)
BONİTA (İMAL),50 g/l Quizalofop-p-ethyl,EC (Emülsiye Olabilen Konsantre)
EMSORRİN (İTHAL),50 g/l Hexythiazox,EC (Emülsiye Olabilen Konsantre)
FARMOL 500 EC (İTHAL),500 g/l Imazalil,EC (Emülsiye Olabilen Konsantre)
PHILABUSTER 400 SC (İTHAL),200 g/l Imazalil + 200 g/l Pyrimethanil,SC (Akıcı Konsantre/Süspansiyon Konsantre)
BEST CAPTAN ® 500 (İMAL),500 g/l Captan,FL (Akıcı Konsantre/Süspansiyon Konsantre)
MOONDRYKE OD (İMAL),"25,2 g/l Penoxsulam",OD (Yağda Dağılabilen)
SARON SL (İMAL),"344 g/l 2,4-D asite eşdeğer dimethyl amonyum tuzu + 120 g/l Dicamba",SL (Suda Çözünen Konsantre)
LIMITLESS (İMAL),"%3 Mesosulfuron-methyl + %0,6 Iodosulfuron-methyl sodium + %9 Mefenpeyr-diethyl (safener)",WG (Suda Dağılabilen Granül)
PUTİNOS (İMAL),450 g/l Prochloraz,EC (Emülsiye Olabilen Konsantre)
MAPA (İMAL),%20 Acetamiprid,SP (Suda Çözünen Toz)
HEROK-E 400 SC (İMAL),420 g/l Bispyribac Sodium,SC (Akıcı Konsantre/Süspansiyon Konsantre)
ANBİMEX (İMAL),"85 g/l Pyraclostrobin + 62,5 g/l Epoxiconazole",SE (Suspo-Emülsiyon)
ALTİVAX (İMAL),25 g/l Fludioxonil + 10 g/l Metalaxyl-m,FS (Tohum İlaçlaması İçin Akıcı Konsantre)
DİVERİA (İMAL),"%26,7 Boscalid + %6,7 Pyraclostrobin",WG (Suda Dağılabilen Granül)
AHSARDOP 330 EC (İTHAL),330 g/l Pendimethalin,EC (Emülsiye Olabilen Konsantre)
ZİFARM 76 WG (İMAL),%76 Ziram,WG (Suda Dağılabilen Granül)
CASTA (İTHAL),200 g/l Glufosinate-ammonium tuzu,SL (Suda Çözünen Konsantre)
STRIDER (İMAL),45 g/l Pinoxaden + 20 g/l Cloquintocet-mexyl (safener),EC (Emülsiye Olabilen Konsantre)
POTENSY® 200 EC (İMAL),200 g/l Cyhalofop-butyl,EC (Emülsiye Olabilen Konsantre)
MENTA ANJELİK (İMAL),250 g/l Azoxystrobin,SC (Akıcı Konsantre/Süspansiyon Konsantre)
ABG ROND® 48 SL (İMAL),480 g/l Glyphosate Isopropylamin Tuzu,SL (Suda Çözünen Konsantre)
TARHUNE® 40 SL (İMAL),40 g/l Imazamox,SL (Suda Çözünen Konsantre)
TAVLON® (İMAL),%70 Metribuzin,WP (Islanabilir Toz)
CODLET® (İMAL),"452,42 g/l 2,4-D 2-Ethylhexyl ester + 6,25 g/l Florasulam",SE (Suspo-Emülsiyon)
AGROPURE 400 SC (İTHAL),400 g/l Pyrimethanil,SC (Akıcı Konsantre/Süspansiyon Konsantre)
CABBAR 45 EC (İMAL),45 g/l Pinoxaden + 20 g/l Cloquintocet-mexyl (safener),EC (Emülsiye Olabilen Konsantre)
DOMINUS (İTHAL),963 g/l Allyl Isothiocyanate,EC (Emülsiye Olabilen Konsantre)
BESTOPİK®240 EC (İMAL),240 g/l Clodinafop-propargyl + 60 g/l Cloquintocet-mexyl (safener),EC (Emülsiye Olabilen Konsantre)
SUNHALOP 200 EC (İTHAL),200 g/l Cyhalofop-butyl,EC (Emülsiye Olabilen Konsantre)
CASTELON (İMAL),%55 Metiram + %5 Pyraclostrobin,WG (Suda Dağılabilen Granül)
AGROBETA 500 SC (İTHAL),500 g/l Thiabendazole,SC (Akıcı Konsantre/Süspansiyon Konsantre)
UDİMO® 75 WG (İTHAL),%75 Tribenuron-methyl,WG (Suda Dağılabilen Granül)
CONDUCT 45 EC (İMAL),45 g/l Pinoxaden + 20 g/l Cloquintocet-mexyl (safener),EC (Emülsiye Olabilen Konsantre)
ASTRANUR SL (İMAL),"18,8 g/l 6-Benzyladenine + 18,5 g/l Gibberellin A4/A7",SL (Suda Çözünen Konsantre)
EMADRİS (İTHAL),250 g/l Azoxystrobin,SC (Akıcı Konsantre/Süspansiyon Konsantre)
NANDO 500 SC (İTHAL),500 g/l Fluazinam,SC (Akıcı Konsantre/Süspansiyon Konsantre)
SENTİNO (İMAL),267 g/l Prochloraz + 133 g/l Tebuconazole,"EW (Emülsiyon, Suda Yağ)"
GENAGRO BORDO 20 WP (İMAL),%20 Metalik bakıra eşdeğer bordo bulamacı,WP (Islanabilir Toz)
PAGOS 10 G (İMAL),%10 Fosthiazate,GR (Granül)
SANCLEZ (İTHAL),240 g/l Clethodim,EC (Emülsiye Olabilen Konsantre)
FUMIGAS % 57 TB (İTHAL),%57 Aluminium phosphide,TB (Tablet)
FUMIGAS % 57 DP (İTHAL),%57 Aluminium phosphide,DP (Toz)
ALLOWİN (İTHAL),%4 Metaldehyde,GB (Granül Yem)
EMPİNA 75 DF (İTHAL),%75 Tribenuron-methyl,DF (Kuru Akışkan)
SALDECO SC (İMAL),124 g/l Metalik bakıra eşdeğer bordo bulamacı,SC (Akıcı Konsantre/Süspansiyon Konsantre)
KAUS WG (İMAL),"%37,5 Cyprodinil + %25 Fludioxonil",WG (Suda Dağılabilen Granül)
VOLTRAN (İMAL),500 g/l Metrafenone,SC (Akıcı Konsantre/Süspansiyon Konsantre)
AXİAL 050 EC (İTHAL),"50 g/l Pinoxaden + 12,5 g/l Cloquintocet-mexyl (Safener)",EC (Emülsiye Olabilen Konsantre)
TRAXOS 050 EC (İTHAL),"25 g/l Clodinafop-propargyl + 25 g/l Pinoxaden + 6,25 g/l Cloquintocet-mexyl (safener)",EC (Emülsiye Olabilen Konsantre)
WHEATER ™ 45 OD (İTHAL),45 g/l Pyroxsulam + 90 g/l Cloquintocet-mexyl (safener),OD (Yağda Dağılabilen)
ADİTYA (İTHAL),240 g/l Spirodiclofen,SC (Akıcı Konsantre/Süspansiyon Konsantre)
MİNNA (İTHAL),450 g/l Prochloraz,EC (Emülsiye Olabilen Konsantre)
TEZULAM XL 035 FS (İMAL),25 g/l Fludioxonil + 10 g/l Metalaxyl-m,FS (Tohum İlaçlaması İçin Akıcı Konsantre)
KORMİNEE 400 SC (İMAL),420 g/l Bispyribac Sodium,SC (Akıcı Konsantre/Süspansiyon Konsantre)
VEPCOPPER 50 WP (İMAL),%50 Metalik bakıra eşdeğer bakır oksiklorid,WP (Islanabilir Toz)
EFDAL BLUEGİB TABLET (İTHAL),1 g/tb Gibberellic Acid,TB (Tablet)
TAN GÖZTAŞI (İMAL),%25 Metalik bakıra eşdeğer bakır sülfat,CR (Kristal)
BORDOTAN 20 WP (İMAL),%20 Metalik bakıra eşdeğer bordo bulamacı,WP (Islanabilir Toz)
ULTIO PRO SC 765 (İMAL),720 g/l Ethephon + 45 g/l Cyclanilide,SC (Akıcı Konsantre/Süspansiyon Konsantre)
KAMOS (İMAL),250 g/l Pyraclostrobin,SC (Akıcı Konsantre/Süspansiyon Konsantre)
EMPRİN (İTHAL),%35 Metalaxyl,DS (Kuru Tohum İlacı)
BORDOGEN 20 WP (İMAL),%20 Metalik bakıra eşdeğer bordo bulamacı,WP (Islanabilir Toz)
INTEGRANIL (İMAL),500 g/l Pyridalyl,EC (Emülsiye Olabilen Konsantre)
CYPLAN 500 EC (İTHAL),500 g/l Cypermethrin,EC (Emülsiye Olabilen Konsantre)
VENİTRO 100 SC (İMAL),100 g/l Spirotetramat,SC (Akıcı Konsantre/Süspansiyon Konsantre)
KAPAR ORTERO (İMAL),1500 mg Methyl butenol +100 mg Cis-verbenol + 30 mg Ipsdienol/Dispenser + İskandinav Tipi Üç Hunili Tuzak,--- (-)
HEKTAŞ AKTOR® (İMAL),500 g/l Imazalil,EC (Emülsiye Olabilen Konsantre)
HEKTAŞ GAUSS (İMAL),720 g/l Ethephon + 45 g/l Cyclanilide,SC (Akıcı Konsantre/Süspansiyon Konsantre)
CEPHEUS (İMAL),50 g/l Quizalofop-p-ethyl,"EW (Emülsiyon, Suda Yağ)"
KORTE 50 WP (İMAL),%50 Propyzamide,WP (Islanabilir Toz)
VERGASA ESTER (İMAL),"480 g/l 2,4-D asite eşdeğer Isooctylester",EC (Emülsiye Olabilen Konsantre)
GENAGRO BOLİVAR 116 EC (İMAL),"116,2 g/l Clethodim",EC (Emülsiye Olabilen Konsantre)
CROWN (İMAL),"480 g/l Bentazone + 22,4 g/l Imazamox",SL (Suda Çözünen Konsantre)
PELE SC (İMAL),200 g/l Boscalid + 100 g/l Kresoxim-methyl,SC (Akıcı Konsantre/Süspansiyon Konsantre)
FORAX (İMAL),100 g/l Amidosulfuron + 25 g/l Iodosulfuron-methyl sodium + 250 g/l Mefenpyr-diethyl (safener),OD (Yağda Dağılabilen)
FENSİN (İMAL),480 g/l Ethephon + 60 g/l Cyclanilide,SC (Akıcı Konsantre/Süspansiyon Konsantre)
MUZIC (İMAL),%20 Pyridaben,WP (Islanabilir Toz)
MAHAAN (İTHAL),"%3,3 1-Methylcyclopropene",VP (Gaz Neşreden İlaç)
UNISAFE (İTHAL),250 g/l Azoxystrobin,SC (Akıcı Konsantre/Süspansiyon Konsantre)
BREAKER™ 240 SC (İTHAL),240 g/l Sulfoxaflor,SC (Akıcı Konsantre/Süspansiyon Konsantre)
EXPERT TEAM WG (İMAL),"%39,75 Metalik bakıra eşdeğer bakır oksiklorid + %4,2 Cymoxanil",WG (Suda Dağılabilen Granül)
KAARDON (İMAL),%50 Kresoxim-methyl,WG (Suda Dağılabilen Granül)
YANKEE WG (İMAL),"%26,7 Boscalid + %6,7 Pyraclostrobin",WG (Suda Dağılabilen Granül)
KROSVE ® 80 WP (İMAL),%80 Fosetyl-Al,WP (Islanabilir Toz)
BURRSON (İMAL),40 g/l Nicosulfuron,OD (Yağda Dağılabilen)
LAVİA (İMAL),"%26,7 Boscalid + %6,7 Pyraclostrobin",WG (Suda Dağılabilen Granül)
FONDET 4F (İMAL),480 g/l Oxyfluorfen,SC (Akıcı Konsantre/Süspansiyon Konsantre)
ACS PIDABEN M (İMAL),250 g/l Bentazone + 125 g/l MCPA,SL (Suda Çözünen Konsantre)
CEREX AMINE (İTHAL),"500 g/l 2,4-D asite eşdeğer dimethyl amin tuzu",SL (Suda Çözünen Konsantre)
BALATON (İTHAL),50 g/l Quizalofop-p-ethyl,EC (Emülsiye Olabilen Konsantre)
GENAGRO PATROL 62.5 WG (İMAL),"%37,5 Cyprodinil + %25 Fludioxonil",WG (Suda Dağılabilen Granül)
TRIANUM P (İTHAL),"Trichoderma harzianum Rifai Strain T22,1x10 üzeri 9 CFU/g",WG (Suda Dağılabilen Granül)
DALLAS BORDO (İMAL),%20 Metalik bakıra eşdeğer bordo bulamacı,WP (Islanabilir Toz)
EMESTO SILVER FS 118 (İTHAL),100 g/l Penflufen + 18 g/l Prothioconazole,FS (Tohum İlaçlaması İçin Akıcı Konsantre)
PARROT EC (İMAL),250 g/l Bupirimate,EC (Emülsiye Olabilen Konsantre)
SOLIGOR ® EC 425 (İMAL),224 g/l Spiroxamine + 148 g/l Tebuconazole + 53 g/l Prothioconazole,EC (Emülsiye Olabilen Konsantre)
KETRON (İMAL),%60 Bensulfuron-methyl,WG (Suda Dağılabilen Granül)
CAMIGRO (İMAL),%50 Dicamba + %25 Tritosulfuron,WG (Suda Dağılabilen Granül)
MANTRA (İMAL),40 g/l Nicosulfuron,OD (Yağda Dağılabilen)
BREVİS (İTHAL),%15 Metamitron,SG (Suda Çözünen Granül)
GALMANO FS 167 (İTHAL),167 g/l Fluquinconazole,FS (Tohum İlaçlaması İçin Akıcı Konsantre)
PAY GİBB (İMAL),20 g/l Gibberellic acid,SL (Suda Çözünen Konsantre)
CHEVİTA 30 SC (İMAL),300 g/l Pyrimethanil,SC (Akıcı Konsantre/Süspansiyon Konsantre)
EMOAL (İTHAL),240 g/l Oxyfluorfen,EC (Emülsiye Olabilen Konsantre)
HARVISTA ™ 1.3 SC (İTHAL),"17,15 g/l 1-Methylcyclopropene (1-MCP)",SC (Akıcı Konsantre/Süspansiyon Konsantre)
ACS TIRAM FORTE (İMAL),%80 Thiram,WP (Islanabilir Toz)
TRIPP 150 EC (İMAL),150 g/l Fosthiazate,EC (Emülsiye Olabilen Konsantre)
KARIA 20 WP (İMAL),%20 Tebufenpyrad,WP (Islanabilir Toz)
FORNAKS (İTHAL),240 g/l Clethodim,EC (Emülsiye Olabilen Konsantre)
POLYAS (İMAL),"18,8 g/l 6-Benzyladenine + 18,5 g/l Gibberellin A4/A7",SL (Suda Çözünen Konsantre)
Kozagri (İMAL),720 g/l Ethephon,SL (Suda Çözünen Konsantre)
HOCKEY XL 035 FS (İMAL),25 g/l Fludioxonil + 10 g/l Metalaxyl-m,FS (Tohum İlaçlaması İçin Akıcı Konsantre)
HEKTAŞ LETO (İMAL),250 g/l Carfentrazone-ethyl,"EW (Emülsiyon, Suda Yağ)"
HEKTAŞ GENESİSS (İMAL),200 g/l Carfentrazone-ethyl + 30 g/l Diuron,SE (Suspo-Emülsiyon)
NANOCOP SC (İMAL),"357,5 g/l Metalik bakıra eşdeğer bakır oksiklorid",SC (Akıcı Konsantre/Süspansiyon Konsantre)
MELİTHORİN 150 EC (İMAL),150 g/l Fosthiazate,EC (Emülsiye Olabilen Konsantre)
AMPREX (İMAL),"33,7 g/l Abamectin",EC (Emülsiye Olabilen Konsantre)
FASCINATE (İTHAL),280 g/l Glufosinate-ammonium,SL (Suda Çözünen Konsantre)
HEKTAŞ MESSOR® (İMAL),%55 Metiram + %5 Pyraclostrobin,WG (Suda Dağılabilen Granül)
MERTECT® 230 SC (İTHAL),230 g/l Fludioxonil,SC (Akıcı Konsantre/Süspansiyon Konsantre)
ATLANTİS STAR WG 21.15 (İTHAL),"%4,5 Mesosulfuron-methyl + %2,25 Thiencarbazone-methyl + %0,9 Iodosulfuron-methyl-sodium + %13,5 Mefenpyr-diethyl (safener)",WG (Suda Dağılabilen Granül)
SPARK (İTHAL),%50 Fenpyrazamine,WG (Suda Dağılabilen Granül)
EFDAL MAGİCPRO (İMAL),40 g/l Imazamox,SL (Suda Çözünen Konsantre)
PANAROMA 45 EC (İMAL),45 g/l Pinoxaden + 20 g/l Cloquintocet-mexyl (safener),EC (Emülsiye Olabilen Konsantre)
Genagro Sakai 450 CS (İTHAL),450 g/l Pendimethalin,CS (Kapsül Süspansiyon)
ACS MOXRAM WG (İMAL),"%57 Metiram + %4,8 Cymoxanil",WG (Suda Dağılabilen Granül)
KAPAR ZS (İMAL),"50 mg (1,7)-Dioxaspiro (5,5) undecane + 70 g Carbonic acid/ Disp. + Sarı Yapışkan Tuzak",--- (-)
HEKTAŞ SARRİTOR (İMAL),800 g/l Mineral Yağ,EC (Emülsiye Olabilen Konsantre)
DIFERE (İTHAL),350 g/l Metalik bakıra eşdeğer bakır oksiklorid,SC (Akıcı Konsantre/Süspansiyon Konsantre)
ACS LEYZIR 48 SC (İMAL),480 g/l Spinosad,SC (Akıcı Konsantre/Süspansiyon Konsantre)
CRANN M EW (İMAL),75 g/l Fenoxaprop-p-ethyl + 69 g/l Mefenpyr-diethyl (safener),"EW (Emülsiyon, Suda Yağ)"
EMAGAREN (İTHAL),%80 Thiram,WP (Islanabilir Toz)
CARNA M (İMAL),340 g/l MCPA + 80 g/l Dicamba,SL (Suda Çözünen Konsantre)
NAVİGATOR (İMAL),100 g/l Spirotetramat,SC (Akıcı Konsantre/Süspansiyon Konsantre)
SORTİMENTO (İMAL),100 g/l Spirotetramat,SC (Akıcı Konsantre/Süspansiyon Konsantre)
SYPESTO (İMAL),45 g/l Pinoxaden + 20 g/l Cloquintocet-mexyl (safener),EC (Emülsiye Olabilen Konsantre)
LAZARUS (İMAL),400 g/l Phosphorous Acid (mono ve di-potasyum tuzları),SL (Suda Çözünen Konsantre)
BUJUVAL EC (İMAL),915 g/l S-Metolachlor + 45 g/l Benoxacor (safener),EC (Emülsiye Olabilen Konsantre)
SALSA (İTHAL),%75 Ethametsulfuron methyl,WP (Islanabilir Toz)
PİL-ZUGO (İMAL),110 g/l Etoxazole,SC (Akıcı Konsantre/Süspansiyon Konsantre)
EMAPLOR (İTHAL),%6 Metaldehyde,GB (Granül Yem)
ONE TIME (İMAL),240 g/l Diflubenzuron + 120 g/l Lambda-cyhalothrin,SC (Akıcı Konsantre/Süspansiyon Konsantre)
Genagro Gringo (İMAL),75 g/l Mesotrione + 30 g/l Nicosulfuron,SC (Akıcı Konsantre/Süspansiyon Konsantre)
Basetrio (İMAL),480 g/l Mesotrione,SC (Akıcı Konsantre/Süspansiyon Konsantre)
CANSAHİDROKSİT 2 FLOWABLE (İMAL),"361,1 g/l Metalik bakıra eşdeğer bakır hidroksit",SC (Akıcı Konsantre/Süspansiyon Konsantre)
BAROMBI 48 SL (İTHAL),480 g/l Glyphosate Isopropylamin Tuzu,SL (Suda Çözünen Konsantre)
DEMERES SC (İMAL),360 g/l Glyphosate asite eşdeğer Glyphosate Isopropylamin Tuzu + 30 g/l Oxyfluorfen,SC (Akıcı Konsantre/Süspansiyon Konsantre)
SAMAND (İTHAL),%5 Emamectin benzoate,SG (Suda Çözünen Granül)
CASTRA SC (İMAL),200 g/l Boscalid + 100 g/l Kresoxim-methyl,SC (Akıcı Konsantre/Süspansiyon Konsantre)
LUREM-TR (İTHAL),"2,9 g Methyl-isonicotinate + Mavi Yapışkan Tuzak",--- (-)
ACS PROCOL SC (İMAL),500 g/l Dodine,SC (Akıcı Konsantre/Süspansiyon Konsantre)
FORMOSA (İTHAL),18 g/l Abamectin,EC (Emülsiye Olabilen Konsantre)
PROVOKE (İMAL),200 g/l Proquinazid,EC (Emülsiye Olabilen Konsantre)
PARROW (İMAL),240 g/l Spirodiclofen,SC (Akıcı Konsantre/Süspansiyon Konsantre)
OBLİX (İMAL),240 g/l Spiromesifen,SC (Akıcı Konsantre/Süspansiyon Konsantre)
Laguun 350 SC (İMAL),350 g/l Metribuzin,SC (Akıcı Konsantre/Süspansiyon Konsantre)
DEBUT® (İTHAL),%50 Triflusulfuron-methyl,WG (Suda Dağılabilen Granül)
DECCOZOX (İTHAL),250 g/l Azoxystrobin,SC (Akıcı Konsantre/Süspansiyon Konsantre)
LUMPEN 10 EC (İMAL),100 g/l Pyriproxyfen,EC (Emülsiye Olabilen Konsantre)
KINGSLEY 750 SG (İTHAL),%60 Dicamba + %15 Nicosulfuron,SG (Suda Çözünen Granül)
ONEXON SL (İTHAL),200 g/l Diquat dibromide,SL (Suda Çözünen Konsantre)
FIST GOLD (İTHAL),450 g/l Pendimethalin,CS (Kapsül Süspansiyon)
FIADO (İTHAL),375 g/l Fluazinam + 150 g/l Azoxystrobin,SC (Akıcı Konsantre/Süspansiyon Konsantre)
RANİDAP (İMAL),441 g/l Glyphosate Potasyum Tuzu,SL (Suda Çözünen Konsantre)
EFDAL OKSİMET 240 SC (İMAL),240 g/l Methoxyfenozide,SC (Akıcı Konsantre/Süspansiyon Konsantre)
HAGAX (İTHAL),%14 Metalik bakıra eşdeğer bakır hidroksit + %14 Metalik bakıra eşdeğer bakır oksiklorid,WG (Suda Dağılabilen Granül)
BLOVE (İMAL),50 g/l Lambda-cyhalothrin,CS (Kapsül Süspansiyon)
FORDUS (İMAL),250 g/l Azoxystrobin,SC (Akıcı Konsantre/Süspansiyon Konsantre)
MORDICUS 500 SC (İTHAL),500 g/l Dimethomorph,SC (Akıcı Konsantre/Süspansiyon Konsantre)
KORFORAM ® EC (İMAL),"452,42 g/l 2,4-D 2-Ethylhexyl ester + 6,25 g/l Florasulam",EC (Emülsiye Olabilen Konsantre)
VIXEN (İMAL),"%25,2 Boscalid + %12,8 Pyraclostrobin",WG (Suda Dağılabilen Granül)
KORCAMBA ® 75 WG (İMAL),%50 Dicamba + %25 Tritosulfuron,WG (Suda Dağılabilen Granül)
BESTUTAX (İMAL),75 g/l Mesotrione + 30 g/l Nicosulfuron,SC (Akıcı Konsantre/Süspansiyon Konsantre)
GENAGRO CASSANDRA WG (İMAL),%55 Metiram + %5 Pyraclostrobin,WG (Suda Dağılabilen Granül)
CLAP M (İMAL),340 g/l MCPA + 80 g/l Dicamba,SL (Suda Çözünen Konsantre)
ENTER 200 SL (İMAL),200 g/l Glufosinate-ammonium tuzu,SL (Suda Çözünen Konsantre)
LASTHIT %5 EW (İMAL),"51,3 g/l Cyflufenamid","EW (Emülsiyon, Suda Yağ)"
NOVADAX 36 SL (İMAL),360 g/l Hymexazole,SL (Suda Çözünen Konsantre)
FLAŞÖR (İMAL),"%25,2 Boscalid + %12,8 Pyraclostrobin",WG (Suda Dağılabilen Granül)
FENOTAN 240 SC (İTHAL),240 g/l Spirodiclofen,SC (Akıcı Konsantre/Süspansiyon Konsantre)
AZOSTAR 320 SC (İMAL),200 g/l Tebuconazole + 120 g/l Azoxystrobin,SC (Akıcı Konsantre/Süspansiyon Konsantre)
ASTRIS GOLD 200 SC (İTHAL),100 g/l Lambda-cyhalothrin + 100 g/l Lufenuron,SC (Akıcı Konsantre/Süspansiyon Konsantre)
AZOTE 320 SC (İMAL),200 g/l Tebuconazole + 120 g/l Azoxystrobin,SC (Akıcı Konsantre/Süspansiyon Konsantre)
EMERMEC (İTHAL),18 g/l Abamectin,EC (Emülsiye Olabilen Konsantre)
ROTABENT (İTHAL),510 g/l Metam potassium,SL (Suda Çözünen Konsantre)
PRO-ABDİL (İMAL),240 g/l Spirodiclofen,SC (Akıcı Konsantre/Süspansiyon Konsantre)
FORAXON (İTHAL),50 g/l Lambda-cyhalothrin,EC (Emülsiye Olabilen Konsantre)
GENAGRO ROMELL 80 WDG (İTHAL),%80 Kükürt,WG (Suda Dağılabilen Granül)
MASTERGOLD ® (İMAL),"65,82 g/l Metalik bakıra eşdeğer bakır sülfat",SC (Akıcı Konsantre/Süspansiyon Konsantre)
AMBİANO 48 SC (İMAL),480 g/l Diflubenzuron,SC (Akıcı Konsantre/Süspansiyon Konsantre)
EMSON (İTHAL),"%46,1 Prochloraz",WP (Islanabilir Toz)
MATRİTES (İMAL),45 g/l Pinoxaden + 20 g/l Cloquintocet-mexyl (safener),EC (Emülsiye Olabilen Konsantre)
HESTİVAS ESTER 48 EC (İMAL),"480 g/l 2,4-D asite eşdeğer Isooctylester",EC (Emülsiye Olabilen Konsantre)
GENAGRO SYGON 10 SC (İMAL),110 g/l Etoxazole,SC (Akıcı Konsantre/Süspansiyon Konsantre)
CYTOWIN 5 EC (İMAL),50 g/l Hexythiazox,EC (Emülsiye Olabilen Konsantre)
ROTRAZON 240 SC (İTHAL),160 g/l Tebuconazole + 80 g/l Azoxystrobin,SC (Akıcı Konsantre/Süspansiyon Konsantre)
SCABBY 240 SC (İMAL),240 g/l Spiromesifen,SC (Akıcı Konsantre/Süspansiyon Konsantre)
TRİPSOL (İTHAL),"22,5 g/l Acrinathrin + 12,6 g/l Abamectin","EW (Emülsiyon, Suda Yağ)"
ACS MAXSULPHUR 80 WG (İTHAL),%80 Kükürt,WG (Suda Dağılabilen Granül)
ARSELİT 100 EC (İTHAL),100 g/l Alpha-cypermethrin,EC (Emülsiye Olabilen Konsantre)
TACZOATE SC 240 (İMAL),240 g/l Spirodiclofen,SC (Akıcı Konsantre/Süspansiyon Konsantre)
COLONISE SC (İMAL),200 g/l Boscalid + 100 g/l Kresoxim-methyl,SC (Akıcı Konsantre/Süspansiyon Konsantre)
EQUITY SÜPER WG 61 (İMAL),%30 Foramsulfuron + %1 Iodosulfuron methyl-sodium + %30 Isoxadifen-ethyl (safener),WG (Suda Dağılabilen Granül)
SCOROLLAN 240 SC (İMAL),240 g/l Spirodiclofen,SC (Akıcı Konsantre/Süspansiyon Konsantre)
HEKTAŞ TESLA (İMAL),30 g/l Mesosulfuron methyl + 6 g/l Iodosulfuron-methyl-sodium + 90 g/l Mefenpyr diethyl (safener),OD (Yağda Dağılabilen)
KORFOSAT PREMİUM (İMAL),360 g/l Glyphosate asite eşdeğer Glyphosate Diammonium Tuzu,SL (Suda Çözünen Konsantre)
UPHOLD 360™ SC (İTHAL),300 g/l Methoxyfenozide + 60 g/l Spinetoram,SC (Akıcı Konsantre/Süspansiyon Konsantre)
TENLONTER 25 EC (İMAL),250 g/l Flurochloridone,EC (Emülsiye Olabilen Konsantre)
STMELL (İMAL),75 g/l Mesotrione + 30 g/l Nicosulfuron,SC (Akıcı Konsantre/Süspansiyon Konsantre)
RITA 400 (İMAL),400 g/l Phosphorous Acid (mono ve di-potasyum tuzları),SL (Suda Çözünen Konsantre)
AFOROZ 40 SL (İMAL),40 g/l Imazamox,SL (Suda Çözünen Konsantre)
PARSAGRA (İMAL),500 g/l MCPA + 40 g/l Carfentrazone,SL (Suda Çözünen Konsantre)
KELT WG 85 (İTHAL),%85 Pyroxasulfone,WG (Suda Dağılabilen Granül)
INTRACEPT (İMAL),240 g/l Metaflumizone,SC (Akıcı Konsantre/Süspansiyon Konsantre)
ACS METOX SE (İMAL),"452,42 g/l 2,4-D 2-Ethylhexyl ester + 6,25 g/l Florasulam",SE (Suspo-Emülsiyon)
DEVDATE (İMAL),310 g/l Thiophanate-methyl + 187 g/l Epoxiconazole,SC (Akıcı Konsantre/Süspansiyon Konsantre)
KORMAİL PLUS® 10 EC (İMAL),100 g/l Pyriproxyfen,EC (Emülsiye Olabilen Konsantre)
RAFAEL 400 EW (İMAL),267 g/l Prochloraz + 133 g/l Tebuconazole,"EW (Emülsiyon, Suda Yağ)"
SATIR (İMAL),240 g/l Methoxyfenozide,SC (Akıcı Konsantre/Süspansiyon Konsantre)
TUNADIS 100 EC (İMAL),100 g/l Penconazole,EC (Emülsiye Olabilen Konsantre)
ZELVE 76 WG (İMAL),%76 Ziram,WG (Suda Dağılabilen Granül)
EFDAL MUTİFA WG (İMAL),"%57 Metiram + %4,8 Cymoxanil",WG (Suda Dağılabilen Granül)
MELYTOP WP (İTHAL),%70 Thiophanate-methyl,WP (Islanabilir Toz)
LYSHA (İMAL),150 g/l Prochloraz + 42 g/l Epoxiconazole,DC (Disperse Olabilen Konsantre)
EFDAL KİP 50 WG (İMAL),%50 Cyprodinil,WG (Suda Dağılabilen Granül)
GENAGRO CUNTA 450 EC (İMAL),450 g/l Prochloraz,EC (Emülsiye Olabilen Konsantre)
EMİKUR (İTHAL),722 g/l Propamocarb-hydrochloride,SL (Suda Çözünen Konsantre)
CHIEF SC (İMAL),200 g/l Boscalid + 100 g/l Kresoxim-methyl,SC (Akıcı Konsantre/Süspansiyon Konsantre)
ACS PRODIUS WG (İMAL),%50 Cyprodinil,WG (Suda Dağılabilen Granül)
"PROFILER WG 71,1 (İTHAL)","%66,7 Fosetyl-Al + %4,44 Fluopicolide",WG (Suda Dağılabilen Granül)
KORIBUT® 20 WP (İMAL),%20 Metsulfuron-methyl,WP (Islanabilir Toz)
KOAN (İMAL),600 g/l Phosphorous Acid (mono ve di-potasyum tuzları),SL (Suda Çözünen Konsantre)
PALEOLOG (İMAL),"25,2 g/l Penoxsulam",OD (Yağda Dağılabilen)
SENETORIN (İMAL),480 g/l Mesotrione,SC (Akıcı Konsantre/Süspansiyon Konsantre)
ONADRİS SC (İTHAL),250 g/l Azoxystrobin,SC (Akıcı Konsantre/Süspansiyon Konsantre)
EFDAL DİCO 500 SC (İMAL),500 g/l Clofentezine,SC (Akıcı Konsantre/Süspansiyon Konsantre)
DELTAMITE (İMAL),50 g/l Deltamethrin,SC (Akıcı Konsantre/Süspansiyon Konsantre)
ROSTEAM (İMAL),"%3 Mesosulfuron-methyl + %0,6 Iodosulfuron-methyl sodium + %9 Mefenpeyr-diethyl (safener)",WG (Suda Dağılabilen Granül)
CLİNER 20 EC (İTHAL),100 g/l Pyriproxyfen,EC (Emülsiye Olabilen Konsantre)
GRIFON ® SC (İTHAL),136 g/l Metalik bakıra eşdeğer bakır hidroksit + 136 g/l Metalik bakıra eşdeğer bakır oksiklorid,SC (Akıcı Konsantre/Süspansiyon Konsantre)
PANULA 20 SC (İTHAL),200 g/l Cyflumetofen,SC (Akıcı Konsantre/Süspansiyon Konsantre)
EDOR 240 SC (İTHAL),240 g/l Spirodiclofen,SC (Akıcı Konsantre/Süspansiyon Konsantre)
EMALETTE (İTHAL),%80 Fosetyl-Al,WP (Islanabilir Toz)
GREEN FIRE 40 SL (İMAL),40 g/l Imazamox,SL (Suda Çözünen Konsantre)
GENAGRO TICTANG (İMAL),"452,42 g/l 2,4-D 2-Ethylhexyl ester + 6,25 g/l Florasulam",SE (Suspo-Emülsiyon)
EMTRAX (İTHAL),"69 g/l Fenoxaprop-p-ethyl + 34,5 g/l Cloquintocet-mexyl (safener)",EC (Emülsiye Olabilen Konsantre)
"Alushta® 116,2 EC (İMAL)","116,2 g/l Clethodim",EC (Emülsiye Olabilen Konsantre)
GENAGRO SONDUET ULTRA (İMAL),310 g/l Thiophanate-methyl + 187 g/l Epoxiconazole,SC (Akıcı Konsantre/Süspansiyon Konsantre)
TERAZIN (İMAL),%30 Foramsulfuron + %1 Iodosulfuron methyl-sodium + %30 Isoxadifen-ethyl (safener),WG (Suda Dağılabilen Granül)
OTTAWA (İMAL),124 g/l Metalik bakıra eşdeğer bordo bulamacı,SC (Akıcı Konsantre/Süspansiyon Konsantre)
BARTOS SC (İTHAL),300 g/l Pyrimethanil,SC (Akıcı Konsantre/Süspansiyon Konsantre)
EFDAL ROKSAN 48 SL (İMAL),480 g/l Bentazone,SL (Suda Çözünen Konsantre)
METOLMET® WG (İMAL),"%3 Mesosulfuron-methyl + %0,6 Iodosulfuron-methyl sodium + %9 Mefenpeyr-diethyl (safener)",WG (Suda Dağılabilen Granül)
PROLAZ 450 EC (İTHAL),450 g/l Prochloraz,EC (Emülsiye Olabilen Konsantre)
GENAGRO BAKIR 50 WP (İTHAL),%50 Metalik bakıra eşdeğer bakır oksiklorid,WP (Islanabilir Toz)
ZOR-BEY 035 FS (İMAL),25 g/l Fludioxonil + 10 g/l Metalaxyl-m,FS (Tohum İlaçlaması İçin Akıcı Konsantre)
COBRA SÜPER EW (İMAL),50 g/l Quizalofop-p-ethyl,"EW (Emülsiyon, Suda Yağ)"
SİNO 5 EC (İTHAL),50 g/l Quizalofop-p-ethyl,EC (Emülsiye Olabilen Konsantre)
DOLMEN® 400 SC (İMAL),400 g/l Buprofezin,SC (Akıcı Konsantre/Süspansiyon Konsantre)
EMPLAN SP (İTHAL),%20 Acetamiprid,SP (Suda Çözünen Toz)
DELFOS (İMAL),45 g/l Pinoxaden + 20 g/l Cloquintocet-mexyl (safener),EC (Emülsiye Olabilen Konsantre)
EFDAL KASPORA 76 WG (İMAL),%76 Ziram,WG (Suda Dağılabilen Granül)
MADBON (İMAL),480 g/l Bentazone,SL (Suda Çözünen Konsantre)
"DETRİN 2,5 EC (İTHAL)",25 g/l Deltamethrin,EC (Emülsiye Olabilen Konsantre)
HELİM PELLET (İTHAL),%6 Metaldehyde,GR (Granül)
STRIM (İTHAL),960 g/l S-Metolachlor,EC (Emülsiye Olabilen Konsantre)
WİKİLİS (İMAL),"%3 Mesosulfuron-methyl + %0,6 Iodosulfuron-methyl sodium + %9 Mefenpeyr-diethyl (safener)",WG (Suda Dağılabilen Granül)
EMALDA (İTHAL),50 g/l Lambda-cyhalothrin,EC (Emülsiye Olabilen Konsantre)
PORTİCO (İMAL),40 g/l Imazamox,SL (Suda Çözünen Konsantre)
MODENA (İMAL),150 g/l Fluazifop-p-butyl,EC (Emülsiye Olabilen Konsantre)
HELDA (İMAL),%70 Thiophanate-methyl,WG (Suda Dağılabilen Granül)
ALFABEN (İMAL),240 g/l Metaflumizone,SC (Akıcı Konsantre/Süspansiyon Konsantre)
PRIAXOR® EC (İTHAL),150 g/l Pyraclostrobin+ 75 g/l Fluxapyroxad,EC (Emülsiye Olabilen Konsantre)
SUPPORT (İMAL),100 g/l Zeta-cypermethrin,"EW (Emülsiyon, Suda Yağ)"
INSURE® PERFORM (İTHAL),80 g/l Triticonazole + 40 g/l Pyraclostrobin,FS (Tohum İlaçlaması İçin Akıcı Konsantre)
EMTOP (İTHAL),%70 Thiophanate-methyl,WP (Islanabilir Toz)
SAFA CAPRİ (İMAL),%55 Metiram + %5 Pyraclostrobin,WG (Suda Dağılabilen Granül)
AMISTAR GOLD (İTHAL),125 g/l Azoxystrobin + 125 g/l Difenoconazole,SC (Akıcı Konsantre/Süspansiyon Konsantre)
SECTION WG (İMAL),"%26,7 Boscalid + %6,7 Pyraclostrobin",WG (Suda Dağılabilen Granül)
TOLERATE DC (İMAL),150 g/l Prochloraz + 42 g/l Epoxiconazole,DC (Disperse Olabilen Konsantre)
SAFA BLESS (İMAL),"%25,2 Boscalid + %12,8 Pyraclostrobin",WG (Suda Dağılabilen Granül)
GRAVİTON SC (İMAL),100 g/l Spirotetramat,SC (Akıcı Konsantre/Süspansiyon Konsantre)
MINTAV 2 F (İMAL),240 g/l Tau-fluvalinate,"EW (Emülsiyon, Suda Yağ)"
LACERTA MAXX (İMAL),200 g/l Azoxystrobin + 125 g/l Difenoconazole,SC (Akıcı Konsantre/Süspansiyon Konsantre)
DİCAPRİO (İMAL),700 g/l Metalik bakıra eşdeğer bakır oksiklorid,SC (Akıcı Konsantre/Süspansiyon Konsantre)
RUTRAT (İMAL),%50 Dicamba + %25 Tritosulfuron,WG (Suda Dağılabilen Granül)
TEMPE (İMAL),"25,2 g/l Penoxsulam",OD (Yağda Dağılabilen)
İLKALAN 364 SE (İMAL),557 g/l MCPA -Ethylhexyl Ester + 7 g/l Florasulam,SE (Suspo-Emülsiyon)
TANGMASTER (İMAL),%50 Azimsulfuron,WG (Suda Dağılabilen Granül)
SPHINX (İMAL),%75 Tribenuron-methyl,WG (Suda Dağılabilen Granül)
JAWA (İMAL),"452,42 g/l 2,4-D 2-Ethylhexyl ester + 6,25 g/l Florasulam",SE (Suspo-Emülsiyon)
OPENAX (İMAL),50 g/l Lufenuron,EC (Emülsiye Olabilen Konsantre)
IMPREZA (İMAL),310 g/l Thiophanate-methyl + 187 g/l Epoxiconazole,SC (Akıcı Konsantre/Süspansiyon Konsantre)
EXİREL 100 SE (İTHAL),100 g/l Cyantraniliprole,SE (Suspo-Emülsiyon)
DEGLAROT WG (İMAL),%30 Aminopyralid + %15 Florasulam,WG (Suda Dağılabilen Granül)
TOLYPAREN 20 SC (İMAL),200 g/l Chlorantraniliprole,SC (Akıcı Konsantre/Süspansiyon Konsantre)
CİRCADEN 200 SC (İTHAL),200 g/l Cyantraniliprole,SC (Akıcı Konsantre/Süspansiyon Konsantre)
DAGROXİ OPTİ (İMAL),%30 Metalik bakıra eşdeğer bakır hidroksit,WG (Suda Dağılabilen Granül)
STATUS 435 SC (İMAL),435 g/l Pendimethalin,SC (Akıcı Konsantre/Süspansiyon Konsantre)
CUPROZIN 35 WP (İTHAL),%35 Metalik bakıra eşdeğer bakır oksiklorid,WP (Islanabilir Toz)
DEVİSA (İMAL),100 g/l Alpha-cypermethrin,EC (Emülsiye Olabilen Konsantre)
MİDASH WG 75 (İMAL),%50 Tebuconazole + %25 Trifloxystrobin,WG (Suda Dağılabilen Granül)
DEFLATE 250 WG (İMAL),%25 Spinetoram,WG (Suda Dağılabilen Granül)
VETAFOR® 20 WP (İMAL),%20 Metsulfuron-methyl,WP (Islanabilir Toz)
FORTENZA 600 FS (İTHAL),600 g/l Cyantraniliprole,FS (Tohum İlaçlaması İçin Akıcı Konsantre)
RAMSES (İMAL),%25 Rimsulfuron,SG (Suda Çözünen Granül)
NOLITO (İMAL),240 g/l Clethodim,EC (Emülsiye Olabilen Konsantre)
REBLOX (İMAL),250 g/l Bentazone + 125 g/l MCPA,SL (Suda Çözünen Konsantre)
SURAGE (İMAL),%75 Sulfosulfuron,WG (Suda Dağılabilen Granül)
TRADOR 45 EC (İMAL),"22,5 g/l Pinoxaden + 22,5 g/l Clodinafop-propargyl + 5,63 g/l Cloquintocet-mexyl (safener)",EC (Emülsiye Olabilen Konsantre)
NONSTOP 200 EC (İMAL),200 g/l Profoxydim,EC (Emülsiye Olabilen Konsantre)
KİMONO 100 SC (İMAL),100 g/l Spirotetramat,SC (Akıcı Konsantre/Süspansiyon Konsantre)
ORENTAL (İMAL),240 g/l Spiromesifen,SC (Akıcı Konsantre/Süspansiyon Konsantre)
RESERVE (İMAL),240 g/l Metaflumizone,SC (Akıcı Konsantre/Süspansiyon Konsantre)
BOHEM 200 SC (İMAL),200 g/l Fenazaquin,SC (Akıcı Konsantre/Süspansiyon Konsantre)
EFDAL PİRANİL 100 EC (İMAL),100 g/l Propaquizafop,EC (Emülsiye Olabilen Konsantre)
HARU (İTHAL),%10 Acetamiprid + %3 Lambda-cyhalothrin,WG (Suda Dağılabilen Granül)
QINITIUM (İMAL),650 g/l Malathion,EC (Emülsiye Olabilen Konsantre)
PROVENT (İMAL),240 g/l Methoxyfenozide,SC (Akıcı Konsantre/Süspansiyon Konsantre)
SAFEZONE (İMAL),915 g/l S-Metolachlor + 45 g/l Benoxacor (safener),EC (Emülsiye Olabilen Konsantre)
SADABAT® 60 SL (İMAL),60 g/l Metconazole,SL (Suda Çözünen Konsantre)
FUDO (İMAL),150 g/l Fluazifop-p-butyl,EC (Emülsiye Olabilen Konsantre)
METAGRI (İMAL),"452,42 g/l 2,4-D 2-Ethylhexyl ester + 6,25 g/l Florasulam",SE (Suspo-Emülsiyon)
KORANİL® 500 SC (İMAL),500 g/l Cyprodinil,SC (Akıcı Konsantre/Süspansiyon Konsantre)
MAXİM QUATTRO (İTHAL),"300 g/l Thiabendazole + 37,5 g/l Fludioxonil + 30 g/l Metalaxyl-m + 15 g/l Azoxystrobin",FS (Tohum İlaçlaması İçin Akıcı Konsantre)
ARTELTRA (İMAL),"22,5 g/l Foramsulfuron",SC (Akıcı Konsantre/Süspansiyon Konsantre)
SPOTRAZ 10 EC (İMAL),100 g/l Pyriproxyfen,EC (Emülsiye Olabilen Konsantre)
AKROPOL 05 SG (İMAL),%5 Emamectin benzoate,SG (Suda Çözünen Granül)
DAGRO WENA (İMAL),50 g/l Lambda-cyhalothrin,EC (Emülsiye Olabilen Konsantre)
FYFANON 440 EW (İTHAL),440 g/l Malathion,"EW (Emülsiyon, Suda Yağ)"
PERMİT® 25 EC (İTHAL),250 g/l Cypermethrin,EC (Emülsiye Olabilen Konsantre)
CLONART (İMAL),150 g/l Fluazifop-p-butyl,EC (Emülsiye Olabilen Konsantre)
PEDALIZA 063 SC (İMAL),45 g/l Chlorantraniliprole + 18 g/l Abamectin,SC (Akıcı Konsantre/Süspansiyon Konsantre)
SUNVİSO WG (İMAL),"%57 Metiram + %4,8 Cymoxanil",WG (Suda Dağılabilen Granül)
DECIS TRAP (İTHAL),"0,015 g Deltamethrin + 7,8 g Ammonium acetate + 0,5 g Chlorohydrate trimethylamine + 0,03 g 1.5-Diaminopentane/ Tuzak",--- (-)
TATAMİ WG 75 (İMAL),%50 Tebuconazole + %25 Trifloxystrobin,WG (Suda Dağılabilen Granül)
TOPGUARD EQ (İTHAL),296 g/l Azoxystrobin + 218 g/l Flutriafol,SC (Akıcı Konsantre/Süspansiyon Konsantre)
OLKOR 500 SC (İMAL),500 g/l Fenhexamid,SC (Akıcı Konsantre/Süspansiyon Konsantre)
ACANTO® PLUS (İTHAL),200 g/l Picoxystrobin + 80 g/l Cyproconazole,SC (Akıcı Konsantre/Süspansiyon Konsantre)
DRENCH (İMAL),%50 Kresoxim-methyl,WG (Suda Dağılabilen Granül)
HERATAN 2.5 EC (İTHAL),25 g/l Deltamethrin,EC (Emülsiye Olabilen Konsantre)
ARTIM 3C (İMAL),460 g/l Chlormequat Chloride,SL (Suda Çözünen Konsantre)
EMAREBENO® 05 SG (İMAL),%5 Emamectin benzoate,SG (Suda Çözünen Granül)
ETHONN ULTRA (İMAL),75 g/l Mesotrione + 30 g/l Nicosulfuron,SC (Akıcı Konsantre/Süspansiyon Konsantre)
EFDAL GÖZTAŞIM (İMAL),%25 Metalik bakıra eşdeğer bakır sülfat,CR (Kristal)
EFDAL TEBUXIL FS 60 (İMAL),60 g/l Tebuconazole,FS (Tohum İlaçlaması İçin Akıcı Konsantre)
FOÇA WG (İMAL),%55 Metiram + %5 Pyraclostrobin,WG (Suda Dağılabilen Granül)
SYSTIVA (İTHAL),333 g/l Fluxapyroxad,FS (Tohum İlaçlaması İçin Akıcı Konsantre)
HARMAN GÖZTAŞI (İMAL),%25 Metalik bakıra eşdeğer bakır sülfat,CR (Kristal)
BORYSPİL® 35 FS (İMAL),25 g/l Fludioxonil + 10 g/l Metalaxyl-m,FS (Tohum İlaçlaması İçin Akıcı Konsantre)
COPENTAN SC® (İMAL),"65,82 g/l Metalik bakıra eşdeğer bakır sülfat",SC (Akıcı Konsantre/Süspansiyon Konsantre)
RAGUSA (İMAL),%40 Metalik bakıra eşdeğer bakır oksiklorid + %6 Dimethomorp,WP (Islanabilir Toz)
ELEVATE (İMAL),460 g/l Chlormequat Chloride,SL (Suda Çözünen Konsantre)
SAFMAT (İMAL),460 g/l Chlormequat Chloride,SL (Suda Çözünen Konsantre)
CARMESİ (İMAL),"%37,5 Cyprodinil + %25 Fludioxonil",WG (Suda Dağılabilen Granül)
AMORİUM 50 WG (İMAL),%50 Cyprodinil,WG (Suda Dağılabilen Granül)
LARİSSA WG (İMAL),"%15 Triflumizole + %3,4 Cyflufenamid",WG (Suda Dağılabilen Granül)
"SKYPE 62,5 WG (İMAL)","%37,5 Cyprodinil + %25 Fludioxonil",WG (Suda Dağılabilen Granül)
SAVANT SL 50 (İMAL),150 g/l Indoxacarb,SC (Akıcı Konsantre/Süspansiyon Konsantre)
COTTONEX 500 SC (İTHAL),500 g/l Fluometuron,SC (Akıcı Konsantre/Süspansiyon Konsantre)
FIVESTAR 100 EW (İMAL),100 g/l Pyriproxyfen,"EW (Emülsiyon, Suda Yağ)"
PYRİCAPS 200 CS (İMAL),200 g/l Pyriproxyfen,CS (Kapsül Süspansiyon)
EVERTON®ULTRA 60 WG (İMAL),%55 Metiram + %5 Pyraclostrobin,WG (Suda Dağılabilen Granül)
EMPUSA® (İTHAL),%5 Emamectin benzoate,SG (Suda Çözünen Granül)
VERBATİM (İMAL),%80 Fosetyl-Al,WP (Islanabilir Toz)
AGROFEN 10 EC (İMAL),100 g/l Pyriproxyfen,EC (Emülsiye Olabilen Konsantre)
FERRİGARD 600 (İMAL),600 g/l Phosphorous Acid (mono ve di-potasyum tuzları),SL (Suda Çözünen Konsantre)
MİXEVER (İMAL),25 g/l Fludioxonil + 10 g/l Metalaxyl-m,FS (Tohum İlaçlaması İçin Akıcı Konsantre)
PLATIN MALATHION 65 EC (İMAL),650 g/l Malathion,EC (Emülsiye Olabilen Konsantre)
CUMBA 100 EC (İMAL),100 g/l Penconazole,EC (Emülsiye Olabilen Konsantre)
ARAUCO 720 WG (İTHAL),%38 Thifensulfuron-methyl + %19 Tribenuron-methyl + %15 Metsulfuron-methyl,WG (Suda Dağılabilen Granül)
Banvel 480 SL (İTHAL),480 g/l Dicamba,SL (Suda Çözünen Konsantre)
GOLDWIN 30 WG (İMAL),%30 Indoxacarb,WG (Suda Dağılabilen Granül)
QUANTOS (İMAL),200 g/l Boscalid + 100 g/l Kresoxim-methyl,SC (Akıcı Konsantre/Süspansiyon Konsantre)
ENİGMA 20 WP (İMAL),%20 Pyridaben,WP (Islanabilir Toz)
COPERHID® 30 DF (İMAL),%30 Metalik bakıra eşdeğer bakır hidroksit,WG (Suda Dağılabilen Granül)
CORRİDOR 50 SC (İMAL),500 g/l Fenhexamid,SC (Akıcı Konsantre/Süspansiyon Konsantre)
BENEVİA 100 OD (İTHAL),100 g/l Cyantraniliprole,OD (Yağda Dağılabilen)
EFDAL AZPHOS 50 EC (İMAL),500 g/l Pirimiphos methyl,EC (Emülsiye Olabilen Konsantre)
PİANTA 240 SC (İMAL),240 g/l Methoxyfenozide,SC (Akıcı Konsantre/Süspansiyon Konsantre)
TURNOFF (İMAL),"%37,5 Cyprodinil + %25 Fludioxonil",WG (Suda Dağılabilen Granül)
REDIGO M FS 120 (İTHAL),100 g/l Prothioconazole + 20 g/l Metalaxyl,FS (Tohum İlaçlaması İçin Akıcı Konsantre)
SORENTO (İMAL),50 g/l Quizalofop-p-ethyl,EC (Emülsiye Olabilen Konsantre)
PERSPECTA 240 (İMAL),240 g/l Bifenazate,SC (Akıcı Konsantre/Süspansiyon Konsantre)
PLANSTAR (İMAL),%75 Tribenuron-methyl,WG (Suda Dağılabilen Granül)
BASULTRA 200 SL (İMAL),200 g/l Glufosinate-ammonium tuzu,SL (Suda Çözünen Konsantre)
MADBON-M (İMAL),250 g/l Bentazone + 125 g/l MCPA,SL (Suda Çözünen Konsantre)
RİZAM WG (İMAL),%76 Ziram,WG (Suda Dağılabilen Granül)
KUKU (İMAL),%50 Cyprodinil,WG (Suda Dağılabilen Granül)
STILY MAX (İMAL),100 g/l Fludioxonil,FS (Tohum İlaçlaması İçin Akıcı Konsantre)
KERB™ FLO 400 SC (İTHAL),400 g/l Propyzamide,SC (Akıcı Konsantre/Süspansiyon Konsantre)
MALAMALA 30 DG (İMAL),%30 Indoxacarb,WG (Suda Dağılabilen Granül)
ABBA EW (İMAL),18 g/l Abamectin,"EW (Emülsiyon, Suda Yağ)"
TRAPEZ 50 EC (İMAL),500 g/l Pirimiphos methyl,EC (Emülsiye Olabilen Konsantre)
ERWİNA (İMAL),50 g/l Fenbuconazole,EC (Emülsiye Olabilen Konsantre)
CHARGE 50 WG (İMAL),%50 Kresoxim-methyl,WG (Suda Dağılabilen Granül)
MALAMALA 150 SC (İMAL),150 g/l Indoxacarb,SC (Akıcı Konsantre/Süspansiyon Konsantre)
TALDEX PELLET (İMAL),%5 Metaldehyde,GB (Granül Yem)
REGLONE (İTHAL),200 g/l Diquat,SL (Suda Çözünen Konsantre)
NAZATEM® TOP (İMAL),200 g/l Azoxystrobin + 125 g/l Difenoconazole,SC (Akıcı Konsantre/Süspansiyon Konsantre)
AZOBİN SC (İMAL),250 g/l Azoxystrobin,SC (Akıcı Konsantre/Süspansiyon Konsantre)
BRIOZIL (İTHAL),100 g/l 2-Phenylphenol + 75 g/l Imazalil,EC (Emülsiye Olabilen Konsantre)
DAGROQUIN (İMAL),"%30 Cymoxanil + %22,5 Famoxadone",WG (Suda Dağılabilen Granül)
ARTMITE 5 EC (İMAL),50 g/l Hexythiazox,EC (Emülsiye Olabilen Konsantre)
INSERT® WG (İMAL),"%57 Metiram + %4,8 Cymoxanil",WG (Suda Dağılabilen Granül)
REDRUM 10 SC (İMAL),110 g/l Etoxazole,SC (Akıcı Konsantre/Süspansiyon Konsantre)
REVUS PRO (İTHAL),250 g/l Difenoconazole + 250 g/l Mandipropamid,SC (Akıcı Konsantre/Süspansiyon Konsantre)
KORUMA BORDOMİX® 20 WP (İMAL),%20 Metalik bakıra eşdeğer bordo bulamacı,WP (Islanabilir Toz)
MİCROGARD PLUS X2 (İMAL),400 g/l Cyhalofop-butyl + 35 g/l Bispyribac Sodium,OD (Yağda Dağılabilen)
AGROFARM SUPRA OD 120 (İMAL),30 g/l Mesosulfuron-methyl + 90 g/l Mefenpyr-diethyl (safener),OD (Yağda Dağılabilen)
DONCEP (İMAL),%25 Rimsulfuron,WG (Suda Dağılabilen Granül)
CRAX 60 DF (İMAL),%60 Bensulfuron-methyl,WG (Suda Dağılabilen Granül)
TRANSFORM™ 500 WG (İTHAL),%50 Sulfoxaflor,WG (Suda Dağılabilen Granül)
ORBİT OD 120 (İMAL),30 g/l Mesosulfuron-methyl + 90 g/l Mefenpyr-diethyl (safener),OD (Yağda Dağılabilen)
MENTA MEDIAN (İMAL),240 g/l Spirodiclofen,SC (Akıcı Konsantre/Süspansiyon Konsantre)
FENİX WDG (İMAL),"%57 Metiram + %4,8 Cymoxanil",WG (Suda Dağılabilen Granül)
KORTİRAM FORTE 80 WG (İMAL),%80 Thiram,WG (Suda Dağılabilen Granül)
KORUMA FALTAN EXTRA (İMAL),%60 Folpet + %15 Prochloraz,WP (Islanabilir Toz)
KORUMA FALTAN 80 WG (İMAL),%80 Folpet,WG (Suda Dağılabilen Granül)
FLUART 075 EW (İMAL),75 g/l Fenoxaprop-p-ethyl + 30 g/l Fenchlorazole-ethyl (safener),"EW (Emülsiyon, Suda Yağ)"
TRIPP 900 EC (İMAL),900 g/l Fosthiazate,EC (Emülsiye Olabilen Konsantre)
PANSANDO 240 SC (İMAL),240 g/l Spirodiclofen,SC (Akıcı Konsantre/Süspansiyon Konsantre)
DARK BLUE 50 WP (İMAL),%50 Captan,WP (Islanabilir Toz)
TUGART (İMAL),%50 Trifloxystrobin,WG (Suda Dağılabilen Granül)
EFDAL FENROX (İMAL),50 g/l Fenpyroximate,SC (Akıcı Konsantre/Süspansiyon Konsantre)
EFDAL BİSOD SC 400 (İMAL),420 g/l Bispyribac Sodium,SC (Akıcı Konsantre/Süspansiyon Konsantre)
LEGEND (İMAL),200 g/l Cyhalofop-butyl,EC (Emülsiye Olabilen Konsantre)
BKS T-LURE (İTHAL),"0,5 mg(EZZ-3,8,11 )-Tetradecatrienyl Acetate (95%)+EZ -3,8 -tetradecadienyl acetate (%5) / kapsül+Delta Tuzak",--- (-)
HERON WG (İMAL),"%26,7 Boscalid + %6,7 Pyraclostrobin",WG (Suda Dağılabilen Granül)
DECARS ULTRA SC (İMAL),310 g/l Thiophanate-methyl + 187 g/l Epoxiconazole,SC (Akıcı Konsantre/Süspansiyon Konsantre)
BORDOMEN (İMAL),%20 Metalik bakıra eşdeğer bordo bulamacı,WP (Islanabilir Toz)
CURZANTON (İMAL),%50 Cymoxanil,WP (Islanabilir Toz)
KROŞET (İMAL),%50 Cymoxanil,WP (Islanabilir Toz)
EVERGATE PRO (İMAL),"%30 Cymoxanil + %22,5 Famoxadone",WG (Suda Dağılabilen Granül)
KAVROL 48 SC (İMAL),480 g/l Mesotrione,SC (Akıcı Konsantre/Süspansiyon Konsantre)
PRİMETOD (İMAL),480 g/l Glyphosate Isopropylamin Tuzu,SL (Suda Çözünen Konsantre)
TOMKİN (İMAL),240 g/l Clodinafop-propargyl + 60 g/l Cloquintocet-mexyl (safener),EC (Emülsiye Olabilen Konsantre)
TAK-GİBB (İMAL),20 g/l Gibberellic acid,SL (Suda Çözünen Konsantre)
ACS MAXGIBB 20 SL (İMAL),20 g/l Gibberellic acid,SL (Suda Çözünen Konsantre)
FORS SUPER (İMAL),"69 g/l Fenoxaprop-p-ethyl + 34,5 g/l Cloquintocet-mexyl (safener)","EW (Emülsiyon, Suda Yağ)"
POLYMITE 20 WP (İMAL),%20 Pyridaben,WP (Islanabilir Toz)
FORGIVEN 20 WP (İMAL),%20 Tebufenpyrad,WP (Islanabilir Toz)
THALES (İMAL),400 g/l Buprofezin,SC (Akıcı Konsantre/Süspansiyon Konsantre)
TITUS (İMAL),18 g/l Abamectin,EC (Emülsiye Olabilen Konsantre)
ACS SAYOKAN 5 EC (İMAL),50 g/l Lambda-cyhalothrin,EC (Emülsiye Olabilen Konsantre)
ACTUAL 20 WP (İMAL),%20 Tebufenpyrad,WP (Islanabilir Toz)
CONCİD 5 EC (İMAL),50 g/l Hexythiazox,EC (Emülsiye Olabilen Konsantre)
MOZART 240 EC (İMAL),240 g/l Oxyfluorfen,EC (Emülsiye Olabilen Konsantre)
TERSANE (İMAL),"69 g/l Fenoxaprop-p-ethyl + 34,5 g/l Cloquintocet-mexyl (safener)","EW (Emülsiyon, Suda Yağ)"
INGLYPOSAT (İMAL),480 g/l Glyphosate Isopropylamin Tuzu,SL (Suda Çözünen Konsantre)
GRİPSON (İMAL),"452,42 g/l 2,4-D 2-Ethylhexyl ester + 6,25 g/l Florasulam",SE (Suspo-Emülsiyon)
PAGE SUPER (İMAL),"69 g/l Fenoxaprop-p-ethyl + 34,5 g/l Cloquintocet-mexyl (safener)","EW (Emülsiyon, Suda Yağ)"
HALTER (İMAL),%10 Chlorsulfuron,WP (Islanabilir Toz)
CONİL 2 DS (İMAL),%2 Tebuconazole,DS (Kuru Tohum İlacı)
QUADRANT (İMAL),50 g/l Quizalofop-p-ethyl,EC (Emülsiye Olabilen Konsantre)
TOURE (İMAL),240 g/l Oxyfluorfen,EC (Emülsiye Olabilen Konsantre)
TEBUJİ 250 EW (İMAL),250 g/l Tebuconazole,"EW (Emülsiyon, Suda Yağ)"
CANSUPRAN (İMAL),"344 g/l 2,4-D asite eşdeğer dimethyl amonyum tuzu + 120 g/l Dicamba",SL (Suda Çözünen Konsantre)
VECHTOR WG (İMAL),"%26,7 Boscalid + %6,7 Pyraclostrobin",WG (Suda Dağılabilen Granül)
CHITA 500 SC (İMAL),500 g/l Dodine,SC (Akıcı Konsantre/Süspansiyon Konsantre)
BORECAF (İMAL),%20 Metalik bakıra eşdeğer bordo bulamacı,WP (Islanabilir Toz)
BURJUVA (İMAL),"%30 Cymoxanil + %22,5 Famoxadone",WG (Suda Dağılabilen Granül)
FOURMEN 70 WG (İMAL),%70 Thiophanate-methyl,WG (Suda Dağılabilen Granül)
TRUMAN 5 SG (İMAL),%5 Emamectin benzoate,SG (Suda Çözünen Granül)
FORGARD 5 SG (İMAL),%5 Emamectin benzoate,SG (Suda Çözünen Granül)
TURSAM 101 (İMAL),"451,4 g/l 2,4-D (2,4-D Dichlorophenoxy) acetic acid tri-isopropyl amin tuzu + 116,3 gl Picloram",SL (Suda Çözünen Konsantre)
KORLİSTRO SC (İMAL),480 g/l Mesotrione,SC (Akıcı Konsantre/Süspansiyon Konsantre)
"SENCOR GOLD WG 41,5 (İTHAL)","%24 Flufenacet + %17,5 Metribuzin",WG (Suda Dağılabilen Granül)
CICINGER 40 SC (İMAL),40 g/l Nicosulfuron,SC (Akıcı Konsantre/Süspansiyon Konsantre)
MANCESTER-S XL (İMAL),930 g/l S-Metolachlor + 31 g/l Benoxacor (safener),EC (Emülsiye Olabilen Konsantre)
DAGRO FİNS (İMAL),"500 g/l 2,4-D asite eşdeğer dimethyl amin tuzu",SL (Suda Çözünen Konsantre)
MANCESTER-S (İMAL),915 g/l S-Metolachlor + 45 g/l Benoxacor (safener),EC (Emülsiye Olabilen Konsantre)
FİXTÜR (İMAL),100 g/l Penconazole,EC (Emülsiye Olabilen Konsantre)
TRİFORT 80 WP (İMAL),%80 Thiram,WP (Islanabilir Toz)
ERADIT WG (İMAL),%50 Kresoxim-methyl,WG (Suda Dağılabilen Granül)
BARRET (İMAL),%80 Fosetyl-Al,WP (Islanabilir Toz)
HEKTAŞ MENTOR (İMAL),240 g/l Oxyfluorfen,EC (Emülsiye Olabilen Konsantre)
MYPOS (İMAL),300 g/l Pyrimethanil,SC (Akıcı Konsantre/Süspansiyon Konsantre)
ELPİS (İMAL),40 g/l Imazamox,SL (Suda Çözünen Konsantre)
KAJUU (İMAL),200 g/l Boscalid + 100 g/l Kresoxim-methyl,SC (Akıcı Konsantre/Süspansiyon Konsantre)
PLATINALIDA 50 EC (İMAL),500 g/l Imazalil,EC (Emülsiye Olabilen Konsantre)
TOPGRO 40 WP (İMAL),%25 Thiophanate-methyl + %15 Etridiazole,WP (Islanabilir Toz)
ARTERY 250 EC (İMAL),250 g/l Difenoconazole,EC (Emülsiye Olabilen Konsantre)
SALDECO 20 WG (İMAL),%20 Metalik bakıra eşdeğer bordo bulamacı,WG (Suda Dağılabilen Granül)
MERCATO (İMAL),10 g/l Azadirachtin A,EC (Emülsiye Olabilen Konsantre)
HEKTAŞ VOLON (İMAL),%35 Metalik bakıra eşdeğer bakır hidroksit,WG (Suda Dağılabilen Granül)
ASSAİL 80 WP (İMAL),%80 Fosetyl-Al,WP (Islanabilir Toz)
DAGRO VİSO (İMAL),"%57 Metiram + %4,8 Cymoxanil",WG (Suda Dağılabilen Granül)
HEKTAŞ BORDO FLOWABLE (İMAL),124 g/l Metalik bakıra eşdeğer bordo bulamacı,SC (Akıcı Konsantre/Süspansiyon Konsantre)
MENUET (İMAL),480 g/l Spinosad,SC (Akıcı Konsantre/Süspansiyon Konsantre)
TECPASS 200 EW (İMAL),200 g/l Penconazole,"EW (Emülsiyon, Suda Yağ)"
DAGRO ACARİD (İMAL),240 g/l Spirodiclofen,SC (Akıcı Konsantre/Süspansiyon Konsantre)
DETAFLO (İTHAL),%80 Kükürt,WG (Suda Dağılabilen Granül)
Hektaş Fibon (İMAL),240 g/l Spiromesifen,SC (Akıcı Konsantre/Süspansiyon Konsantre)
MASERATTI (İMAL),"452,42 g/l 2,4-D 2-Ethylhexyl ester + 6,25 g/l Florasulam",SE (Suspo-Emülsiyon)
EFDAL SİPROFEN SC 240 (İMAL),240 g/l Spirodiclofen,SC (Akıcı Konsantre/Süspansiyon Konsantre)
MASTEK (İMAL),"452,42 g/l 2,4-D 2-Ethylhexyl ester + 6,25 g/l Florasulam",SE (Suspo-Emülsiyon)
EXAMIT 40 EC (İMAL),40 g/l Quizalofop-p-tefuryl,EC (Emülsiye Olabilen Konsantre)
KORAZIM (İMAL),100 g/l Clopyralid,SL (Suda Çözünen Konsantre)
KEERMONY (İMAL),%70 Thiophanate-methyl,WP (Islanabilir Toz)
MODDEVON (İMAL),100 g/l Spirotetramat,SC (Akıcı Konsantre/Süspansiyon Konsantre)
CATRA 35 DS (İMAL),%35 Metalaxyl,DS (Kuru Tohum İlacı)
MONCERA (İMAL),%70 Thiophanate-methyl,WP (Islanabilir Toz)
KRANCH 50 WG (İMAL),%50 Cyprodinil,WG (Suda Dağılabilen Granül)
HEKTAŞ METİS (İMAL),"%26,7 Boscalid + %6,7 Pyraclostrobin",WG (Suda Dağılabilen Granül)
PREVAİL (İMAL),250 g/l Azoxystrobin,SC (Akıcı Konsantre/Süspansiyon Konsantre)
YEKDOZ WG (İMAL),"%37,5 Cyprodinil + %25 Fludioxonil",WG (Suda Dağılabilen Granül)
DAGRO EXXO (İMAL),240 g/l Spiromesifen,SC (Akıcı Konsantre/Süspansiyon Konsantre)
DAGRO FLİXA (İMAL),100 g/l Pyriproxyfen,EC (Emülsiye Olabilen Konsantre)
ASİST 10 EC (İMAL),100 g/l Pyriproxyfen,EC (Emülsiye Olabilen Konsantre)
MİRALAV 100 SC (İMAL),100 g/l Spirotetramat,SC (Akıcı Konsantre/Süspansiyon Konsantre)
MELPRİN XL 350 ES (İMAL),350 g/l Metalaxyl-m,ES (Emülsiyon Tohum İlacı)
RAİDER SÜPER (İMAL),185 g/l Spirodiclofen + 15 g/l Abamectin,SC (Akıcı Konsantre/Süspansiyon Konsantre)
SUPRATOX (İMAL),%50 Formetanate hydrochloride,SP (Suda Çözünen Toz)
EXODİA (İMAL),110 g/l Etoxazole,SC (Akıcı Konsantre/Süspansiyon Konsantre)
GANGSTER (İMAL),%50 Formetanate hydrochloride,SP (Suda Çözünen Toz)
MENTA PRESTO (İMAL),240 g/l Spiromesifen,SC (Akıcı Konsantre/Süspansiyon Konsantre)
CROPSTAR (İMAL),310 g/l Thiophanate-methyl + 187 g/l Epoxiconazole,SC (Akıcı Konsantre/Süspansiyon Konsantre)
KORPULA 75 WG (İMAL),%75 Halosulfuron-methyl,WG (Suda Dağılabilen Granül)
MENTA TRİGON (İMAL),150 g/l Indoxacarb,SC (Akıcı Konsantre/Süspansiyon Konsantre)
KURAME FORTE (İTHAL),%25 Metalik bakıra eşdeğer bakır oksiklorid + %4 Cymoxanil,WG (Suda Dağılabilen Granül)
STINGER % 40 WSG (İMAL),%40 Gibberellic Acid,WG (Suda Dağılabilen Granül)
DYNAM (İMAL),"18,8 g/l 6-Benzyladenine + 18,5 g/l Gibberellin A4/A7",SL (Suda Çözünen Konsantre)
SERCADİS (İTHAL),300 g/l Fluxapyroxad,SC (Akıcı Konsantre/Süspansiyon Konsantre)
TORONTO (İMAL),200 g/l Proquinazid,SC (Akıcı Konsantre/Süspansiyon Konsantre)
MEGAFILL % 40 WSG (İMAL),%40 Gibberellic Acid,WG (Suda Dağılabilen Granül)
AGEROS (İMAL),"31,15 g/l Haloxyfop-P-methyl ester",EC (Emülsiye Olabilen Konsantre)
PROLETUS (İMAL),480 g/l Bentazone,SL (Suda Çözünen Konsantre)
PYRUS 400 SC (İTHAL),400 g/l Pyrimethanil,SC (Akıcı Konsantre/Süspansiyon Konsantre)
MILONNA (İTHAL),%6 Metaldehyde,GB (Granül Yem)
REPPORT 36 SL (İMAL),360 g/l Hymexazole,SL (Suda Çözünen Konsantre)
KORSULFURON 75 WG (İMAL),%75 Sulfosulfuron,WG (Suda Dağılabilen Granül)
CONVOY XL 350 ES (İMAL),350 g/l Metalaxyl-m,ES (Emülsiyon Tohum İlacı)
CENT-7 500SC (İTHAL),500 g/l Isoxaben,SC (Akıcı Konsantre/Süspansiyon Konsantre)
RANZEB 20 SP (İMAL),%20 Acetamiprid,SP (Suda Çözünen Toz)
BACKHAND (İMAL),%12 Dithianon + %4 Pyraclostrobin,WG (Suda Dağılabilen Granül)
ETON (İMAL),50 g/l Etofenprox,EC (Emülsiye Olabilen Konsantre)
FORTEXİN (İMAL),100 g/l Spirotetramat,SC (Akıcı Konsantre/Süspansiyon Konsantre)
MOSAİC XL 035 FS (İMAL),25 g/l Fludioxonil + 10 g/l Metalaxyl,SC (Akıcı Konsantre/Süspansiyon Konsantre)
PILAXONE (İMAL),40 g/l Nicosulfuron,SC (Akıcı Konsantre/Süspansiyon Konsantre)
SOFULEX SUPER (İMAL),"116,2 g/l Clethodim",EC (Emülsiye Olabilen Konsantre)
EFDAL INDOX 30 WG (İMAL),%30 Indoxacarb,WG (Suda Dağılabilen Granül)
ARTINIL 500 SL (İMAL),"500 g/l 2,4-D asite eşdeğer dimethyl amin tuzu",SL (Suda Çözünen Konsantre)
TEZFAM (İMAL),100 g/l Pyriproxyfen,EC (Emülsiye Olabilen Konsantre)
TRIO TR (İMAL),%55 Metiram + %5 Pyraclostrobin,WG (Suda Dağılabilen Granül)
MOSPILAN 20 SP (İMAL),%20 Acetamiprid,SP (Suda Çözünen Toz)
TOYGAR (İMAL),200 g/l Proquinazid,SC (Akıcı Konsantre/Süspansiyon Konsantre)
TUNGA (İTHAL),222 g/l Flubendiamide,SC (Akıcı Konsantre/Süspansiyon Konsantre)
CROMPTON (İMAL),480 g/l Spinosad,SC (Akıcı Konsantre/Süspansiyon Konsantre)
AMİSTAR XTRA 280 SC (İTHAL),200 g/l Azoxystrobin + 80 g/l Cyproconazole,SC (Akıcı Konsantre/Süspansiyon Konsantre)
SAFENER (İMAL),300 g/l Pyrimethanil,SC (Akıcı Konsantre/Süspansiyon Konsantre)
CHAMBER 600 (İMAL),600 g/l Aclonifen,SC (Akıcı Konsantre/Süspansiyon Konsantre)
RENOVE (İMAL),200 g/l Diquat dibromide,SL (Suda Çözünen Konsantre)
IMPOSE (İMAL),"%57 Metiram + %4,8 Cymoxanil",WG (Suda Dağılabilen Granül)
VELUM PRIME SC 400 (İTHAL),400 g/l Fluopyram,SC (Akıcı Konsantre/Süspansiyon Konsantre)
AGROFARM SALVO SL 840 (İMAL),530 g/l Propamocarb + 310 g/l Fosetyl,SL (Suda Çözünen Konsantre)
DAGRO CURE 25 WP (İMAL),%25 Tebuconazole,WP (Islanabilir Toz)
WOPROSULF 80 WG (İMAL),%80 Kükürt,WG (Suda Dağılabilen Granül)
CENTUREX (İMAL),%20 Metalik bakıra eşdeğer bordo bulamacı,WG (Suda Dağılabilen Granül)
MANDATE (İMAL),%70 Thiophanate-methyl,WP (Islanabilir Toz)
FENAMID 50 SC (İMAL),310 g/l Thiophanate-methyl + 187 g/l Epoxiconazole,SC (Akıcı Konsantre/Süspansiyon Konsantre)
TREK-P (İTHAL),270 g/l Terbuthylazine + 64 g/l Pendimethalin,SE (Suspo-Emülsiyon)
BIOBAS (İMAL),40 g/l Nicosulfuron,OD (Yağda Dağılabilen)
SINAPSIS 75 DF (İMAL),%75 Chlorsulfuron,DF (Kuru Akışkan)
RİBASSO EXTRA (İMAL),%50 Nicosulfuron + %25 Rimsulfuron,WG (Suda Dağılabilen Granül)
FİNALE PRO SC 765 (İMAL),720 g/l Ethephon + 45 g/l Cyclanilide,SC (Akıcı Konsantre/Süspansiyon Konsantre)
ANHUI 40 SC (İMAL),40 g/l Nicosulfuron,SC (Akıcı Konsantre/Süspansiyon Konsantre)
BASED (İMAL),600 g/l Aclonifen,SC (Akıcı Konsantre/Süspansiyon Konsantre)
PROSETTE 80 WP (İMAL),%80 Fosetyl-Al,WP (Islanabilir Toz)
EFDAL PİNOS (İMAL),480 g/l Spinosad,SC (Akıcı Konsantre/Süspansiyon Konsantre)
PYRİMAX (İMAL),300 g/l Pyrimethanil,SC (Akıcı Konsantre/Süspansiyon Konsantre)
BESANTİA (İMAL),"%57 Metiram + %4,8 Cymoxanil",WG (Suda Dağılabilen Granül)
IMPACT T® (İTHAL),225 g/l Tebuconazole + 75 g/l Flutriafol,SC (Akıcı Konsantre/Süspansiyon Konsantre)
EXPLOİT (İMAL),240 g/l Spirodiclofen,SC (Akıcı Konsantre/Süspansiyon Konsantre)
EXPLODER (İMAL),200 g/l Fenazaquin,SC (Akıcı Konsantre/Süspansiyon Konsantre)
SYDORF 5 EC (İMAL),50 g/l Hexythiazox,EC (Emülsiye Olabilen Konsantre)
SPIRONN (İMAL),100 g/l Pyriproxyfen,EC (Emülsiye Olabilen Konsantre)
FORSET (İMAL),110 g/l Etoxazole,SC (Akıcı Konsantre/Süspansiyon Konsantre)
ACS-FORTE WP (İMAL),%80 Thiram,WP (Islanabilir Toz)
LUNA TRANQUİLİTY SC 500 (İTHAL),375 g/l Pyrimethanil +125 g/l Fluopyram,SC (Akıcı Konsantre/Süspansiyon Konsantre)
ADENGO SC 465 (İTHAL),225 g/l Isoxaflutole + 90 g/l Thiencarbazone-methyl + 150 g/l Cyprosulfamide (safener),SC (Akıcı Konsantre/Süspansiyon Konsantre)
STACİD EC (İMAL),450 g/l Prochloraz,EC (Emülsiye Olabilen Konsantre)
EFDAL INDOX OD (İMAL),150 g/l Indoxacarb,OD (Yağda Dağılabilen)
EFDAL EMABEN 5 SG (İMAL),%5 Emamectin benzoate,SG (Suda Çözünen Granül)
DYNOMO 50 WG (İMAL),%50 Trifloxystrobin,WG (Suda Dağılabilen Granül)
CURCOZ R-DF (İMAL),"%39,75 Metalik bakıra eşdeğer bakır oksiklorid + %4,2 Cymoxanil",WG (Suda Dağılabilen Granül)
FORVET ULTRA (İMAL),40 g/l Imazamox,SL (Suda Çözünen Konsantre)
AGRIFLOW (İMAL),800 g/l Kükürt,SC (Akıcı Konsantre/Süspansiyon Konsantre)
VELİYETTE (İMAL),%80 Fosetyl-Al,WP (Islanabilir Toz)
BOW 50 WP (İMAL),%50 Metalik bakıra eşdeğer bakır oksiklorid,WP (Islanabilir Toz)
BURACİA (İMAL),500 g/l Fenhexamid,SC (Akıcı Konsantre/Süspansiyon Konsantre)
ARRİVAL (İMAL),500 g/l Fenhexamid,SC (Akıcı Konsantre/Süspansiyon Konsantre)
SELFREX 65 WG (İMAL),%65 Dodine,WG (Suda Dağılabilen Granül)
STORY 250 EC (İMAL),250 g/l Difenoconazole,EC (Emülsiye Olabilen Konsantre)
MAGİK (İMAL),%12 Dithianon + %4 Pyraclostrobin,WG (Suda Dağılabilen Granül)
KOCTEL 30 WG (İMAL),%30 Metalik bakıra eşdeğer bakır hidroksit,WG (Suda Dağılabilen Granül)
PARABOLİC (İMAL),722 g/l Propamocarb-hydrochloride,SL (Suda Çözünen Konsantre)
AMENDOLA (İMAL),100 g/l Penconazole,EC (Emülsiye Olabilen Konsantre)
ADASTRA (İMAL),%20 Metalik bakıra eşdeğer bordo bulamacı,WP (Islanabilir Toz)
MOLFETTA WG 800 (İMAL),%80 Fosetyl-Al,WG (Suda Dağılabilen Granül)
CIRRUS (İMAL),%50 Cyprodinil,WG (Suda Dağılabilen Granül)
ASTRADEX (İMAL),200 g/l Cyhalofop-butyl,EC (Emülsiye Olabilen Konsantre)
TAMADA 75 DF (İMAL),%75 Chlorsulfuron,WG (Suda Dağılabilen Granül)
DUGARY (İMAL),"9,3 g/l Milbemectin",EC (Emülsiye Olabilen Konsantre)
CHEKKER (İMAL),"25,2 g/l Penoxsulam",OD (Yağda Dağılabilen)
SLOT (İMAL),720 g/l Dimethenamid-p,EC (Emülsiye Olabilen Konsantre)
MAXİM 480 FS (İTHAL),480 g/l Fludioxonil,FS (Tohum İlaçlaması İçin Akıcı Konsantre)
SUVARTHION 10 SC (İMAL),110 g/l Etoxazole,SC (Akıcı Konsantre/Süspansiyon Konsantre)
PAYARTİS 250 SC (İMAL),250 g/l Azoxystrobin,SC (Akıcı Konsantre/Süspansiyon Konsantre)
BRAVE (İTHAL),500 g/l Fluazinam,SC (Akıcı Konsantre/Süspansiyon Konsantre)
DEVA BORDO (İMAL),%20 Metalik bakıra eşdeğer bordo bulamacı,WP (Islanabilir Toz)
AMON (İMAL),480 g/l Spinosad,SC (Akıcı Konsantre/Süspansiyon Konsantre)
REIKON (İMAL),200 g/l Azoxystrobin + 80 g/l Cyproconazole,SC (Akıcı Konsantre/Süspansiyon Konsantre)
APACHE 50 EC (İMAL),500 g/l Pirimiphos methyl,EC (Emülsiye Olabilen Konsantre)
NOVIRAD 100 EC (İMAL),100 g/l Pyriproxyfen,EC (Emülsiye Olabilen Konsantre)
ARTSIL 240 SC (İMAL),240 g/l Spirodiclofen,SC (Akıcı Konsantre/Süspansiyon Konsantre)
AGRON SC 240 (İMAL),240 g/l Spiromesifen,SC (Akıcı Konsantre/Süspansiyon Konsantre)
LADON SC 240 (İMAL),240 g/l Spiromesifen,SC (Akıcı Konsantre/Süspansiyon Konsantre)
FURINA 6 (İMAL),%6 Metaldehyde,GB (Granül Yem)
PANCART 5 SG (İMAL),%5 Emamectin benzoate,SG (Suda Çözünen Granül)
RAMPEX 4 (İMAL),%4 Metaldehyde,GB (Granül Yem)
EOS 4 (İMAL),%4 Metaldehyde,GB (Granül Yem)
BORDO MIX TEZCAN 20 WG (İMAL),%20 Metalik bakıra eşdeğer bordo bulamacı,WG (Suda Dağılabilen Granül)
PANIKOS 5 (İMAL),%5 Metaldehyde,GB (Granül Yem)
SUNAMİN 500 SL (İMAL),"500 g/l 2,4-D asite eşdeğer dimethyl amin tuzu",SL (Suda Çözünen Konsantre)
ACAMAS (İMAL),40 g/l Nicosulfuron,OD (Yağda Dağılabilen)
PESTİGE 250 EC (İMAL),250 g/l Tebuconazole,EC (Emülsiye Olabilen Konsantre)
PREVENT (İMAL),722 g/l Propamocarb-hydrochloride,SL (Suda Çözünen Konsantre)
RIHEN (İMAL),250 g/l Cypermethrin,EC (Emülsiye Olabilen Konsantre)
GENNOVA BAKIR 50 WP (İMAL),%50 Metalik bakıra eşdeğer bakır oksiklorid,WP (Islanabilir Toz)
BORDEAUX GENNOVA WG (İMAL),%20 Metalik bakıra eşdeğer bordo bulamacı,WG (Suda Dağılabilen Granül)
MİSSİLE (İMAL),100 g/l Pyriproxyfen,EC (Emülsiye Olabilen Konsantre)
EXCALENCE (İMAL),200 g/l Esfenvalerate,EC (Emülsiye Olabilen Konsantre)
FRAGMAN 50 WG (İMAL),%50 Cyprodinil,WG (Suda Dağılabilen Granül)
ARROW MAX 100 FS (İMAL),100 g/l Fludioxonil,FS (Tohum İlaçlaması İçin Akıcı Konsantre)
MANCHET (İMAL),%76 Ziram,WG (Suda Dağılabilen Granül)
DAGRO CORS (İMAL),330 g/l Pendimethalin,EC (Emülsiye Olabilen Konsantre)
REBELEX™ 225 SC (İTHAL),150 g/l Penoxsulam + 75 g/l Florasulam,SC (Akıcı Konsantre/Süspansiyon Konsantre)
PRESENT (İMAL),480 g/l Ethephon + 60 g/l Cyclanilide,SC (Akıcı Konsantre/Süspansiyon Konsantre)
SİPERKOR 500 EC (İMAL),500 g/l Cypermethrin,EC (Emülsiye Olabilen Konsantre)
KURAMITE (İMAL),%20 Pyridaben,WP (Islanabilir Toz)
ACS REVOLT 70 WP (İTHAL),%70 Metribuzin,WP (Islanabilir Toz)
LEGATO LENNS (İTHAL),250 g/l Glyphosate asite eşdeğer Glyphosate Isopropylamin Tuzu + 40 g/l Diflufenican,SC (Akıcı Konsantre/Süspansiyon Konsantre)
FONO SUPER (İMAL),"69 g/l Fenoxaprop-p-ethyl + 34,5 g/l Cloquintocet-mexyl (safener)","EW (Emülsiyon, Suda Yağ)"
MENSURON (İTHAL),40 g/l Nicosulfuron,OD (Yağda Dağılabilen)
LAUDIS OD 66 (İTHAL),44 g/l Tembotrione + 22 g/l Isoxadifen-ethyl (safener),OD (Yağda Dağılabilen)
SUPER KORDANT (İMAL),108 g/l Haloxyfop-P-methyl ester,EC (Emülsiye Olabilen Konsantre)
TORCH (İMAL),480 g/l Dicamba,SL (Suda Çözünen Konsantre)
OBA 10 WP (İMAL),"%8,25 Bensulfuron-methyl + %1,75 Metsulfuron-methyl",WP (Islanabilir Toz)
TOZTATE 10 G (İMAL),%10 Fosthiazate,GR (Granül)
HEROCUPER AZUL (İTHAL),700 g/l Metalik bakıra eşdeğer bakır oksiklorid,SC (Akıcı Konsantre/Süspansiyon Konsantre)
SİPERKOR 100 EW (İMAL),100 g/l Cypermethrin,"EW (Emülsiyon, Suda Yağ)"
CYPERHARD 20 EC (İMAL),200 g/l Cypermethrin,EC (Emülsiye Olabilen Konsantre)
BRUST (İMAL),245 g/l Myclobutanil,EC (Emülsiye Olabilen Konsantre)
ACS ALPHAC 100 EC (İMAL),100 g/l Alpha-cypermethrin,EC (Emülsiye Olabilen Konsantre)
ATTIS (İMAL),"65,82 g/l Metalik bakıra eşdeğer bakır sülfat",SC (Akıcı Konsantre/Süspansiyon Konsantre)
BERETTA (İMAL),%12 Dithianon + %4 Pyraclostrobin,WG (Suda Dağılabilen Granül)
WAIPA (İTHAL),250 g/l Azoxystrobin,SC (Akıcı Konsantre/Süspansiyon Konsantre)
WEFFA BORDOMİX (İMAL),%20 Metalik bakıra eşdeğer bordo bulamacı,WP (Islanabilir Toz)
RAK 5+6 (İTHAL),500 mg (E/Z) 8-Dodecenylacetate (E/Z8-12Ac)+ 550 mg (E)-5-Decenylacetate/(E)-5-decenol+n-hexadecylacetate (E5-10 AC/E5-100 H+16 Ac)/Kapsül,--- (-)
RAK 3 (İTHAL),"275 mg ((E,E)-8,10-Dodecadien-1-ol+n-tetradecacylacetate)/ kapsül",--- (-)
TRIPP 10 G (İMAL),%10 Fosthiazate,GR (Granül)
COTMAS 35 FS (İMAL),25 g/l Fludioxonil + 10 g/l Metalaxyl-m,FS (Tohum İlaçlaması İçin Akıcı Konsantre)
SYNET WG (İMAL),"%57 Metiram + %4,8 Cymoxanil",WG (Suda Dağılabilen Granül)
DELAN PRO (İTHAL),375 g/l Phosphorous Acid (mono ve di-potasyum tuzları) + 125 g/L Dithianon,SC (Akıcı Konsantre/Süspansiyon Konsantre)
EFDAL SWEET GOLD 915 EC (İMAL),915 g/l S-Metolachlor + 45 g/l Benoxacor (safener),EC (Emülsiye Olabilen Konsantre)
AROZEN (İMAL),100 g/l Clopyralid,SL (Suda Çözünen Konsantre)
EFDAL SUPERHALOX (İMAL),108 g/l Haloxyfop-P-methyl ester,EC (Emülsiye Olabilen Konsantre)
KOR ESTER (İMAL),"480 g/l 2,4-D asite eşdeğer Isooctylester",EC (Emülsiye Olabilen Konsantre)
TREVISTAR 22 EC (İTHAL),"144 g/l Fluroxypyr-meptyl + 80 g/l Clopyralid + 2,5 g/l Florasulam",EC (Emülsiye Olabilen Konsantre)
AQUADEX (İMAL),250 g/l Bentazone + 125 g/l MCPA,SL (Suda Çözünen Konsantre)
REACTOR 36 CS (İTHAL),360 g/l Clomazone,CS (Kapsül Süspansiyon)
VINIFILL 24 EC (İMAL),245 g/l Myclobutanil,EC (Emülsiye Olabilen Konsantre)
PLACARD (İMAL),722 g/l Propamocarb-hydrochloride,SL (Suda Çözünen Konsantre)
PLAGAREN 36 SL (İMAL),360 g/l Hymexazole,SL (Suda Çözünen Konsantre)
RUFAST 75 EW (İTHAL),75 g/l Acrinathrin,"EW (Emülsiyon, Suda Yağ)"
KAFAS (İTHAL),"639,8 g/l Neem yağı ekstraktı",EC (Emülsiye Olabilen Konsantre)
MAXAT (İMAL),250 g/l Azoxystrobin,SC (Akıcı Konsantre/Süspansiyon Konsantre)
SUNTHİRAM 80 WP (İMAL),%80 Thiram,WP (Islanabilir Toz)
DESCARTES (İMAL),250 g/l Cypermethrin,EC (Emülsiye Olabilen Konsantre)
ERMOT (İMAL),%20 Tebufenpyrad,WP (Islanabilir Toz)
CAPSLOCK 2 F (İMAL),240 g/l Tau-fluvalinate,"EW (Emülsiyon, Suda Yağ)"
GOLDAN 50 WP (İMAL),%50 Phosmet,WP (Islanabilir Toz)
EFDAL LABUTRO (İMAL),100 g/l Buprofezin + 20 g/l Lambda-cyhalothrin,EC (Emülsiye Olabilen Konsantre)
NEYGRAN M (İMAL),250 g/l Bentazone + 125 g/l MCPA,SL (Suda Çözünen Konsantre)
PLANOMI 400 SC (İMAL),420 g/l Bispyribac Sodium,SC (Akıcı Konsantre/Süspansiyon Konsantre)
NICOLESON (İMAL),40 g/l Nicosulfuron,OD (Yağda Dağılabilen)
FULDOWN 600 SC (İMAL),600 g/l Aclonifen,SC (Akıcı Konsantre/Süspansiyon Konsantre)
LARMALIN (İMAL),"18,8 g/l 6-Benzyladenine + 18,5 g/l Gibberellin A4/A7",SL (Suda Çözünen Konsantre)
LARSON SL (İMAL),"344 g/l 2,4-D asite eşdeğer dimethyl amonyum tuzu + 120 g/l Dicamba",SL (Suda Çözünen Konsantre)
DEVAMEC 18 EC (İMAL),18 g/l Abamectin,EC (Emülsiye Olabilen Konsantre)
PENSTAR EW (İMAL),18 g/l Abamectin,"EW (Emülsiyon, Suda Yağ)"
HYPNOSE TOTAL (İMAL),"500 g/l Primiphos Methyl + 7,5 g/l Emamectin Benzoate",EC (Emülsiye Olabilen Konsantre)
MIKADO 85WG (İTHAL),"%7,08 Pyroxsulam + %1,42 Florasulam + %7,08 Cloquintocet-mexyl (safener)",WG (Suda Dağılabilen Granül)
SPONSOR EXTRA (İMAL),450 g/l Pendimethalin,CS (Kapsül Süspansiyon)
GOLDENGEL 4F (İMAL),480 g/l Oxyfluorfen,SC (Akıcı Konsantre/Süspansiyon Konsantre)
ESCORT (İMAL),%50 Dicamba + %25 Tritosulfuron,WDG (Suda Dağılabilen Granül)
WIXAMON 40 SL (İMAL),40 g/l Imazamox,SL (Suda Çözünen Konsantre)
STANBY STAR (İMAL),441 g/l Glyphosate Potasyum Tuzu,SL (Suda Çözünen Konsantre)
EFDAL TEFMOLT SUPER SC (İMAL),150 g/l Teflubenzuron,SC (Akıcı Konsantre/Süspansiyon Konsantre)
MANTRAK (İMAL),"452,42 g/l 2,4-D 2-Ethylhexyl ester + 6,25 g/l Florasulam",SE (Suspo-Emülsiyon)
CAVVONT (İMAL),100 g/l Buprofezin + 20 g/l Lambda-cyhalothrin,EC (Emülsiye Olabilen Konsantre)
DEVAPLAN 20 SP (İMAL),%20 Acetamiprid,SP (Suda Çözünen Toz)
CİNDER 400 CS (İTHAL),400 g/l Pendimethalin,CS (Kapsül Süspansiyon)
GOLFEN 4F (İMAL),480 g/l Oxyfluorfen,SC (Akıcı Konsantre/Süspansiyon Konsantre)
CALARİS PRO 376 SC (İTHAL),326 g/l Terbuthylazine + 50 g/l Mesotrione,SC (Akıcı Konsantre/Süspansiyon Konsantre)
TELSON 101 (İMAL),"451,4 g/l 2,4-D (2,4-D Dichlorophenoxy) acetic acid tri-isopropyl amin tuzu + 116,3 gl Picloram",SL (Suda Çözünen Konsantre)
EXTRALİN PRO SC 765 (İMAL),720 g/l Ethephon + 45 g/l Cyclanilide,SC (Akıcı Konsantre/Süspansiyon Konsantre)
SPOTMASTER (İMAL),720 g/l Dimethenamid-p,EC (Emülsiye Olabilen Konsantre)
ENTERER (İMAL),"22,5 g/l Foramsulfuron",SC (Akıcı Konsantre/Süspansiyon Konsantre)
NOMERISE (İMAL),420 g/l Bispyribac Sodium,SC (Akıcı Konsantre/Süspansiyon Konsantre)
CONRAD MAX (İMAL),200 g/l Azoxystrobin + 125 g/l Difenoconazole,SC (Akıcı Konsantre/Süspansiyon Konsantre)
MENTA UFO (İMAL),100 g/l Pyriproxyfen,EC (Emülsiye Olabilen Konsantre)
ORISAFEM 600 (İMAL),600 g/l Aclonifen,SC (Akıcı Konsantre/Süspansiyon Konsantre)
BİZANTİON 240 SC (İMAL),240 g/l Spiromesifen,SC (Akıcı Konsantre/Süspansiyon Konsantre)
TRUEGOLD (İMAL),50 g/l Fenpyroximate,SC (Akıcı Konsantre/Süspansiyon Konsantre)
CUTTENG (İMAL),"452,42 g/l 2,4-D 2-Ethylhexyl ester + 6,25 g/l Florasulam",SE (Suspo-Emülsiyon)
PROCLAİM OPTİ UV 05 WG (İTHAL),%5 Emamectin benzoate,WG (Suda Dağılabilen Granül)
KALSON (İMAL),40 g/l Nicosulfuron,OD (Yağda Dağılabilen)
ELİOS SC 240 (İMAL),240 g/l Spiromesifen,SC (Akıcı Konsantre/Süspansiyon Konsantre)
M-PEDE (İTHAL),500 g/l (%49) Yağ asitlerinin potasyum tuzları,SL (Suda Çözünen Konsantre)
SUNCOL 60 FS (İMAL),60 g/l Tebuconazole,FS (Tohum İlaçlaması İçin Akıcı Konsantre)
DAGROLINT (İMAL),%5 Emamectin benzoate,SG (Suda Çözünen Granül)
AKRİS (İTHAL),280 g/l Dimethenamid-p + 250 g/l Terbuthylazine,SE (Suspo-Emülsiyon)
RANEB 5 SG (İMAL),%5 Emamectin benzoate,SG (Suda Çözünen Granül)
FİRENZE SC 400 (İMAL),420 g/l Bispyribac Sodium,SC (Akıcı Konsantre/Süspansiyon Konsantre)
OLİVENZA 500 SC (İMAL),500 g/l Clofentezine,SC (Akıcı Konsantre/Süspansiyon Konsantre)
PITYO PRO (İMAL),"%30 Cymoxanil + %22,5 Famoxadone",WG (Suda Dağılabilen Granül)
EKHO PRO (İMAL),"%30 Cymoxanil + %22,5 Famoxadone",WG (Suda Dağılabilen Granül)
MICRORAM 700 (İTHAL),700 g/l Metalik bakıra eşdeğer bakır oksiklorid,SC (Akıcı Konsantre/Süspansiyon Konsantre)
AMPLİGO 150 ZC (İTHAL),100 g/l Chlorantraniliprole + 50 g/l Lambda-cyhalothrin,ZC (CS ve SC Formülasyonlarının Karışımı)
PLARON 240 SC (İMAL),240 g/l Spiromesifen,SC (Akıcı Konsantre/Süspansiyon Konsantre)
INTERVIX PLUS (İTHAL),25 g/l Imazamox,SL (Suda Çözünen Konsantre)
MİCROGARD CHALLENGER (İMAL),200 g/l Cyhalofop-butyl,EC (Emülsiye Olabilen Konsantre)
DUROCK 240 SC (İMAL),240 g/l Spiromesifen,SC (Akıcı Konsantre/Süspansiyon Konsantre)
PLANOCK (İMAL),"9,3 g/l Milbemectin",EC (Emülsiye Olabilen Konsantre)
ARTEDEX T (İMAL),480 g/l Glyphosate Isopropylamin Tuzu,SL (Suda Çözünen Konsantre)
OVERVİEW SL 840 (İMAL),530 g/l Propamocarb + 310 g/l Fosetyl,SL (Suda Çözünen Konsantre)
SUNSTEP (İMAL),40 g/l Nicosulfuron,OD (Yağda Dağılabilen)
ANHORGAP (İMAL),100 g/l Buprofezin + 20 g/l Lambda-cyhalothrin,EC (Emülsiye Olabilen Konsantre)
SUNULTRA 400 SC (İMAL),400 g/l Buprofezin,SC (Akıcı Konsantre/Süspansiyon Konsantre)
FLENTER (İMAL),480 g/l Spinosad,SC (Akıcı Konsantre/Süspansiyon Konsantre)
BUPROLED (İMAL),400 g/l Buprofezin,SC (Akıcı Konsantre/Süspansiyon Konsantre)
BESTMİLYN (İMAL),480 g/l Diflubenzuron,SC (Akıcı Konsantre/Süspansiyon Konsantre)
IMERA 18 EW (İTHAL),18 g/l Abamectin,"EW (Emülsiyon, Suda Yağ)"
DOCTRİNE (İMAL),%30 Indoxacarb,WG (Suda Dağılabilen Granül)
EFDAL ETUX (İMAL),110 g/l Etoxazole,SC (Akıcı Konsantre/Süspansiyon Konsantre)
FUNGİROL (İMAL),250 g/l Azoxystrobin,SC (Akıcı Konsantre/Süspansiyon Konsantre)
CAMEO (İMAL),240 g/l Methoxyfenozide,SC (Akıcı Konsantre/Süspansiyon Konsantre)
ULTIO (İMAL),480 g/l Ethephon + 60 g/l Cyclanilide,SC (Akıcı Konsantre/Süspansiyon Konsantre)
ALBA SUPER (İMAL),"116,2 g/l Clethodim",EC (Emülsiye Olabilen Konsantre)
MEKA SÜPER (İMAL),"116,2 g/l Clethodim",EC (Emülsiye Olabilen Konsantre)
CHENOKER (İMAL),"25,2 g/l Penoxsulam",OD (Yağda Dağılabilen)
KLEENUP STAR (İMAL),441 g/l Glyphosate Potasyum Tuzu,SL (Suda Çözünen Konsantre)
BASEGATE (İMAL),108 g/l Haloxyfop-P-methyl ester,EC (Emülsiye Olabilen Konsantre)
TALON SÜPER EW (İMAL),50 g/l Quizalofop-p-ethyl,"EW (Emülsiyon, Suda Yağ)"
POUNCE DF (İMAL),%70 Metiram,DF (Kuru Akışkan)
THIOLUX WG (İMAL),"%3 Mesosulfuron-methyl + %0,6 Iodosulfuron-methyl sodium + %9 Mefenpeyr-diethyl (safener)",WG (Suda Dağılabilen Granül)
FULLROW (İMAL),150 g/l Fluazifop-p-butyl,EC (Emülsiye Olabilen Konsantre)
AVESTAR 10 EC (İMAL),100 g/l Fenoxaprop-P-ethyl + 25 g/l Fenchlorazole-ethyl (Safener),EC (Emülsiye Olabilen Konsantre)
MAKSİYER (İMAL),45 g/l Pinoxaden + 20 g/l Cloquintocet-mexyl (safener),EC (Emülsiye Olabilen Konsantre)
SON-FİNAL (İMAL),480 g/l Ethephon + 60 g/l Cyclanilide,SC (Akıcı Konsantre/Süspansiyon Konsantre)
LOBBİ (İMAL),915 g/l S-Metolachlor + 45 g/l Benoxacor (safener),EC (Emülsiye Olabilen Konsantre)
MEGAUNT 150 SC (İTHAL),150 g/l Indoxacarb,SC (Akıcı Konsantre/Süspansiyon Konsantre)
MARJİNAL 100 EC (İMAL),100 g/l Pyriproxyfen,EC (Emülsiye Olabilen Konsantre)
CHEERIO SC 600 (İMAL),600 g/l Aclonifen,SC (Akıcı Konsantre/Süspansiyon Konsantre)
PLATİN MALATHİON (İMAL),190 g/l Malathion,EC (Emülsiye Olabilen Konsantre)
YAMATO (İTHAL),233 g/l Thiophanate-methyl + 70 g/l Tetraconazole,SE (Suspo-Emülsiyon)
ELİMİNATOR SC 240 (İMAL),240 g/l Spirodiclofen,SC (Akıcı Konsantre/Süspansiyon Konsantre)
DEPART 40 WP (İMAL),%25 Thiophanate-methyl + %15 Etridiazole,WP (Islanabilir Toz)
PASSAT 5 EC (İMAL),50 g/l Lambda-cyhalothrin,EC (Emülsiye Olabilen Konsantre)
MORPHEUS 240 SC (İMAL),240 g/l Spirodiclofen,SC (Akıcı Konsantre/Süspansiyon Konsantre)
TUNCH 150 EC (İMAL),150 g/l Indoxacarb,EC (Emülsiye Olabilen Konsantre)
GORDONN (İMAL),"451,4 g/l 2,4-D (2,4-D Dichlorophenoxy) acetic acid tri-isopropyl amin tuzu + 116,3 gl Picloram",SL (Suda Çözünen Konsantre)
PACODITY 240 SC (İMAL),240 g/l Methoxyfenozide,SC (Akıcı Konsantre/Süspansiyon Konsantre)
ASTİ 240 SC (İMAL),240 g/l Methoxyfenozide,SC (Akıcı Konsantre/Süspansiyon Konsantre)
CAPİTO (İMAL),75 g/l Indoxacarb + 18 g/l Abamectin,OD (Yağda Dağılabilen)
ALVARO (İMAL),100 g/l Alpha-cypermethrin,EC (Emülsiye Olabilen Konsantre)
CONTİER (İMAL),240 g/l Spirodiclofen,SC (Akıcı Konsantre/Süspansiyon Konsantre)
INTERRUPT SC 240 (İTHAL),"228,6 g/l Spiromesifen + 11,4 g/l Abamectin",SC (Akıcı Konsantre/Süspansiyon Konsantre)
STORIONE EC (İMAL),400 g/l Fenamiphos,EC (Emülsiye Olabilen Konsantre)
RULER 70 WP (İMAL),%70 Metribuzin,WP (Islanabilir Toz)
PRAXİS (İMAL),18 g/l Abamectin,EC (Emülsiye Olabilen Konsantre)
COLIBAST 48 SC (İMAL),480 g/l Mesotrione,SC (Akıcı Konsantre/Süspansiyon Konsantre)
VENISON 150 SC (İMAL),150 g/l Indoxacarb,SC (Akıcı Konsantre/Süspansiyon Konsantre)
PASCHA (İMAL),%6 Metaldehyde,GB (Granül Yem)
THEMİS (İMAL),50 g/l Hexythiazox,EC (Emülsiye Olabilen Konsantre)
EFDAL ULTRAMİX (İMAL),"452,42 g/l 2,4-D 2-Ethylhexyl ester + 6,25 g/l Florasulam",SE (Suspo-Emülsiyon)
SUNSTAR 330 EC (İMAL),330 g/l Pendimethalin,EC (Emülsiye Olabilen Konsantre)
BERAUT (İMAL),310 g/l Thiophanate-methyl + 187 g/l Epoxiconazole,SC (Akıcı Konsantre/Süspansiyon Konsantre)
COREMIKS (İMAL),200 g/l Boscalid + 100 g/l Kresoxim-methyl,SC (Akıcı Konsantre/Süspansiyon Konsantre)
ACME 150 SC (İMAL),150 g/l Indoxacarb,SC (Akıcı Konsantre/Süspansiyon Konsantre)
PAYOFF SÜPER (İMAL),75 g/l Fenoxaprop-p-ethyl + 69 g/l Mefenpyr-diethyl (safener),"EW (Emülsiyon, Suda Yağ)"
MOONSON (İMAL),40 g/l Nicosulfuron,SC (Akıcı Konsantre/Süspansiyon Konsantre)
THIRPAN (İMAL),"452,42 g/l 2,4-D 2-Ethylhexyl ester + 6,25 g/l Florasulam",SE (Suspo-Emülsiyon)
TORRENT (İMAL),"%39,75 Metalik bakıra eşdeğer bakır oksiklorid + %4,2 Cymoxanil",WG (Suda Dağılabilen Granül)
QUALY 300 EC (İTHAL),300 g/l Cyprodinil,EC (Emülsiye Olabilen Konsantre)
SULFLOW 800 SC (İMAL),800 g/l Kükürt,SC (Akıcı Konsantre/Süspansiyon Konsantre)
ARREZO (İMAL),150 g/l Indoxacarb methyl,SC (Akıcı Konsantre/Süspansiyon Konsantre)
İNVESTO 100 SC (İMAL),100 g/l Spirotetramat,SC (Akıcı Konsantre/Süspansiyon Konsantre)
BUSTOP 200 SL (İMAL),200 g/l Diquat dibromide,SL (Suda Çözünen Konsantre)
SUMİSUN 50 EC (İMAL),500 g/l Pyridalyl,EC (Emülsiye Olabilen Konsantre)
HELİMADEX EXTRA (İMAL),%6 Metaldehyde,GB (Granül Yem)
SUPRAGİL 50 EC (İMAL),500 g/l Pyridalyl,EC (Emülsiye Olabilen Konsantre)
MİLESTONE EC (İMAL),"9,3 g/l Milbemectin",EC (Emülsiye Olabilen Konsantre)
EMBRELİA 140 SC (İTHAL),100 g/l Isopyrazam + 40 g/l Difenoconazole,SC (Akıcı Konsantre/Süspansiyon Konsantre)
RADIANT™ 120 SC (İTHAL),120 g/l Spinetoram,SC (Akıcı Konsantre/Süspansiyon Konsantre)
AXXESS® (İMAL),450 g/l Prochloraz,EC (Emülsiye Olabilen Konsantre)
METHOD EC (İMAL),"9,3 g/l Milbemectin",EC (Emülsiye Olabilen Konsantre)
KORMETOX 240 SC (İMAL),240 g/l Methoxyfenozide,SC (Akıcı Konsantre/Süspansiyon Konsantre)
LAMDAJET (İTHAL),50 g/l Lambda-cyhalothrin,EC (Emülsiye Olabilen Konsantre)
MORENO (İMAL),%20 Tebufenpyrad,WP (Islanabilir Toz)
ETOKORT 050 EW (İMAL),50 g/l Etofenprox,"EW (Emülsiyon, Suda Yağ)"
MALVİN XL 035 FS (İMAL),25 g/l Fludioxonil + 10 g/l Metalaxyl,SC (Akıcı Konsantre/Süspansiyon Konsantre)
CİLİA® (İMAL),250 g/l Azoxystrobin,SC (Akıcı Konsantre/Süspansiyon Konsantre)
AGROZATE 15 EC (İMAL),150 g/l Fosthiazate,EC (Emülsiye Olabilen Konsantre)
EFDAL AKİT (İMAL),"22,5 g/l Foramsulfuron",SC (Akıcı Konsantre/Süspansiyon Konsantre)
FASHİON 900 EC (İMAL),900 g/l Fosthiazate,EC (Emülsiye Olabilen Konsantre)
TOXON 700 (İMAL),700 g/l Metalik bakıra eşdeğer bakır oksiklorid,SC (Akıcı Konsantre/Süspansiyon Konsantre)
AGROS (İMAL),%50 Dicamba + %25 Tritosulfuron,WG (Suda Dağılabilen Granül)
BUTEX MC (İMAL),300 g/l Bromoxynil + 300 g/l MCPA,EC (Emülsiye Olabilen Konsantre)
ROUT (İMAL),%50 Dicamba + %25 Tritosulfuron,WG (Suda Dağılabilen Granül)
ALLY 80 WP (İMAL),%80 Fosetyl-Al,WP (Islanabilir Toz)
EFDAL BİRGARD (İMAL),%50 Pirimicarb,WP (Islanabilir Toz)
JAMMER (İMAL),%50 Cyprodinil,WG (Suda Dağılabilen Granül)
RAX ULTRA (İMAL),310 g/l Thiophanate-methyl + 187 g/l Epoxiconazole,SC (Akıcı Konsantre/Süspansiyon Konsantre)
YONA (İMAL),480 g/l Bentazone,SL (Suda Çözünen Konsantre)
SUPERFE 3 G (İMAL),%6 Metalik Demir,SG (Suda Çözünen Granül)
AUDİT ULTRA (İMAL),310 g/l Thiophanate-methyl + 187 g/l Epoxiconazole,SC (Akıcı Konsantre/Süspansiyon Konsantre)
EKHON 50 WG (İMAL),%50 Cyprodinil,WG (Suda Dağılabilen Granül)
HEYKEL 200 SC (İMAL),200 g/l Fenazaquin,SC (Akıcı Konsantre/Süspansiyon Konsantre)
KORCAMBA 480 SL (İMAL),480 g/l Dicamba,SL (Suda Çözünen Konsantre)
BANDO 5 EC (İMAL),50 g/l Hexythiazox,EC (Emülsiye Olabilen Konsantre)
ONKOS (İMAL),50 g/l Etofenprox,EC (Emülsiye Olabilen Konsantre)
EFDAL BAKSÜL (İMAL),%20 Metalik bakıra eşdeğer bordo bulamacı,WP (Islanabilir Toz)
ISOS 50 WG (İMAL),%50 Cyprodinil,WG (Suda Dağılabilen Granül)
BILLOUD (İMAL),400 g/l Buprofezin,SC (Akıcı Konsantre/Süspansiyon Konsantre)
KORZAMOX 120 SL (İMAL),120 g/l Imazamox,SL (Suda Çözünen Konsantre)
IRENE 400 SC (İMAL),420 g/l Bispyribac Sodium,SC (Akıcı Konsantre/Süspansiyon Konsantre)
VEFAMBA 480 SL (İMAL),480 g/l Dicamba,SL (Suda Çözünen Konsantre)
BORMUS 10 SC (İMAL),110 g/l Etoxazole,SC (Akıcı Konsantre/Süspansiyon Konsantre)
TARAS SC 240 (İMAL),240 g/l Spirodiclofen,SC (Akıcı Konsantre/Süspansiyon Konsantre)
FALCON SC 240 (İMAL),240 g/l Spirodiclofen,SC (Akıcı Konsantre/Süspansiyon Konsantre)
GATE 50 WG (İMAL),%50 Trifloxystrobin,WG (Suda Dağılabilen Granül)
BANKO SP (İMAL),"%3,1 Gibberellic Acid",SP (Suda Çözünen Toz)
DALLY SÜPER 464 SL (İMAL),"344 g/l 2,4-D asite eşdeğer dimethyl amonyum tuzu + 120 g/l Dicamba",SL (Suda Çözünen Konsantre)
ATRASAF SÜPER WG (İMAL),"%6,75 Propoxycarbazone Sodium + %4,5 Mesosulfuron-methyl + %9 Mefenpyr-diethyl (safener)",WG (Suda Dağılabilen Granül)
JAKO 50 WG (İMAL),%50 Kresoxim-methyl,WG (Suda Dağılabilen Granül)
FOKIS WG 50 (İMAL),%50 Trifloxystrobin,WG (Suda Dağılabilen Granül)
ROUNT 5 SG (İMAL),%5 Emamectin benzoate,SG (Suda Çözünen Granül)
SERVANT WG (İMAL),%30 Indoxacarb,WG (Suda Dağılabilen Granül)
APRAUNT 400 SC (İMAL),400 g/l Buprofezin,SC (Akıcı Konsantre/Süspansiyon Konsantre)
BEKCHI 5 SG (İMAL),%5 Emamectin benzoate,SG (Suda Çözünen Granül)
GOODBYE PELLET (İTHAL),%6 Metaldehyde,RB (Hazır Yem)
TEZKARP WG (İMAL),%30 Indoxacarb,WG (Suda Dağılabilen Granül)
SUPERNOSAD 240 SC (İMAL),240 g/l Spinosad,SC (Akıcı Konsantre/Süspansiyon Konsantre)
AKARDEX (İMAL),110 g/l Etoxazole,SC (Akıcı Konsantre/Süspansiyon Konsantre)
AGRILEX (İMAL),50 g/l Hexythiazox,EC (Emülsiye Olabilen Konsantre)
SACRED 76 WG (İMAL),%76 Ziram,WG (Suda Dağılabilen Granül)
SORİA WG (İMAL),"%26,7 Boscalid + %6,7 Pyraclostrobin",WG (Suda Dağılabilen Granül)
SCUD (İMAL),"%15 Triflumizole + %3,4 Cyflufenamid",WG (Suda Dağılabilen Granül)
CHARITY (İTHAL),40 g/l Nicosulfuron,OD (Yağda Dağılabilen)
EFDAL ZALOSUPER (İMAL),50 g/l Quizalofop-p-ethyl,EC (Emülsiye Olabilen Konsantre)
WUYA (İMAL),480 g/l Bentazone,SL (Suda Çözünen Konsantre)
FORZOL SC 500 (İMAL),500 g/l Fenhexamid,SC (Akıcı Konsantre/Süspansiyon Konsantre)
EFDAL MEBUZİN 70 WP (İTHAL),%70 Metribuzin,WP (Islanabilir Toz)
EFDAL CLOPAR 240 EC (İMAL),240 g/l Clodinafop-propargyl + 60 g/l Cloquintocet-mexyl (safener),EC (Emülsiye Olabilen Konsantre)
COPCİDE WP (İMAL),%70 Thiophanate-methyl,WP (Islanabilir Toz)
"LUMAX 537,5 SE (İTHAL)","375 g/l S-Metolachlor + 125 g/l Terbuthylazine + 37,5 g/l Mesotrione",SE (Suspo-Emülsiyon)
SCREEN 600 SC (İMAL),600 g/l Aclonifen,SC (Akıcı Konsantre/Süspansiyon Konsantre)
FUNCTION (İMAL),"452,42 g/l 2,4-D 2-Ethylhexyl ester + 6,25 g/l Florasulam",SE (Suspo-Emülsiyon)
KNOXBORO (İMAL),250 g/l Difenoconazole,EC (Emülsiye Olabilen Konsantre)
EFFECTOR (İMAL),100 g/l Alpha-cypermethrin,EC (Emülsiye Olabilen Konsantre)
BLUEMAX BORDOLEX (İMAL),%20 Metalik bakıra eşdeğer bordo bulamacı,WP (Islanabilir Toz)
EUROGOLD (İMAL),110 g/l Etoxazole,SC (Akıcı Konsantre/Süspansiyon Konsantre)
ARTİCLE® (İMAL),200 g/l Boscalid + 100 g/l Kresoxim-methyl,SC (Akıcı Konsantre/Süspansiyon Konsantre)
PAMPLON 240 SC (İMAL),240 g/l Spiromesifen,SC (Akıcı Konsantre/Süspansiyon Konsantre)
TUNCHII 150 SC (İMAL),150 g/l Indoxacarb,SC (Akıcı Konsantre/Süspansiyon Konsantre)
BORDOTALİA (İTHAL),%20 Metalik bakıra eşdeğer bordo bulamacı,WG (Suda Dağılabilen Granül)
NİMBECİDİNE (İTHAL),"790 g/l Neem Yağı + 0,3 g/l Azadirachtin A",EC (Emülsiye Olabilen Konsantre)
BEDLİS 50 EC (İMAL),50 g/l Lufenuron,EC (Emülsiye Olabilen Konsantre)
HARVEST 25 WP (İMAL),%25 Tebuconazole,WP (Islanabilir Toz)
REWARD (İMAL),80 g/l Clodinafop-propargyl + 20 g/l Cloquintocet-mexyl (Safener),EC (Emülsiye Olabilen Konsantre)
BALAN SÜPER (İMAL),75 g/l Fenoxaprop-p-ethyl + 69 g/l Mefenpyr-diethyl (safener),"EW (Emülsiyon, Suda Yağ)"
RACER 20 CS (İTHAL),200 g/l Flurochloridone,CS (Kapsül Süspansiyon)
GOLTİX PLUS (İTHAL),350 g/l Metamitron + 150 g/l Ethofumesate,SC (Akıcı Konsantre/Süspansiyon Konsantre)
AFFİCHE WG (İMAL),"%3 Mesosulfuron-methyl + %0,6 Iodosulfuron-methyl sodium + %9 Mefenpeyr-diethyl (safener)",WG (Suda Dağılabilen Granül)
RİVET 24 EC (İTHAL),240 g/l Carfentrazone-ethyl,EC (Emülsiye Olabilen Konsantre)
TRAİLER (İMAL),%50 Trifloxystrobin,WG (Suda Dağılabilen Granül)
VALTERA (İMAL),"%37,5 Cyprodinil + %25 Fludioxonil",WG (Suda Dağılabilen Granül)
CERES (İMAL),"%30 Cymoxanil + %22,5 Famoxadone",WG (Suda Dağılabilen Granül)
JUKE 36 SL (İMAL),360 g/l Hymexazole,SL (Suda Çözünen Konsantre)
HEKTAŞ CLICK® (İMAL),%70 Dithianon,WG (Suda Dağılabilen Granül)
METTO ULTRA (İMAL),310 g/l Thiophanate-methyl + 187 g/l Epoxiconazole,SC (Akıcı Konsantre/Süspansiyon Konsantre)
TAVANNA 100 EC (İMAL),100 g/l Alpha-cypermethrin,EC (Emülsiye Olabilen Konsantre)
VERCELLİ 62.5 WG (İMAL),"%37,5 Cyprodinil + %25 Fludioxonil",WG (Suda Dağılabilen Granül)
TROOPEST 50 WG (İMAL),%50 Kresoxim-methyl,WG (Suda Dağılabilen Granül)
YAKUZA 20 WP (İMAL),%20 Tebufenpyrad,WP (Islanabilir Toz)
MELİTHORİN 900 EC (İMAL),900 g/l Fosthiazate,EC (Emülsiye Olabilen Konsantre)
SENARIO 400 EC (İMAL),400 g/l Fenamiphos,EC (Emülsiye Olabilen Konsantre)
SURVITOP 70 WP (İMAL),%70 Thiophanate-methyl,WP (Islanabilir Toz)
POLENZA (İTHAL),%5 Emamectin benzoate,SG (Suda Çözünen Granül)
MEGASIL 35 DS (İMAL),%35 Metalaxyl,DS (Kuru Tohum İlacı)
SUPERPREX 500 FW (İMAL),500 g/l Dodine,SC (Akıcı Konsantre/Süspansiyon Konsantre)
WAİTDOOR SC 500 (İMAL),500 g/l Fenhexamid,SC (Akıcı Konsantre/Süspansiyon Konsantre)
SENKRON 70 WDG (İMAL),%70 Metribuzin,WDG (Suda Dağılabilen Granül)
EFDAL CLOPAR 80 EC (İMAL),80 g/l Clodinafop-propargyl + 20 g/l Cloquintocet-mexyl (Safener),EC (Emülsiye Olabilen Konsantre)
ACS DIRON ULTRA 600 (İMAL),600 g/l Aclonifen,SC (Akıcı Konsantre/Süspansiyon Konsantre)
KAVGAZ 50 WP (İMAL),%50 Phosmet,WP (Islanabilir Toz)
ALLİSET 800 WG (İMAL),%80 Fosetyl-Al,WG (Suda Dağılabilen Granül)
KNOCKDOWN STAR (İMAL),441 g/l Glyphosate Potasyum Tuzu,SL (Suda Çözünen Konsantre)
FINNEST-M (İMAL),"357,5 g/l Metalik bakıra eşdeğer bakır oksiklorid",SC (Akıcı Konsantre/Süspansiyon Konsantre)
FLARMONI 240 SC (İMAL),240 g/l Bifenazate,SC (Akıcı Konsantre/Süspansiyon Konsantre)
CLARNET 240 SC (İMAL),240 g/l Bifenazate,SC (Akıcı Konsantre/Süspansiyon Konsantre)
ACS CHLO 80 EC (İMAL),80 g/l Clodinafop-propargyl + 20 g/l Cloquintocet-mexyl (Safener),EC (Emülsiye Olabilen Konsantre)
EFDAL ALSON (İMAL),40 g/l Nicosulfuron,OD (Yağda Dağılabilen)
ACS DOPING 240 EC (İMAL),240 g/l Clodinafop-propargyl + 60 g/l Cloquintocet-mexyl (safener),EC (Emülsiye Olabilen Konsantre)
SYDABEN 20 WP (İMAL),%20 Pyridaben,WP (Islanabilir Toz)
COMISER 50 WP (İMAL),%50 Cymoxanil,WP (Islanabilir Toz)
ZAGOR WG (İMAL),%30 Indoxacarb,WG (Suda Dağılabilen Granül)
DAVİLEX 24 SC (İMAL),240 g/l Spinosad,SC (Akıcı Konsantre/Süspansiyon Konsantre)
SUNFORCE 48 SL (İMAL),480 g/l Glyphosate Isopropylamin Tuzu,SL (Suda Çözünen Konsantre)
DİVAGO (İMAL),%20 Metalik bakıra eşdeğer bordo bulamacı,WP (Islanabilir Toz)
ESCAPE 20 SP (İMAL),%20 Acetamiprid,SP (Suda Çözünen Toz)
FOURWET 5 EC (İMAL),50 g/l Lufenuron,EC (Emülsiye Olabilen Konsantre)
SOFAST 62.5 WG (İMAL),"%37,5 Cyprodinil + %25 Fludioxonil",WG (Suda Dağılabilen Granül)
ABOVE 35 DF (İMAL),%35 Metalik bakıra eşdeğer bakır hidroksit,WG (Suda Dağılabilen Granül)
DEFENDER 70 WG (İMAL),%70 Dithianon,WG (Suda Dağılabilen Granül)
ETHONN (İMAL),40 g/l Nicosulfuron,OD (Yağda Dağılabilen)
FLAZON (İMAL),18 g/l Abamectin,EC (Emülsiye Olabilen Konsantre)
SYNERGİZER 62.5 WG (İMAL),"%37,5 Cyprodinil + %25 Fludioxonil",WG (Suda Dağılabilen Granül)
DAGRO DARİS (İMAL),250 g/l Azoxystrobin,SC (Akıcı Konsantre/Süspansiyon Konsantre)
INTRACURE (İMAL),100 g/l Pyriproxyfen,EC (Emülsiye Olabilen Konsantre)
EFDAL ZAFFAR 600 (İMAL),600 g/l Aclonifen,SC (Akıcı Konsantre/Süspansiyon Konsantre)
PİRİSECT (İMAL),360 g/l Hymexazole,SL (Suda Çözünen Konsantre)
SORADO (İMAL),110 g/l Etoxazole,SC (Akıcı Konsantre/Süspansiyon Konsantre)
LAMPRIS (İMAL),"361,1 g/l Metalik bakıra eşdeğer bakır hidroksit",SC (Akıcı Konsantre/Süspansiyon Konsantre)
PULSUFER (İMAL),"18,8 g/l 6-Benzyladenine + 18,5 g/l Gibberellin A4/A7",SL (Suda Çözünen Konsantre)
FUENTAS (İMAL),300 g/l Pyrimethanil,SC (Akıcı Konsantre/Süspansiyon Konsantre)
PLACUR 400 EC (İMAL),400 g/l Fenamiphos,EC (Emülsiye Olabilen Konsantre)
DAGROZOOM (İMAL),110 g/l Etoxazole,SC (Akıcı Konsantre/Süspansiyon Konsantre)
ERTAR CAPTAN 50 SC (İMAL),500 g/l Captan,SC (Akıcı Konsantre/Süspansiyon Konsantre)
RİZOCLEAN (İMAL),"%26,7 Boscalid + %6,7 Pyraclostrobin",WG (Suda Dağılabilen Granül)
REWARD MAX (İMAL),240 g/l Clodinafop-propargyl + 60 g/l Cloquintocet-mexyl (safener),EC (Emülsiye Olabilen Konsantre)
SACRA (İTHAL),480 g/l Glyphosate Isopropylamin Tuzu,SL (Suda Çözünen Konsantre)
FAMOSO (İMAL),%55 Metiram + %5 Pyraclostrobin,WG (Suda Dağılabilen Granül)
ACS FOXDOR 18 EC (İMAL),18 g/l Abamectin,EC (Emülsiye Olabilen Konsantre)
TRİDEX (İTHAL),"103,6 g/l Triclopyr asite eşdeğer Triclopyr BEE + 93 g/l 2,4-D",EC (Emülsiye Olabilen Konsantre)
STARİN WG (İMAL),%30 Indoxacarb,WG (Suda Dağılabilen Granül)
PLADOX 5 EC (İMAL),50 g/l Hexythiazox,EC (Emülsiye Olabilen Konsantre)
KORFOSAT TURBO (İMAL),607 g/l Glyphosate Isopropylamin Tuzu,SL (Suda Çözünen Konsantre)
CUPRE 700 (İMAL),700 g/l Metalik bakıra eşdeğer bakır oksiklorid,SC (Akıcı Konsantre/Süspansiyon Konsantre)
ROOTGUARD 600 (İMAL),600 g/l Phosphorous Acid (mono ve di-potasyum tuzları),SL (Suda Çözünen Konsantre)
FOSFOGARD 400 (İMAL),400 g/l Phosphorous Acid (mono ve di-potasyum tuzları),SL (Suda Çözünen Konsantre)
ACS HALOXAND (İMAL),108 g/l Haloxyfop-R-methyl ester,EC (Emülsiye Olabilen Konsantre)
CYCLAFON (İMAL),%35 Metalik bakıra eşdeğer bakır hidroksit,DF (Kuru Akışkan)
ACS Q-SUPER 5 EC (İMAL),50 g/l Quizalofop-p-ethyl,EC (Emülsiye Olabilen Konsantre)
BESTUGAN (İMAL),240 g/l Spiromesifen,SC (Akıcı Konsantre/Süspansiyon Konsantre)
GREMLİN (İMAL),150 g/l Indoxacarb,OD (Yağda Dağılabilen)
LİBERATOR 10 EC (İMAL),100 g/l Pyriproxyfen,EC (Emülsiye Olabilen Konsantre)
POSTAMİN 500 SL (İMAL),"500 g/l 2,4-D asite eşdeğer dimethyl amin tuzu",SL (Suda Çözünen Konsantre)
ATREUS® (İMAL),310 g/l Pyrimethanil + 95 g/l Trifloxystrobin,SC (Akıcı Konsantre/Süspansiyon Konsantre)
NERGOFEX (İMAL),10 g/l Forchlorfenuron,SL (Suda Çözünen Konsantre)
İMBATT (İMAL),125 g/l Flutriafol,SC (Akıcı Konsantre/Süspansiyon Konsantre)
SORTI SUPER (İMAL),50 g/l Quizalofop-p-ethyl,EC (Emülsiye Olabilen Konsantre)
SPRET 50 WP (İMAL),%50 Phosmet,WP (Islanabilir Toz)
DOMIN 400 SC (İMAL),420 g/l Bispyribac Sodium,SC (Akıcı Konsantre/Süspansiyon Konsantre)
HAMMER 10 WP (İMAL),%10 Chlorsulfuron,WP (Islanabilir Toz)
CHANGER (İMAL),%50 Boscalid,WG (Suda Dağılabilen Granül)
LARRES (İMAL),480 g/l Spinosad,SC (Akıcı Konsantre/Süspansiyon Konsantre)
"ACS DELDA 2,5 EC (İMAL)",25 g/l Deltamethrin,EC (Emülsiye Olabilen Konsantre)
ECO2FUME (İTHAL),%2 Fosfin Gazı,GA (Gaz)
HERALD SÜPER (İMAL),108 g/l Haloxyfop-P-methyl ester,EC (Emülsiye Olabilen Konsantre)
STICKER (İMAL),200 g/l Cyhalofop-butyl,EC (Emülsiye Olabilen Konsantre)
POSTESTER 48 EC (İMAL),"480 g/l 2,4-D asite eşdeğer Isooctylester",EC (Emülsiye Olabilen Konsantre)
SUPER KOLENT (İMAL),108 g/l Haloxyfop-P-methyl ester,EC (Emülsiye Olabilen Konsantre)
DUPE'S (İMAL),930 g/l S-Metolachlor + 31 g/l Benoxacor (safener),EC (Emülsiye Olabilen Konsantre)
SUUM 10 SC (İMAL),110 g/l Etoxazole,SC (Akıcı Konsantre/Süspansiyon Konsantre)
PANTOZEN M 60 (İMAL),400 g/l Bentazone + 60 g/l MCPA,SL (Suda Çözünen Konsantre)
PEAK 500 SC (İMAL),500 g/l Clofentezine,SC (Akıcı Konsantre/Süspansiyon Konsantre)
MENTA METAFOR 70 WP (İMAL),%70 Thiophanate-methyl,WP (Islanabilir Toz)
KOFFEX (İMAL),240 g/l Spiromesifen,SC (Akıcı Konsantre/Süspansiyon Konsantre)
LISTOMED (İMAL),240 g/l Spirodiclofen,SC (Akıcı Konsantre/Süspansiyon Konsantre)
BALCONY 45 EC (İMAL),450 g/l Prochloraz,EC (Emülsiye Olabilen Konsantre)
BENİDOR M SC 240 (İMAL),240 g/l Spirodiclofen,SC (Akıcı Konsantre/Süspansiyon Konsantre)
OZACC (İMAL),250 g/l Azoxystrobin,SC (Akıcı Konsantre/Süspansiyon Konsantre)
TOP-UP 100 EC (İMAL),100 g/l Penconazole,EC (Emülsiye Olabilen Konsantre)
AWACANT (İMAL),150 g/l Indoxacarb,SC (Akıcı Konsantre/Süspansiyon Konsantre)
ACS PASHA 25 EC (İMAL),250 g/l Cypermethrin,EC (Emülsiye Olabilen Konsantre)
CYD-X (İTHAL),3x10 üzeri 13 Cydia pomonella granülovirüs,SC (Akıcı Konsantre/Süspansiyon Konsantre)
IROMEN (İMAL),193 g/l Metalik bakıra eşdeğer bazik bakır sülfat,SC (Akıcı Konsantre/Süspansiyon Konsantre)
CAMBADOS (İMAL),40 g/l Nicosulfuron,SC (Akıcı Konsantre/Süspansiyon Konsantre)
PATCH (İMAL),125 g/l Flutriafol,SC (Akıcı Konsantre/Süspansiyon Konsantre)
SMARTFRESH PROTABS (İTHAL),%2 1-Methylcyclopropene,VP (Gaz Neşreden İlaç)
DONAFEX (İMAL),10 g/l Forchlorfenuron,SL (Suda Çözünen Konsantre)
EFSANE 70 WP (İMAL),%70 Metribuzin,WP (Islanabilir Toz)
NEMATOZATE 15 EC (İMAL),150 g/l Fosthiazate,EC (Emülsiye Olabilen Konsantre)
SÜPER ARTIRAN (İMAL),9 g/l Sodium p-nitrophenolate + 6 g/l Sodium o-nitrophenolate + 3 g/l Sodium 5-nitroguaiacolate,SL (Suda Çözünen Konsantre)
KNOCKDOWN MAX (İMAL),"%74,8 Glyphosate Ammonium Tuzu",SG (Suda Çözünen Granül)
NOVAPAK (İTHAL),%5 Metaldehyde,GB (Granül Yem)
PHOMİDAN 480 SC (İMAL),480 g/l Spinosad,SC (Akıcı Konsantre/Süspansiyon Konsantre)
MERMAİD PRO (İMAL),"%30 Cymoxanil + %22,5 Famoxadone",WG (Suda Dağılabilen Granül)
GURADOR (İMAL),%50 Trifloxystrobin,WG (Suda Dağılabilen Granül)
ROTUNDIS (İMAL),250 g/l Azoxystrobin,SC (Akıcı Konsantre/Süspansiyon Konsantre)
ANEMON 10 SC (İMAL),100 g/l Pyriproxyfen,SC (Akıcı Konsantre/Süspansiyon Konsantre)
SOILGARD 12 G® (İTHAL),%12 Gliocladium virens strain GL21 içerir 1x10 üzeri 6 CfU/g,WG (Suda Dağılabilen Granül)
HEIL-AMIN (İMAL),"%5,5 Metalik Bakıra eşdeğer Bakır Sülfat",SL (Suda Çözünen Konsantre)
PINTRO 050 EC (İMAL),50 g/l Lufenuron,EC (Emülsiye Olabilen Konsantre)
LİVERON ALFA SC (İMAL),120 g/l Teflubenzuron + 40 g/l Alpha-cypermethrin,SC (Akıcı Konsantre/Süspansiyon Konsantre)
MOSECAN (İMAL),50 g/l Fenpyroximate,SC (Akıcı Konsantre/Süspansiyon Konsantre)
RAIDER SC 240 (İMAL),240 g/l Spirodiclofen,SC (Akıcı Konsantre/Süspansiyon Konsantre)
POLE 500 SC (İMAL),500 g/l Clofentezine,SC (Akıcı Konsantre/Süspansiyon Konsantre)
POWERSOUL FORTE (İMAL),%80 Thiram,WP (Islanabilir Toz)
DORİS (İMAL),250 g/l Azoxystrobin,SC (Akıcı Konsantre/Süspansiyon Konsantre)
FABAN (İTHAL),250 g/l Dithianon + 250 g/l Pyrimethanil,SC (Akıcı Konsantre/Süspansiyon Konsantre)
BENDİS (İMAL),250 g/l Azoxystrobin,SC (Akıcı Konsantre/Süspansiyon Konsantre)
COLONY 60 FS (İMAL),60 g/l Tebuconazole,FS (Tohum İlaçlaması İçin Akıcı Konsantre)
TRİESTE 50 EC (İMAL),500 g/l Imazalil,EC (Emülsiye Olabilen Konsantre)
TEZOBRİN (İMAL),250 g/l Azoxystrobin,SC (Akıcı Konsantre/Süspansiyon Konsantre)
DALTON 5 SG (İMAL),%5 Emamectin benzoate,SG (Suda Çözünen Granül)
TRECUR (İMAL),722 g/l Propamocarb-hydrochloride,SL (Suda Çözünen Konsantre)
HERCAI (İMAL),300 g/l Pyrimethanil,SC (Akıcı Konsantre/Süspansiyon Konsantre)
RESTORER 50 WG (İMAL),%50 Trifloxystrobin,WG (Suda Dağılabilen Granül)
ERTARDODİNE 500 SC (İMAL),500 g/l Dodine,SC (Akıcı Konsantre/Süspansiyon Konsantre)
MATABELE WG (İMAL),%50 Kresoxim-methyl,WG (Suda Dağılabilen Granül)
CASER PRO (İMAL),"%30 Cymoxanil + %22,5 Famoxadone",WG (Suda Dağılabilen Granül)
KURVETO DF (İMAL),"%39,75 Metalik bakıra eşdeğer bakır oksiklorid + %4,2 Cymoxanil",WG (Suda Dağılabilen Granül)
VERDUN (İMAL),%80 Fosetyl-Al,WG (Suda Dağılabilen Granül)
ACCLAIM (İMAL),%70 Metiram,DF (Kuru Akışkan)
MENTA FİONA (İMAL),%80 Fosetyl-Al,WP (Islanabilir Toz)
TİTAN 48 EC (İTHAL),480 g/l Clomazone,EC (Emülsiye Olabilen Konsantre)
WEEPER 48 SL (İMAL),480 g/l Glyphosate Isopropylamin Tuzu,SL (Suda Çözünen Konsantre)
İMPALA WG (İMAL),"%57 Metiram + %4,8 Cymoxanil",WG (Suda Dağılabilen Granül)
EXCLAR 500 SC (İMAL),500 g/l Clofentezine,SC (Akıcı Konsantre/Süspansiyon Konsantre)
EFDAL SULFUR 80 WG (İTHAL),%80 Kükürt,WG (Suda Dağılabilen Granül)
FOLİAX 240 SC (İMAL),240 g/l Spirodiclofen,SC (Akıcı Konsantre/Süspansiyon Konsantre)
AZİMUT 320 SC (İTHAL),200 g/l Tebuconazole + 120 g/l Azoxystrobin,SC (Akıcı Konsantre/Süspansiyon Konsantre)
DANUA 50 WG (İMAL),%50 Cyprodinil,WG (Suda Dağılabilen Granül)
FENDAL 33 EC (İMAL),330 g/l Pendimethalin,EC (Emülsiye Olabilen Konsantre)
PEACE SUPER (İMAL),"116,2 g/l Clethodim",EC (Emülsiye Olabilen Konsantre)
GALLEON 24 EC (İMAL),240 g/l Oxyfluorfen,EC (Emülsiye Olabilen Konsantre)
ZUUM 10 SC (İMAL),110 g/l Etoxazole,SC (Akıcı Konsantre/Süspansiyon Konsantre)
HUESCA ULTRA (İMAL),40 g/l Imazamox,SL (Suda Çözünen Konsantre)
THEORY® (İMAL),150 g/l Cyprodinil + 100 g/l Fludioxonil,SC (Akıcı Konsantre/Süspansiyon Konsantre)
İNVERT (İTHAL),18 g/l Abamectin,EC (Emülsiye Olabilen Konsantre)
KORFENDOR 500 SC (İMAL),500 g/l Fenhexamid,SC (Akıcı Konsantre/Süspansiyon Konsantre)
CEBİR® (İMAL),"12,5 g/l Fludioxonil + 5 g/l Metalaxyl",SC (Akıcı Konsantre/Süspansiyon Konsantre)
SERVANT 150 OD (İMAL),150 g/l Indoxacarb,OD (Yağda Dağılabilen)
GETAFE SC 125 (İMAL),125 g/l Beta-cyfluthrin,SC (Akıcı Konsantre/Süspansiyon Konsantre)
BRİNDİSİ 48 SC (İMAL),480 g/l Diflubenzuron,SC (Akıcı Konsantre/Süspansiyon Konsantre)
LAZİRES (İMAL),480 g/l Spinosad,SC (Akıcı Konsantre/Süspansiyon Konsantre)
TEZKARP 150 OD (İMAL),150 g/l Indoxacarb,OD (Yağda Dağılabilen)
MELTOLAN 20 WP (İMAL),%20 Tebufenpyrad,WP (Islanabilir Toz)
CERA TRAP (İTHAL),"59,4 g/l Hidrolize Protein",AL (Seyreltilmeden Uygulanan Diğer Sıvılar)
CANSARİNE SC (İMAL),500 g/l Captan,SC (Akıcı Konsantre/Süspansiyon Konsantre)
THUNDER 48 SL (İMAL),480 g/l Glyphosate Isopropylamin Tuzu,SL (Suda Çözünen Konsantre)
SUPER LITOS (İMAL),108 g/l Haloxyfop-P-methyl ester,EC (Emülsiye Olabilen Konsantre)
GRANDSLAM PLUS (İMAL),"%37,5 Tribenuron-methyl + %37,5 Thifensulfuron-methyl",DF (Kuru Akışkan)
FUJİ 10 EW (İMAL),100 g/l Zeta-cypermethrin,--- (-)
SYL-GARD (İMAL),%50 Nicosulfuron + %25 Rimsulfuron,WG (Suda Dağılabilen Granül)
AGROFARM-HALLEY (İMAL),75 g/l Mesotrione + 30 g/l Nicosulfuron,SC (Akıcı Konsantre/Süspansiyon Konsantre)
CURENOX MICRO 50 WG (İTHAL),%50 Metalik bakıra eşdeğer bakır oksiklorid,WG (Suda Dağılabilen Granül)
SULFOPOWER 800 SC (İMAL),800 g/l Kükürt,SC (Akıcı Konsantre/Süspansiyon Konsantre)
SUNCUPRO-BORDO (İMAL),%20 Metalik bakıra eşdeğer bordo bulamacı,WP (Islanabilir Toz)
MULİGAN (İTHAL),100 g/l Pyriproxyfen,EC (Emülsiye Olabilen Konsantre)
MONETT (İMAL),"37,5 g/l Mesotrione + 15 g/l Nicosulfuron",OD (Yağda Dağılabilen)
RETENGO (İTHAL),200 g/l Pyraclostrobin,EC (Emülsiye Olabilen Konsantre)
MISSILLE 400 EW (İMAL),267 g/l Prochloraz + 133 g/l Tebuconazole,"EW (Emülsiyon, Suda Yağ)"
DOBERMAN 240 SC (İMAL),240 g/l Spiromesifen,SC (Akıcı Konsantre/Süspansiyon Konsantre)
EFDAL CAPTANIM 50 F (İMAL),500 g/l Captan,SC (Akıcı Konsantre/Süspansiyon Konsantre)
DEGESCH PLATE (İTHAL),%56 Magnesium Phosphide,PB (Tabaka Yem)
DENSKA 050 SC (İMAL),50 g/l Deltamethrin,SC (Akıcı Konsantre/Süspansiyon Konsantre)
EFDAL ROKSAN-M (İMAL),250 g/l Bentazone + 125 g/l MCPA,SL (Suda Çözünen Konsantre)
LONRICE 60 DF (İMAL),%60 Bensulfuron-methyl,DF (Kuru Akışkan)
EFDAL PROKERP 50 WP (İTHAL),%50 Propyzamide,WP (Islanabilir Toz)
CROSON 480 SL (İMAL),480 g/l Ethephon,SL (Suda Çözünen Konsantre)
VAKANA (İMAL),%20 Acetamiprid,SP (Suda Çözünen Toz)
PLAMITIN 48 SC (İMAL),480 g/l Diflubenzuron,SC (Akıcı Konsantre/Süspansiyon Konsantre)
AGROFARM SEVİN (İMAL),100 g/l Zeta-cypermethrin,"EW (Emülsiyon, Suda Yağ)"
DRİFTÇE® 600 (İMAL),600 g/l Phosphorous Acid (mono ve di-potasyum tuzları),SL (Suda Çözünen Konsantre)
COLONY 250 EC (İMAL),250 g/l Tebuconazole,EC (Emülsiye Olabilen Konsantre)
ANACONDA 600 (İMAL),600 g/l Aclonifen,SC (Akıcı Konsantre/Süspansiyon Konsantre)
TUXIDO 24 EC (İMAL),240 g/l Clodinafop-propargyl + 60 g/l Cloquintocet-mexyl (safener),EC (Emülsiye Olabilen Konsantre)
OTASON 40 OD (İMAL),40 g/l Nicosulfuron,OD (Yağda Dağılabilen)
BEAMONT (İMAL),50 g/l Lufenuron,EC (Emülsiye Olabilen Konsantre)
OZONEEM 1 % EC (İTHAL),10 g/l Azadirachtin A,EC (Emülsiye Olabilen Konsantre)
BORDOPRO SC (İMAL),124 g/l Metalik bakıra eşdeğer bordo bulamacı,SC (Akıcı Konsantre/Süspansiyon Konsantre)
KORDİCLOFEN 600 (İMAL),600 g/l Aclonifen,SC (Akıcı Konsantre/Süspansiyon Konsantre)
KORZAMOX ULTRA (İMAL),40 g/l Imazamox,SL (Suda Çözünen Konsantre)
KORCAMBA 420 SL (İMAL),340 g/l MCPA + 80 g/l Dicamba,SL (Suda Çözünen Konsantre)
KORTAGRAN WP (İMAL),%45 Pyridate,WP (Islanabilir Toz)
SMACH (İMAL),240 g/l Spirodiclofen,SC (Akıcı Konsantre/Süspansiyon Konsantre)
MIDFIELD 5 EC (İMAL),50 g/l Quizalofop-p-ethyl,EC (Emülsiye Olabilen Konsantre)
STANBY 48 SL (İMAL),480 g/l Glyphosate Isopropylamin Tuzu,SL (Suda Çözünen Konsantre)
FEINZIN (İTHAL),%70 Metribuzin,WG (Suda Dağılabilen Granül)
HURDLE SUPER (İMAL),75 g/l Fenoxaprop-p-ethyl + 30 g/l Fenchlorazole-ethyl (safener),"EW (Emülsiyon, Suda Yağ)"
STİN 80 WP (İMAL),%80 Fosetyl-Al,WP (Islanabilir Toz)
POLKA 400 EW (İMAL),267 g/l Prochloraz + 133 g/l Tebuconazole,"EW (Emülsiyon, Suda Yağ)"
NİBORTEM (İTHAL),"%1,5 Verticillium lecanii strain Bb-1 %1,5 - 1x10 üzeri 8 kob/ml min",SL (Suda Çözünen Konsantre)
NOSTALGİST BL (İTHAL),"Beauveria bassiana strain Bb-1 %1,5,1x10 üzeri 8 kob/ml min",SL (Suda Çözünen Konsantre)
SUMAGİC (İMAL),150 g/l Indoxacarb,SC (Akıcı Konsantre/Süspansiyon Konsantre)
LAMDEX 50 CS (İTHAL),50 g/l Lambda-cyhalothrin,CS (Kapsül Süspansiyon)
PİVOT 25 EC (İMAL),250 g/l Tebuconazole,EC (Emülsiye Olabilen Konsantre)
INPUT® EC 460 (İMAL),300 g/l Spiroxamine + 160 g/l Prothioconazole,EC (Emülsiye Olabilen Konsantre)
KOTOOX 10 SC (İMAL),110 g/l Etoxazole,SC (Akıcı Konsantre/Süspansiyon Konsantre)
EFDAL SUNOL 70 EO (İMAL),700 g/l Mineral Yağ,"EO (Emülsiyon, Yağda Su)"
BORDOPOWER SC (İMAL),124 g/l Metalik bakıra eşdeğer bordo bulamacı,SC (Akıcı Konsantre/Süspansiyon Konsantre)
EFDAL PROCAR 722 SL (İMAL),722 g/l Propamocarb-hydrochloride,SL (Suda Çözünen Konsantre)
HELİCOPTER-27 (İMAL),"%5,5 Metalik Bakıra eşdeğer Bakır Sülfat",SL (Suda Çözünen Konsantre)
EXO (İTHAL),"10 mg (Z,E)-7,9- Dodecadienyl acetate Dispenser",--- (-)
EFFORE 20 SP (İMAL),%20 Acetamiprid,SP (Suda Çözünen Toz)
PLAMEC 18 (İMAL),18 g/l Abamectin,EC (Emülsiye Olabilen Konsantre)
MENTAGARD (İMAL),250 g/l Difenoconazole,EC (Emülsiye Olabilen Konsantre)
MİRADOR FORTE 160 EC (İTHAL),100 g/l Tebuconazole + 60 g/l Azoxystrobin,EC (Emülsiye Olabilen Konsantre)
RENATA (İMAL),722 g/l Propamocarb-hydrochloride,SL (Suda Çözünen Konsantre)
CYPRA PLUS (İMAL),250 g/l Cypermethrin,EC (Emülsiye Olabilen Konsantre)
CANRAG SC 125 (İMAL),125 g/l Beta-cyfluthrin,SC (Akıcı Konsantre/Süspansiyon Konsantre)
PLATİN CAPTAN 50 WP (İMAL),%50 Captan,WP (Islanabilir Toz)
PLACATE 80 WP (İMAL),%80 Fosetyl-Al,WP (Islanabilir Toz)
ROXEN 25 WP (İMAL),%25 Tebuconazole,WP (Islanabilir Toz)
ACS BAKIR HİDROKSİT (İMAL),%35 Metalik bakıra eşdeğer bakır hidroksit,DF (Kuru Akışkan)
MENTA INOX (İMAL),100 g/l Penconazole,EC (Emülsiye Olabilen Konsantre)
CRICKET 100 EC (İMAL),100 g/l Alpha-cypermethrin,EC (Emülsiye Olabilen Konsantre)
REDSUNNY (İMAL),50 g/l Lambda-cyhalothrin,EC (Emülsiye Olabilen Konsantre)
DECLARE 25 EC (İMAL),25 g/l Deltamethrin,EC (Emülsiye Olabilen Konsantre)
PLAGOLD 20 EC (İMAL),200 g/l Esfenvalerate,EC (Emülsiye Olabilen Konsantre)
AGRIZATE (İMAL),400 g/l Phosphorous Acid (mono ve di-potasyum tuzları),SL (Suda Çözünen Konsantre)
KORCYCURON MİX CUP® DS 70 (İMAL),%50 Captan + %20 Pencycuron,DS (Kuru Tohum İlacı)
KORFENYRAD 20 WP (İMAL),%20 Tebufenpyrad,WP (Islanabilir Toz)
VİTPHEROLURE KP (İTHAL),"0,25 mg (2-S, 12-Z)- 2-acetoxy-12-heptadecene Dispenser",--- (-)
SMC BLAPİ (İMAL),20x25 cm ebatlarında polipropilen sarı tuzak,Sarı Yapışkan Tuzak (-)
TAKUMI (İTHAL),%20 Flubendiamide,WG (Suda Dağılabilen Granül)
AGNİCOR SC (İMAL),300 g/l Pyrimethanil,SC (Akıcı Konsantre/Süspansiyon Konsantre)
SPİDOLL DF (İMAL),"%30 Cymoxanil + %22,5 Famoxadone",WG (Suda Dağılabilen Granül)
PACGROW (İMAL),480 g/l Spinosad,SC (Akıcı Konsantre/Süspansiyon Konsantre)
KLORZON 10 EC (İMAL),100 g/l Tetraconazole,EC (Emülsiye Olabilen Konsantre)
KOROKSİM 50 WG (İMAL),%50 Kresoxim-methyl,WG (Suda Dağılabilen Granül)
MENTA LAPİS (İMAL),50 g/l Lufenuron,EC (Emülsiye Olabilen Konsantre)
LARVADEF 48 SC (İMAL),480 g/l Diflubenzuron,SC (Akıcı Konsantre/Süspansiyon Konsantre)
NOVASAT 75 WP (İMAL),%75 Cyromazine,WP (Islanabilir Toz)
LACERTA 250 SC (İMAL),250 g/l Azoxystrobin,SC (Akıcı Konsantre/Süspansiyon Konsantre)
DARKEVEN SC (İMAL),500 g/l Fenhexamid,SC (Akıcı Konsantre/Süspansiyon Konsantre)
RAPIDOX 50 WG (İMAL),%50 Trifloxystrobin,WG (Suda Dağılabilen Granül)
SAUPOLO 80 SC (İMAL),800 g/l Kükürt,SC (Akıcı Konsantre/Süspansiyon Konsantre)
HOCUS ULTRA (İMAL),100 g/l Buprofezin + 20 g/l Lambda-cyhalothrin,EC (Emülsiye Olabilen Konsantre)
DACRON WP (İTHAL),32000 IU/mg Bacillus thuringiensis var kurstaki strain SA-11,WP (Islanabilir Toz)
RAGE 70 WP (İMAL),%70 Thiophanate-methyl,WP (Islanabilir Toz)
BONAFLAN WG (İTHAL),%60 Benfluralin,WG (Suda Dağılabilen Granül)
EFDAL BARKOT 72 SL (İMAL),720 g/l Ethephon,SL (Suda Çözünen Konsantre)
EFDAL OCMOST 240 EC (İMAL),240 g/l Oxyfluorfen,EC (Emülsiye Olabilen Konsantre)
BAZUCA M (İMAL),250 g/l Bentazone + 125 g/l MCPA,SL (Suda Çözünen Konsantre)
KORANİL 50 WG (İMAL),%50 Cyprodinil,WG (Suda Dağılabilen Granül)
DELOS (İMAL),110 g/l Etoxazole,SC (Akıcı Konsantre/Süspansiyon Konsantre)
NAZATEM® 250 SC (İMAL),250 g/l Azoxystrobin,SC (Akıcı Konsantre/Süspansiyon Konsantre)
ACCOLADE EC (İTHAL),1000 g/l Dimethyl Disulfide,EC (Emülsiye Olabilen Konsantre)
METTARO (İMAL),%30 Indoxacarb,WG (Suda Dağılabilen Granül)
DERIVATE (İMAL),150 g/l Indoxacarb,SC (Akıcı Konsantre/Süspansiyon Konsantre)
KHUBALA 75 WP (İMAL),%50 Thifensulfuron-methyl + %25 Tribenuron-methyl,WP (Islanabilir Toz)
NOVAGAP 600 SC (İMAL),600 g/l Aclonifen,SC (Akıcı Konsantre/Süspansiyon Konsantre)
BELLUM (İMAL),"%26,7 Boscalid + %6,7 Pyraclostrobin",WG (Suda Dağılabilen Granül)
EMAREBENO 02 EC (İMAL),20 g/l Emamectin benzoate,EC (Emülsiye Olabilen Konsantre)
GARCIA (İMAL),%55 Metiram + %5 Pyraclostrobin,WG (Suda Dağılabilen Granül)
PAREND (İMAL),%50 Tolclofos-methyl,WP (Islanabilir Toz)
EFDAL KİMETRİN 25 EC (İMAL),250 g/l Cypermethrin,EC (Emülsiye Olabilen Konsantre)
EFDAL DIFLUMIN 48 SC (İMAL),480 g/l Diflubenzuron,SC (Akıcı Konsantre/Süspansiyon Konsantre)
BENVOL 50 WG (İMAL),%50 Kresoxim-methyl,WG (Suda Dağılabilen Granül)
GİZEY 20 WP (İMAL),%20 Tebufenpyrad,WP (Islanabilir Toz)
ADMİN 10 EC (İMAL),100 g/l Pyriproxyfen,EC (Emülsiye Olabilen Konsantre)
WİPLAMBDA 5 EC (İMAL),50 g/l Lambda-cyhalothrin,EC (Emülsiye Olabilen Konsantre)
NO-FLY 20 SP (İMAL),%20 Acetamiprid,SP (Suda Çözünen Toz)
SPODHEL SG (İMAL),%5 Emamectin benzoate,SG (Suda Çözünen Granül)
TAZOLE (İMAL),110 g/l Etoxazole,SC (Akıcı Konsantre/Süspansiyon Konsantre)
AVOCARB PRO (İMAL),"%30 Cymoxanil + %22,5 Famoxadone",WG (Suda Dağılabilen Granül)
EFDAL EXZUM 450 EC (İMAL),450 g/l Prochloraz,EC (Emülsiye Olabilen Konsantre)
KORDYMET BLUE 46 WP (İMAL),%40 Metalik bakıra eşdeğer bakır oksiklorid + %6 Dimethomorp,WP (Islanabilir Toz)
NAMGOLD SÜPER SC (İMAL),"357,5 g/l Metalik bakıra eşdeğer bakır oksiklorid",SC (Akıcı Konsantre/Süspansiyon Konsantre)
AVANTİ (İMAL),150 g/l Indoxacarb,SC (Akıcı Konsantre/Süspansiyon Konsantre)
VECTOR 50 WG (İMAL),%50 Cyprodinil,WG (Suda Dağılabilen Granül)
PLATFORM 10 EC (İMAL),100 g/l Pyriproxyfen,EC (Emülsiye Olabilen Konsantre)
AGFESİN (İMAL),"65,82 g/l Metalik bakıra eşdeğer bakır sülfat",SC (Akıcı Konsantre/Süspansiyon Konsantre)
TROWEL 050 EC (İMAL),50 g/l Lufenuron,EC (Emülsiye Olabilen Konsantre)
COPERHİD SC (İMAL),"361,1 g/l Metalik bakıra eşdeğer bakır hidroksit",SC (Akıcı Konsantre/Süspansiyon Konsantre)
REVOLVER (İMAL),%5 Emamectin benzoate,SG (Suda Çözünen Granül)
MYCORIX (İMAL),200 g/l Cyhalofop-butyl,EC (Emülsiye Olabilen Konsantre)
BLOSSOM PROTECT (İTHAL),5x10 üzeri 9 Hücreler/g Aureobasidium pullulans,WG (Suda Dağılabilen Granül)
SIGMACORE (İMAL),%50 Boscalid,WG (Suda Dağılabilen Granül)
RAK 2 PRO (İTHAL),"400 mg Kapsül + (250 mg. Z,E- 7,9 Dodecadienyl acetate + 130 mg. 12 Ac Dodecyl acetate) + Pherocon Tuzak",--- (-)
GUERRA 400 (İMAL),400 g/l Phosphorous Acid (mono ve di-potasyum tuzları),SL (Suda Çözünen Konsantre)
HUCKNEY (İMAL),480 g/l Mesotrione,SC (Akıcı Konsantre/Süspansiyon Konsantre)
RESITAL DUO (İMAL),"452,42 g/l 2,4-D 2-Ethylhexyl ester + 6,25 g/l Florasulam",SE (Suspo-Emülsiyon)
BYPASS 240 SC (İMAL),240 g/l Methoxyfenozide,SC (Akıcı Konsantre/Süspansiyon Konsantre)
EVERTON 70 DF (İMAL),%70 Metiram,DF (Kuru Akışkan)
FUNGURAN-OH 50 WP (İTHAL),%50 Metalik bakıra eşdeğer bakır hidroksit,WP (Islanabilir Toz)
RHYTHM SC (İMAL),300 g/l Pyrimethanil,SC (Akıcı Konsantre/Süspansiyon Konsantre)
DIMILIN 80 WG (İTHAL),%80 Diflubenzuron,WG (Suda Dağılabilen Granül)
TEPPEKİ (İTHAL),%50 Flonicamid,WG (Suda Dağılabilen Granül)
KANEMITE SC (İTHAL),156 g/l Acequinocyl,SC (Akıcı Konsantre/Süspansiyon Konsantre)
TOCATA TR (İTHAL),150 g/l Prochloraz + 42 g/l Epoxiconazole,DC (Disperse Olabilen Konsantre)
SELEN (İMAL),600 g/l Aclonifen,SC (Akıcı Konsantre/Süspansiyon Konsantre)
EFDAL FENDOOR SC 500 (İMAL),500 g/l Fenhexamid,SC (Akıcı Konsantre/Süspansiyon Konsantre)
TIGANEX (İMAL),300 g/l Pyrimethanil,SC (Akıcı Konsantre/Süspansiyon Konsantre)
CYRO MAX 100 FS (İMAL),100 g/l Fludioxonil,FS (Tohum İlaçlaması İçin Akıcı Konsantre)
EPTİNATE ULTRA (İMAL),310 g/l Thiophanate-methyl + 187 g/l Epoxiconazole,SC (Akıcı Konsantre/Süspansiyon Konsantre)
AFFLURON (İMAL),480 g/l Diflubenzuron,SC (Akıcı Konsantre/Süspansiyon Konsantre)
ARALİX 480 SC (İMAL),480 g/l Spinosad,SC (Akıcı Konsantre/Süspansiyon Konsantre)
SPECTRUM PLUS (İTHAL),"250 g/l Pendimethalin + 212,5 g/l Dimethenamid-p",EC (Emülsiye Olabilen Konsantre)
GRAYN (İMAL),"22,5 g/l Foramsulfuron",SC (Akıcı Konsantre/Süspansiyon Konsantre)
BANDERILLA 70 WP (İMAL),%70 Metribuzin,WP (Islanabilir Toz)
EQUITY (İMAL),"22,5 g/l Foramsulfuron",SC (Akıcı Konsantre/Süspansiyon Konsantre)
RODER 80 WP (İMAL),%80 Fosetyl-Al,WP (Islanabilir Toz)
HEROS (İMAL),250 g/l Azoxystrobin,SC (Akıcı Konsantre/Süspansiyon Konsantre)
SAPHO (İMAL),480 g/l Spinosad,SC (Akıcı Konsantre/Süspansiyon Konsantre)
CELTİC MAX 100 FS (İMAL),100 g/l Fludioxonil,FS (Tohum İlaçlaması İçin Akıcı Konsantre)
DEXTEROUS (İMAL),500 g/l Fenhexamid,SC (Akıcı Konsantre/Süspansiyon Konsantre)
AGRISAVE (İMAL),722 g/l Propamocarb-hydrochloride,SL (Suda Çözünen Konsantre)
PAROMET 50 EC (İMAL),500 g/l Imazalil,EC (Emülsiye Olabilen Konsantre)
VİSTRO 500 SC (İMAL),500 g/l Clofentezine,SC (Akıcı Konsantre/Süspansiyon Konsantre)
WINSOR (İMAL),240 g/l Methoxyfenozide,SC (Akıcı Konsantre/Süspansiyon Konsantre)
KATSUMI 24 EC (İMAL),240 g/l Clodinafop-propargyl + 60 g/l Cloquintocet-mexyl (safener),EC (Emülsiye Olabilen Konsantre)
CANSETYL 300 SC (İMAL),300 g/l Pyrimethanil,SC (Akıcı Konsantre/Süspansiyon Konsantre)
MİSKET 200 SL (İMAL),200 g/l Glufosinate-ammonium tuzu,SL (Suda Çözünen Konsantre)
SMC PİT (İMAL),140 mg Ipsenol/ Dispenser + Çok hunili tuzak,--- (-)
SMC DAKOL (İMAL),23 mg Ipsdienol + 75 mg Cis verbenol/ Disp. + İskandinav tipi Üç hunili tuzak,--- (-)
CITADEL (İTHAL),"100 g/l Cyhalofop-butyl + 13,3 g/l Penoxsulam",OD (Yağda Dağılabilen)
WALNUS SUPER (İMAL),69 g/l Fenoxaprop-p-ethyl + 33 g/l Cloquintocet-mexyl (safener),"EW (Emülsiyon, Suda Yağ)"
EFDAL BETKUL 25 EC (İMAL),25 g/l Beta-cyfluthrin,EC (Emülsiye Olabilen Konsantre)
EFDAL DAYTONNA 050 (İMAL),50 g/l Lufenuron,EC (Emülsiye Olabilen Konsantre)
DICOTEX (İTHAL),"70 g/l 2,4-D + 70 g/l MCPA + 42 g/l MCPP-P + 20 g/l Dicamba",SL (Suda Çözünen Konsantre)
PUZZLE 20 WP (İMAL),%20 Pyridaben,WP (Islanabilir Toz)
SPARTA 25 WP (İMAL),%25 Tebuconazole,WP (Islanabilir Toz)
FEDORA (İMAL),200 g/l Cyhalofop-butyl,EC (Emülsiye Olabilen Konsantre)
KARATHANE GOLD (İTHAL),350 g/l Meptyldinocap,EC (Emülsiye Olabilen Konsantre)
EFDAL HALO (İMAL),200 g/l Cyhalofop-butyl,EC (Emülsiye Olabilen Konsantre)
QUARTETTE® 70 WP (İMAL),%70 Thiophanate-methyl,WP (Islanabilir Toz)
FİESTA (İMAL),480 g/l Spinosad,SC (Akıcı Konsantre/Süspansiyon Konsantre)
LASTCALL (İMAL),480 g/l Spinosad,SC (Akıcı Konsantre/Süspansiyon Konsantre)
SMC EBUO (İTHAL),"0,76 mg E3-Z8-Z11 Tetradecetrienyl acetate (%95) + 0,04 mg E3-Z8 Tetradecaenyl acetate (%5)",--- (-)
EFDAL PYROSS (İMAL),300 g/l Pyrimethanil,SC (Akıcı Konsantre/Süspansiyon Konsantre)
EFDAL AZBİN SC (İMAL),250 g/l Azoxystrobin,SC (Akıcı Konsantre/Süspansiyon Konsantre)
TERVIGO 20 SC (İTHAL),20 g/l Abamectin,SC (Akıcı Konsantre/Süspansiyon Konsantre)
JASOP (İMAL),"65,82 g/l Metalik bakıra eşdeğer bakır sülfat",SC (Akıcı Konsantre/Süspansiyon Konsantre)
PLINTO® WG (İTHAL),%40 Metalik bakıra eşdeğer bakır hidroksit,WG (Suda Dağılabilen Granül)
CLERY 080 EC (İMAL),80 g/l Clodinafop-propargyl + 20 g/l Cloquintocet-mexyl (Safener),EC (Emülsiye Olabilen Konsantre)
ZOOMER (İTHAL),360 g/l Glyphosate asite eşdeğer Glyphosate Isopropylamin Tuzu + 30 g/l Oxyfluorfen,SC (Akıcı Konsantre/Süspansiyon Konsantre)
EFDAL TEBUSAI 20 WP (İMAL),%20 Tebufenpyrad,WP (Islanabilir Toz)
KAPAR DG (İMAL),"0,5 mg (%95 E-Z-Z,3-8-11 Tetradecatrienyl acetate + %5 E-Z,3-8 Tetradecadienyl acetate)/Dispenser",--- (-)
KAPAR IPSTYP (İMAL),1500 mg metil butenol + 100 mg Cis-verbanol + 8 mg Ipsdienol dispenser,--- (-)
TAYRANG (İMAL),"452,42 g/l 2,4-D 2-Ethylhexyl ester + 6,25 g/l Florasulam",SE (Suspo-Emülsiyon)
EXILIS (İTHAL),20 g/l 6-Benzyladenine,SL (Suda Çözünen Konsantre)
HEADLİNE SC (İMAL),250 g/l Azoxystrobin,SC (Akıcı Konsantre/Süspansiyon Konsantre)
BİFAC PRO (İMAL),"%30 Cymoxanil + %22,5 Famoxadone",WG (Suda Dağılabilen Granül)
BAROX (İTHAL),"480 g/l Bentazone + 22,4 g/l Imazamox",SL (Suda Çözünen Konsantre)
ORVEGO (İTHAL),300 g/l Ametoctradin + 225 g/l Dimethomorph,SC (Akıcı Konsantre/Süspansiyon Konsantre)
RETENGO PLUS (İTHAL),133 g/l Pyraclostrobin + 50 g/l Epoxiconazole,SE (Suspo-Emülsiyon)
DRİFTÇE 400 (İMAL),400 g/l Phosphorous Acid (mono ve di-potasyum tuzları),SL (Suda Çözünen Konsantre)
DEXEDRINE (İMAL),25 g/l Deltamethrin,EC (Emülsiye Olabilen Konsantre)
CLINCHER DUO (İTHAL),200 g/l Cyhalofop-butyl,EC (Emülsiye Olabilen Konsantre)
CASPERTIN (İMAL),%50 Cymoxanil,WP (Islanabilir Toz)
EMPOWER (İMAL),75 g/l Mesotrione + 30 g/l Nicosulfuron,SC (Akıcı Konsantre/Süspansiyon Konsantre)
ALMARİNEİ® PLUS (İMAL),10 g/l Gibberellin A4/A7,SL (Suda Çözünen Konsantre)
ALMERİNEİ (İMAL),"18,8 g/l 6-Benzyladenine + 18,5 g/l Gibberellin A4/A7",SL (Suda Çözünen Konsantre)
KIRES ULTRA (İMAL),40 g/l Imazamox,SL (Suda Çözünen Konsantre)
YONA M (İMAL),250 g/l Bentazone + 125 g/l MCPA,SL (Suda Çözünen Konsantre)
ALOPEC EC (İMAL),18 g/l Abamectin,EC (Emülsiye Olabilen Konsantre)
POSEİDON 80 WP (İMAL),%80 Fosetyl-Al,WP (Islanabilir Toz)
PODRİCE BM (İMAL),250 g/l Bentazone + 125 g/l MCPA,SL (Suda Çözünen Konsantre)
LYBEER (İMAL),500 g/l Clofentezine,SC (Akıcı Konsantre/Süspansiyon Konsantre)
AGROSOL 80 WG (İTHAL),%80 Kükürt,WG (Suda Dağılabilen Granül)
NOVAMİTE (İMAL),110 g/l Etoxazole,SC (Akıcı Konsantre/Süspansiyon Konsantre)
EFDAL TRIBENSTAR 75 DF (İTHAL),%75 Tribenuron-methyl,DF (Kuru Akışkan)
EPOSTAR 480 SL (İMAL),480 g/l Glyphosate Isopropylamin Tuzu,SL (Suda Çözünen Konsantre)
BAZUCA 48 SL (İMAL),480 g/l Bentazone,SL (Suda Çözünen Konsantre)
CONRAD SC (İMAL),250 g/l Azoxystrobin,SC (Akıcı Konsantre/Süspansiyon Konsantre)
HECKATE (İMAL),600 g/l Aclonifen,SC (Akıcı Konsantre/Süspansiyon Konsantre)
PRİMEXTRA OPTİ 500 SC (İTHAL),"312,5 g/l S-Metolachlor + 187,5 g/l Terbuthylazine",SC (Akıcı Konsantre/Süspansiyon Konsantre)
SMC CECA (İMAL),95 mg Ipsdienol/ Disp.+ Çok Hunili Kabuk Böceği Tuzağı,--- (-)
TYPIC® (İTHAL),%80 Kükürt,WG (Suda Dağılabilen Granül)
FENTHOXAN (İMAL),480 g/l Bentazone,SL (Suda Çözünen Konsantre)
CALARIS 400 SC (İTHAL),330 g/l Terbuthylazine + 70 g/l Mesotrione,SC (Akıcı Konsantre/Süspansiyon Konsantre)
RALLY ULTRA FS 120 (İMAL),120 g/l Tebuconazole,FS (Tohum İlaçlaması İçin Akıcı Konsantre)
TOP-COPP 5 E (İMAL),"51,4 g/l Metalik Bakıra eşdeğer Yağ ve Rosin Asitlerinin Bakır Tuzları",EC (Emülsiye Olabilen Konsantre)
STENO (İMAL),%50 Nicosulfuron + %25 Rimsulfuron,WG (Suda Dağılabilen Granül)
ANTALİA 250 EC (İMAL),250 g/l Difenoconazole,EC (Emülsiye Olabilen Konsantre)
GRANLAND PLUS (İMAL),"%37,5 Tribenuron-methyl + %37,5 Thifensulfuron-methyl",DF (Kuru Akışkan)
CAİRA (İMAL),250 g/l Azoxystrobin,SC (Akıcı Konsantre/Süspansiyon Konsantre)
BIO NEMATON (İTHAL),1* 10 8 kob/ml (%1.5) Paecilomyces lilacinus,SL (Suda Çözünen Konsantre)
CAPSELON 50 WP (İMAL),%50 Cymoxanil,WP (Islanabilir Toz)
ELEGANS 50 WP (İMAL),%50 Tolclofos-methyl,WP (Islanabilir Toz)
PRIORITY (İTHAL),1* 10 8 kob/ml (%1.5) Paecilomyces fumosoroseus,SL (Suda Çözünen Konsantre)
CROSHE (İMAL),%20 Tebufenpyrad,WP (Islanabilir Toz)
ACROPOL - PLUS CC (İMAL),%40 Metalik bakıra eşdeğer bakır oksiklorid + %6 Dimethomorp,WG (Suda Dağılabilen Granül)
ELACURE (İMAL),225 g/l Bromoxynil,EC (Emülsiye Olabilen Konsantre)
VELONTA ® TR (İTHAL),%10 Prohexadione Calcium,WG (Suda Dağılabilen Granül)
TAXUS (İMAL),"116,2 g/l Clethodim",EC (Emülsiye Olabilen Konsantre)
ORTTRI (İTHAL),25 mg Ipsenol + 15 mg Ipsdienol + 1280 mg Sinerjist mad./Dispenser + 3 Hunili tuzak,--- (-)
LANCELOT™ SUPER (İTHAL),%30 Aminopyralid + %15 Florasulam,WG (Suda Dağılabilen Granül)
KORFOSAT STAR (İMAL),441 g/l Glyphosate Potasyum Tuzu,SL (Suda Çözünen Konsantre)
ZİREX WG (İMAL),%76 Ziram,WG (Suda Dağılabilen Granül)
NEMATHORIN 150 EC (İTHAL),150 g/l Fosthiazate,EC (Emülsiye Olabilen Konsantre)
HILCOP WP (İMAL),%16 Metalik bakıra eşdeğer bakır kalsiyum oksiklorid,WP (Islanabilir Toz)
PYRİCOSE ® 300 SC (İMAL),300 g/l Pyrimethanil,SC (Akıcı Konsantre/Süspansiyon Konsantre)
STRATOS (İTHAL),100 g/l Cycloxydim,EC (Emülsiye Olabilen Konsantre)
MEDZOM (İMAL),330 g/l Pendimethalin,EC (Emülsiye Olabilen Konsantre)
NART 80 WP (İMAL),%80 Lenacil,WP (Islanabilir Toz)
DİPEL DF (İTHAL),32000 CLU/mg Bacillus thuringiensis subsp kurstaki ABTS-351 ırkı,WG (Suda Dağılabilen Granül)
FLORBAC WG (İTHAL),35000 DBM/mg Bacillus thuringiensis var. aizawai strain ABTS-1857,WG (Suda Dağılabilen Granül)
TİMOREX GOLD (İTHAL),"222,5 g/l Tea tree oil",EC (Emülsiye Olabilen Konsantre)
SARPA 70 WP (İMAL),%70 Thiophanate-methyl,WP (Islanabilir Toz)
NATIVO ® WG 75 (İTHAL),%50 Tebuconazole + %25 Trifloxystrobin,WG (Suda Dağılabilen Granül)
MARDE DF (İMAL),%70 Metiram,DF (Kuru Akışkan)
KORUMA CAPTAN 500 FL® (İMAL),500 g/l Captan,FL (Akıcı Konsantre/Süspansiyon Konsantre)
FLOBORDO WG (İMAL),%20 Metalik bakıra eşdeğer bordo bulamacı,WP (Islanabilir Toz)
OWNER 550 SC (İMAL),"361,1 g/l Metalik bakıra eşdeğer bakır hidroksit",SC (Akıcı Konsantre/Süspansiyon Konsantre)
TATUN (İMAL),%75 Sulfosulfuron,WG (Suda Dağılabilen Granül)
SORİDES (İMAL),500 g/l Imazalil,EC (Emülsiye Olabilen Konsantre)
PESTİGE (İMAL),%25 Tebuconazole,WP (Islanabilir Toz)
OWNER 77 WP (İMAL),%50 Metalik bakıra eşdeğer bakır hidroksit,WP (Islanabilir Toz)
MASTERMEC EC (İMAL),18 g/l Abamectin,EC (Emülsiye Olabilen Konsantre)
BESTDODİNE 500 SC (İMAL),500 g/l Dodine,SC (Akıcı Konsantre/Süspansiyon Konsantre)
RHONTOX M FLUID (İMAL),400 g/l MCPA,SL (Suda Çözünen Konsantre)
FALGIB (İTHAL),10 g/l Gibberellin A4/A7,SL (Suda Çözünen Konsantre)
FİERO 77 WP (İMAL),%50 Metalik bakıra eşdeğer bakır hidroksit,WP (Islanabilir Toz)
TEBİCUR FS 060 (İMAL),60 g/l Tebuconazole,FS (Tohum İlaçlaması İçin Akıcı Konsantre)
ZUCRADUR 100 (İMAL),100 g/l Clopyralid,SL (Suda Çözünen Konsantre)
İNFİNİTYY (İMAL),50 g/l Etofenprox,EC (Emülsiye Olabilen Konsantre)
ERZEN 70 WP (İMAL),%70 Thiophanate-methyl,WP (Islanabilir Toz)
PENDALIN 75 WG (İMAL),%75 Halosulfuron-methyl,WG (Suda Dağılabilen Granül)
EFDAL FENOS 400 EC (İMAL),400 g/l Fenamiphos,EC (Emülsiye Olabilen Konsantre)
SUDOOR 400 SC (İMAL),400 g/l Buprofezin,SC (Akıcı Konsantre/Süspansiyon Konsantre)
MAGNESYA SC (İMAL),500 g/l Dodine,SC (Akıcı Konsantre/Süspansiyon Konsantre)
PROPACUR'N (İMAL),722 g/l Propamocarb-hydrochloride,SL (Suda Çözünen Konsantre)
KORPHANATE 70 WP (İMAL),%70 Thiophanate-methyl,WP (Islanabilir Toz)
MELİNTOS (İMAL),300 g/l Pyrimethanil,SC (Akıcı Konsantre/Süspansiyon Konsantre)
CUDDLE DF (İMAL),"%39,75 Metalik bakıra eşdeğer bakır oksiklorid + %4,2 Cymoxanil",DF (Kuru Akışkan)
ALCINE EXTRA (İMAL),450 g/l Pendimethalin,CS (Kapsül Süspansiyon)
QLURE-TUA (İTHAL),"0,5 mg. E3- Z8- Z11Tetradecatrienyl Acetate + 0,024 mg. E3-Z8 Tetradecadienyl Acetate /Dispenser + Delta Tuzak",--- (-)
REXON (İMAL),40 g/l Nicosulfuron,OD (Yağda Dağılabilen)
RESORT EXTRA (İMAL),450 g/l Pendimethalin,CS (Kapsül Süspansiyon)
MANİFESTO 24 EC (İMAL),240 g/l Oxyfluorfen,EC (Emülsiye Olabilen Konsantre)
MADBON-M 60 (İMAL),400 g/l Bentazone + 60 g/l MCPA,SL (Suda Çözünen Konsantre)
FİREWALL (İMAL),360 g/l Glyphosate asite eşdeğer Glyphosate Isopropylamin Tuzu + 30 g/l Oxyfluorfen,SC (Akıcı Konsantre/Süspansiyon Konsantre)
MAXT (İMAL),"452,42 g/l 2,4-D 2-Ethylhexyl ester + 6,25 g/l Florasulam",SE (Suspo-Emülsiyon)
PANAM EC 40 (İMAL),40 g/l Quizalofop-p-tefuryl,EC (Emülsiye Olabilen Konsantre)
FULL-TİME SÜPER (İMAL),75 g/l Fenoxaprop-p-ethyl + 30 g/l Fenchlorazole-ethyl (safener),"EW (Emülsiyon, Suda Yağ)"
MEGAMAX EXTRA CS (İMAL),50 g/l Lambda-cyhalothrin,CS (Kapsül Süspansiyon)
POTEGON 20 SP (İMAL),%20 Acetamiprid,SP (Suda Çözünen Toz)
COSSAPAM (İTHAL),500 g/l Metam Sodium,SL (Suda Çözünen Konsantre)
TRİPOWER 75 WG (İMAL),%75 Cyromazine,WG (Suda Dağılabilen Granül)
AGN-CAPTAN 500 SC (İMAL),500 g/l Captan,SC (Akıcı Konsantre/Süspansiyon Konsantre)
TATUV (İMAL),%25 Rimsulfuron,SG (Suda Çözünen Granül)
SHOOT (İMAL),480 g/l Mesotrione,SC (Akıcı Konsantre/Süspansiyon Konsantre)
SURRENDER 5 SG (İMAL),%5 Emamectin benzoate,SG (Suda Çözünen Granül)
EFDAL PEKOZOL® 100 EC (İMAL),100 g/l Penconazole,EC (Emülsiye Olabilen Konsantre)
LONTREL™ EXTRA (İTHAL),240 g/l Clopyralid + 80 g/l Picloram + 40 g/l Aminopyralid,SL (Suda Çözünen Konsantre)
POWERCOP (İMAL),"65,82 g/l Metalik bakıra eşdeğer bakır sülfat",SC (Akıcı Konsantre/Süspansiyon Konsantre)
TREND 20 EC (İMAL),200 g/l Cyhalofop-butyl,EC (Emülsiye Olabilen Konsantre)
REGALIA (İTHAL),"224,6 g/l Reynoutria spp. ekstraktı",SC (Akıcı Konsantre/Süspansiyon Konsantre)
AGRORA 600 (İMAL),600 g/l Aclonifen,SC (Akıcı Konsantre/Süspansiyon Konsantre)
AGREX (İMAL),25 g/l Sodium s-Naphthaline Acetate + 3 g/l Sodium Para Nitrophenolate + 2 g/l Sodium Ortho Nitrophenolate + 1 g/l Sodium Penta Nitroguaiacolate,SL (Suda Çözünen Konsantre)
NOMIUM (İMAL),%50 Azimsulfuron,WG (Suda Dağılabilen Granül)
AMASSIS 25 EC (İMAL),25 g/l Beta-cyfluthrin,EC (Emülsiye Olabilen Konsantre)
NOTCH SUPER (İMAL),150 g/l Teflubenzuron,SC (Akıcı Konsantre/Süspansiyon Konsantre)
SCYLLA 225 EC (İMAL),225 g/l Bromoxynil,EC (Emülsiye Olabilen Konsantre)
TULPAR 70 WG (İMAL),%70 Metamitron,WG (Suda Dağılabilen Granül)
MİLLERA MH-30 (İMAL),188 g/l Maleic Hydrazide,SL (Suda Çözünen Konsantre)
FLUBALA 25 EC (İMAL),250 g/l Flurochloridone,EC (Emülsiye Olabilen Konsantre)
SANRON (İMAL),40 g/l Nicosulfuron,OD (Yağda Dağılabilen)
POLAREX DF (İMAL),%70 Metiram,DF (Kuru Akışkan)
AGROMAZINE 75 WG (İMAL),%75 Cyromazine,WG (Suda Dağılabilen Granül)
AEKİDO CAPSÜL (İMAL),50 g/l Lambda-cyhalothrin,CS (Kapsül Süspansiyon)
SCANN 80 WP (İMAL),%80 Fosetyl-Al,WP (Islanabilir Toz)
TEKVANDO CAPSÜL (İMAL),50 g/l Lambda-cyhalothrin,CS (Kapsül Süspansiyon)
TOPSET 080 EC (İMAL),80 g/l Clodinafop-propargyl + 20 g/l Cloquintocet-mexyl (Safener),EC (Emülsiye Olabilen Konsantre)
TYPY (İMAL),%25 Rimsulfuron,SG (Suda Çözünen Granül)
VOLITAN 12 EC (İMAL),125 g/l Myclobutanil,EC (Emülsiye Olabilen Konsantre)
SAFA BORDEAUX MIX JET 20 WG (İMAL),%20 Metalik bakıra eşdeğer bordo bulamacı,WG (Suda Dağılabilen Granül)
NOVAGIBB SL (İMAL),20 g/l Gibberellic acid,SL (Suda Çözünen Konsantre)
FİNALE (İMAL),480 g/l Ethephon + 60 g/l Cyclanilide,SC (Akıcı Konsantre/Süspansiyon Konsantre)
ZOMBIE SC (İMAL),110 g/l Etoxazole,SC (Akıcı Konsantre/Süspansiyon Konsantre)
DECTATORE® 250 SC (İMAL),250 g/l Flutriafol,SC (Akıcı Konsantre/Süspansiyon Konsantre)
"DEPRIVE EC 2,5 (İMAL)",25 g/l Deltamethrin,EC (Emülsiye Olabilen Konsantre)
DISMISS 48 SC (İMAL),480 g/l Diflubenzuron,SC (Akıcı Konsantre/Süspansiyon Konsantre)
BERRLAN (İMAL),%50 Kresoxim-methyl,WG (Suda Dağılabilen Granül)
EFDAL HİMEKSOL 30 L (İMAL),360 g/l Hymexazole,SL (Suda Çözünen Konsantre)
FIERO LIQUID (İMAL),"361,1 g/l Metalik bakıra eşdeğer bakır hidroksit",SC (Akıcı Konsantre/Süspansiyon Konsantre)
ZİP-COPP 5 E (İMAL),"51,4 g/l Metalik Bakıra eşdeğer Yağ ve Rosin Asitlerinin Bakır Tuzları",EC (Emülsiye Olabilen Konsantre)
KAMBİT (İMAL),%50 Kresoxim-methyl,WG (Suda Dağılabilen Granül)
GENSİL FS 060 (İMAL),60 g/l Tebuconazole,FS (Tohum İlaçlaması İçin Akıcı Konsantre)
MACABRE 50 EC (İMAL),500 g/l Imazalil,EC (Emülsiye Olabilen Konsantre)
EFDAL FOSALİN 80 WP (İMAL),%80 Fosetyl-Al,WP (Islanabilir Toz)
POLYANNA DF (İMAL),%70 Metiram,DF (Kuru Akışkan)
KORZAMİDE 50 WP (İMAL),%50 Propyzamide,WP (Islanabilir Toz)
FHERUS (İMAL),%80 Fosetyl-Al,WP (Islanabilir Toz)
TAURICA 50 WG (İMAL),%50 Trifloxystrobin,WG (Suda Dağılabilen Granül)
KİLEX BORDEAUX WP (İMAL),%20 Metalik bakıra eşdeğer bordo bulamacı,WP (Islanabilir Toz)
AMİD 330 EC (İMAL),330 g/l Pendimethalin,EC (Emülsiye Olabilen Konsantre)
ASTRAGİL (İMAL),50 g/l Quizalofop-p-ethyl,EC (Emülsiye Olabilen Konsantre)
KORUMA FALTAN® 50 FL (İMAL),500 g/l Folpet,SC (Akıcı Konsantre/Süspansiyon Konsantre)
KORITUS (İMAL),%50 Cyprodinil,WG (Suda Dağılabilen Granül)
EFDAL DIESTER 480 EC (İMAL),"480 g/l 2,4-D asite eşdeğer Isooctylester",EC (Emülsiye Olabilen Konsantre)
AGRONOM GIBBEST 31 SP (İMAL),"%3,1 Gibberellic Acid",SP (Suda Çözünen Toz)
ANCORA 5 EC (İMAL),50 g/l Lambda-cyhalothrin,EC (Emülsiye Olabilen Konsantre)
EFDAL TEBUZOL 25 WP (İMAL),%25 Tebuconazole,WP (Islanabilir Toz)
EFDAL TEBUZOL 2 DS (İMAL),%2 Tebuconazole,DS (Kuru Tohum İlacı)
TEBUJİ® 060 FS (İMAL),60 g/l Tebuconazole,FS (Tohum İlaçlaması İçin Akıcı Konsantre)
KORPOLLO 500 SC (İMAL),500 g/l Clofentezine,SC (Akıcı Konsantre/Süspansiyon Konsantre)
EFDAL HEKZARUN 50 EC (İMAL),50 g/l Hexythiazox,EC (Emülsiye Olabilen Konsantre)
TAMIFUME 690 (İTHAL),690 g/l Metam Potassium,SL (Suda Çözünen Konsantre)
EFDAL LAMTORİN 5 EC (İMAL),50 g/l Lambda-cyhalothrin,EC (Emülsiye Olabilen Konsantre)
BLUE CUP SC (İMAL),"357,5 g/l Metalik bakıra eşdeğer bakır oksiklorid",SC (Akıcı Konsantre/Süspansiyon Konsantre)
PRAHAARI (İMAL),300 g/l Pyrimethanil,SC (Akıcı Konsantre/Süspansiyon Konsantre)
BAYTORE 40 SL (İMAL),40 g/l Imazamox,SL (Suda Çözünen Konsantre)
AGROCARB 50 WG (İMAL),%50 Pirimicarb,WP (Islanabilir Toz)
AGRİ CAPTAN 50 WP (İMAL),%50 Captan,WP (Islanabilir Toz)
FLEXİTY (İMAL),100 g/l Fluquinconazole,SC (Akıcı Konsantre/Süspansiyon Konsantre)
PENALTİN EC 40 (İMAL),40 g/l Quizalofop-p-tefuryl,EC (Emülsiye Olabilen Konsantre)
QUADRİS MAXX (İTHAL),200 g/l Azoxystrobin + 125 g/l Difenoconazole,SC (Akıcı Konsantre/Süspansiyon Konsantre)
"DECİBEL EC 2,5 (İMAL)",25 g/l Deltamethrin,EC (Emülsiye Olabilen Konsantre)
REMEDİER® (İTHAL),10 üzeri 8 cfu/g + Trichoderma aspellerum ırk ICC 012 ve Trichoderma gamsii ırk ICC 080,WP (Islanabilir Toz)
EFDAL MECTİN 18 EC (İMAL),18 g/l Abamectin,EC (Emülsiye Olabilen Konsantre)
KORMİCARB 50 WP (İMAL),%50 Pirimicarb,WP (Islanabilir Toz)
GEVEN M (İMAL),340 g/l MCPA + 80 g/l Dicamba,SL (Suda Çözünen Konsantre)
EPHTAL 48 SL (İMAL),480 g/l Ethephon,SL (Suda Çözünen Konsantre)
MAGNOLIA SUPER (İMAL),"344 g/l 2,4-D asite eşdeğer dimethyl amonyum tuzu + 120 g/l Dicamba",SL (Suda Çözünen Konsantre)
SELECRON 240 EC (İMAL),240 g/l Clethodim,EC (Emülsiye Olabilen Konsantre)
BONANZA (İMAL),%50 Azimsulfuron,WG (Suda Dağılabilen Granül)
CALLOTRİNE (İMAL),480 g/l Mesotrione,SC (Akıcı Konsantre/Süspansiyon Konsantre)
ABONE SÜPER 5 EC (İMAL),50 g/l Quizalofop-p-ethyl,EC (Emülsiye Olabilen Konsantre)
RONSHALL (İMAL),200 g/l Esfenvalerate,EC (Emülsiye Olabilen Konsantre)
EFDAL AFİTRİD 20 SP (İMAL),%20 Acetamiprid,SP (Suda Çözünen Toz)
EFDAL PİRDEN 20 WP (İMAL),%20 Pyridaben,WP (Islanabilir Toz)
SEZOX (İMAL),50 g/l Fenpyroximate,SC (Akıcı Konsantre/Süspansiyon Konsantre)
TALENT 240 EC (İMAL),240 g/l Clethodim,EC (Emülsiye Olabilen Konsantre)
WİTA- ACUMİNATUS (İTHAL),50 mg Cis- verbenol + 50 mg Ipsdienol + 50 mg Ipsenol / dispenser + 3 Hunili Tuzak,--- (-)
EXTRALİN (İMAL),480 g/l Ethephon + 60 g/l Cyclanilide,SC (Akıcı Konsantre/Süspansiyon Konsantre)
PİRİCARB 50 WG (İMAL),%50 Pirimicarb,WG (Suda Dağılabilen Granül)
ALCINE 33 EC (İMAL),330 g/l Pendimethalin,EC (Emülsiye Olabilen Konsantre)
BANKER 25 EC (İMAL),250 g/l Difenoconazole,EC (Emülsiye Olabilen Konsantre)
B-KATRİNA 50 SC (İMAL),50 g/l Deltamethrin,SC (Akıcı Konsantre/Süspansiyon Konsantre)
BLANC 50 WP (İMAL),%50 Pirimicarb,WP (Islanabilir Toz)
SUPERGUARD 100 EC (İMAL),100 g/l Alpha-cypermethrin,EC (Emülsiye Olabilen Konsantre)
KORMİC 2 F (İMAL),240 g/l Tebufenozide,SC (Akıcı Konsantre/Süspansiyon Konsantre)
ENİDOD 72 SL (İMAL),720 g/l Ethephon,SL (Suda Çözünen Konsantre)
TERSA 5 SC (İMAL),50 g/l Deltamethrin,SC (Akıcı Konsantre/Süspansiyon Konsantre)
TERSA 25 EC (İMAL),25 g/l Deltamethrin,EC (Emülsiye Olabilen Konsantre)
VOLİTAN SÜPER (İMAL),245 g/l Myclobutanil,EC (Emülsiye Olabilen Konsantre)
AGRİBAKIR 50 WP (İMAL),%50 Metalik bakıra eşdeğer bakır oksiklorid,WP (Islanabilir Toz)
AGRİ GİBB (İMAL),20 g/l Gibberellic acid,SL (Suda Çözünen Konsantre)
HOOK 50 EC (İMAL),500 g/l Imazalil,EC (Emülsiye Olabilen Konsantre)
EFDAL ESFARA 50 EC (İMAL),50 g/l Esfenvalerate,EC (Emülsiye Olabilen Konsantre)
MOSTLEND 20 SP (İMAL),%20 Acetamiprid,SP (Suda Çözünen Toz)
BACARA 40 WP (İMAL),%40 Iminoctadine tris (albesilate),WP (Islanabilir Toz)
LAVANTE 20 WP (İMAL),%20 Pyridaben,WP (Islanabilir Toz)
ERPLANT 100 EC (İMAL),100 g/l Penconazole,EC (Emülsiye Olabilen Konsantre)
HOMEROS 5 EC (İMAL),50 g/l Esfenvalerate,EC (Emülsiye Olabilen Konsantre)
AGROTAC 100 EC (İMAL),100 g/l Alpha-cypermethrin,EC (Emülsiye Olabilen Konsantre)
MEDGİBB (İMAL),20 g/l Gibberellic acid,SL (Suda Çözünen Konsantre)
BELİCO 40 WP (İMAL),%40 Iminoctadine tris (albesilate),WP (Islanabilir Toz)
EFDAL DONAZOL 250 EC (İMAL),250 g/l Difenoconazole,EC (Emülsiye Olabilen Konsantre)
THIO 80 WG (İMAL),%80 Kükürt,WG (Suda Dağılabilen Granül)
AGNOROUND (İMAL),480 g/l Glyphosate Isopropylamin Tuzu,SL (Suda Çözünen Konsantre)
AGRİCYPETHRİN 250 EC (İMAL),250 g/l Cypermethrin,EC (Emülsiye Olabilen Konsantre)
ENİDOD 48 SL (İMAL),480 g/l Ethephon,SL (Suda Çözünen Konsantre)
EPHTAL 72 SL (İMAL),720 g/l Ethephon,SL (Suda Çözünen Konsantre)
EFDAL ISOFOSAT 48 SL (İMAL),480 g/l Glyphosate Isopropylamin Tuzu,SL (Suda Çözünen Konsantre)
EFDAL BLUEGIB 20 SL (İMAL),20 g/l Gibberellic acid,SL (Suda Çözünen Konsantre)
EFDAL DELMETRİN® 25 EC (İMAL),25 g/l Deltamethrin,EC (Emülsiye Olabilen Konsantre)
PALISADE 250 EC (İTHAL),250 g/l Trinexapac-ethyl,EC (Emülsiye Olabilen Konsantre)
DECTATORE (İMAL),125 g/l Flutriafol,SC (Akıcı Konsantre/Süspansiyon Konsantre)
STOMMİN 330 E (İMAL),330 g/l Pendimethalin,EC (Emülsiye Olabilen Konsantre)
WESTGiBB 20 SL (İMAL),20 g/l Gibberellic acid,SL (Suda Çözünen Konsantre)
VEFMECTİN 1.8 EC (İMAL),18 g/l Abamectin,EC (Emülsiye Olabilen Konsantre)
EFDAL PENALİN 330 EC (İMAL),330 g/l Pendimethalin,EC (Emülsiye Olabilen Konsantre)
RITREAP % 5 EW (İTHAL),"51,3 g/l Cyflufenamid","EW (Emülsiyon, Suda Yağ)"
ACTİVİZİM 50 EC (İMAL),500 g/l Pirimiphos methyl,EC (Emülsiye Olabilen Konsantre)
HOMEROS 20 EC (İMAL),200 g/l Esfenvalerate,EC (Emülsiye Olabilen Konsantre)
GROMSTOR (İMAL),%75 Tribenuron-methyl,DF (Kuru Akışkan)
PLANVETO MAX (İTHAL),"%74,8 Glyphosate Ammonium Tuzu",SG (Suda Çözünen Granül)
POLİNOX WG (İMAL),"%57 Metiram + %4,8 Cymoxanil",WG (Suda Dağılabilen Granül)
EFDAL ALFATRİN 100 EC (İMAL),100 g/l Alpha-cypermethrin,EC (Emülsiye Olabilen Konsantre)
EFDAL DİMETRİN (İMAL),"500 g/l 2,4-D asite eşdeğer dimethyl amin tuzu",SL (Suda Çözünen Konsantre)
AVUPORT 80 WP (İMAL),%80 Lenacil,WP (Islanabilir Toz)
ACENTE 1.8 EC (İMAL),18 g/l Abamectin,EC (Emülsiye Olabilen Konsantre)
PARADISE 5 EC (İMAL),50 g/l Hexythiazox,EC (Emülsiye Olabilen Konsantre)
RESORT 33 EC (İMAL),330 g/l Pendimethalin,EC (Emülsiye Olabilen Konsantre)
ENSTAR SC 500 (İMAL),500 g/l Fenhexamid,SC (Akıcı Konsantre/Süspansiyon Konsantre)
COCKPİT 50 WP (İMAL),%50 Metalik bakıra eşdeğer bakır oksiklorid,WP (Islanabilir Toz)
KORPREX® 500 SC (İMAL),500 g/l Dodine,SC (Akıcı Konsantre/Süspansiyon Konsantre)
AGROFARM OPRON YAZLIK YAĞ (İMAL),850 g/l Mineral Yağ,EC (Emülsiye Olabilen Konsantre)
AGSHİNE 50 WG (İMAL),%50 Cyprodinil,WG (Suda Dağılabilen Granül)
AGROMARK 10 EC (İMAL),100 g/l Tetraconazole,EC (Emülsiye Olabilen Konsantre)
FLEXSTAR (İMAL),100 g/l Fluquinconazole,SC (Akıcı Konsantre/Süspansiyon Konsantre)
AGROLOUD (İMAL),400 g/l Buprofezin,SC (Akıcı Konsantre/Süspansiyon Konsantre)
GEMINI 200 SL (İMAL),200 g/l Acetamiprid,SL (Suda Çözünen Konsantre)
SHANDONG 240 EC (İMAL),240 g/l Clodinafop-propargyl + 60 g/l Cloquintocet-mexyl (safener),EC (Emülsiye Olabilen Konsantre)
SEMES 50 WP (İMAL),%50 Tolclofos-methyl,WP (Islanabilir Toz)
VOYAGE 50 WP (İMAL),%50 Cymoxanil,WP (Islanabilir Toz)
COSTAR (İMAL),50 g/l Fenpyroximate,SC (Akıcı Konsantre/Süspansiyon Konsantre)
NEWPORT 50 EC (İTHAL),50 g/l Lambda-cyhalothrin,EC (Emülsiye Olabilen Konsantre)
LİVERON SUPER (İMAL),150 g/l Teflubenzuron,SC (Akıcı Konsantre/Süspansiyon Konsantre)
FRUITGARD-70 (T) (İTHAL),140 g/l Thiabendazole + 100 g/l Imazalil,SC (Akıcı Konsantre/Süspansiyon Konsantre)
CLİMAXER 48 SC (İMAL),480 g/l Diflubenzuron,SC (Akıcı Konsantre/Süspansiyon Konsantre)
AGROFİX (İMAL),50 g/l Mepiquat Chloride,SL (Suda Çözünen Konsantre)
GRANDSLAM (İMAL),%75 Tribenuron-methyl,DF (Kuru Akışkan)
GEMINI 20 SP (İMAL),%20 Acetamiprid,SP (Suda Çözünen Toz)
SAMBA 10 SC (İMAL),110 g/l Etoxazole,SC (Akıcı Konsantre/Süspansiyon Konsantre)
ZORBA 10 SC (İMAL),110 g/l Etoxazole,SC (Akıcı Konsantre/Süspansiyon Konsantre)
TAPSO 50 WP (İMAL),%50 Tolclofos-methyl,WP (Islanabilir Toz)
FİLİNTA WG 50 (İMAL),%50 Trifloxystrobin,WG (Suda Dağılabilen Granül)
COSAVET (İTHAL),%80 Kükürt,WG (Suda Dağılabilen Granül)
TOMQUIN 200 SC (İMAL),200 g/l Fenazaquin,SC (Akıcı Konsantre/Süspansiyon Konsantre)
NEMCİD 45 EC (İMAL),450 g/l Prochloraz,EC (Emülsiye Olabilen Konsantre)
PRINTY 50 WP (İMAL),%50 Tolclofos-methyl,WP (Islanabilir Toz)
TOMBEL 200 SC (İMAL),200 g/l Fenazaquin,SC (Akıcı Konsantre/Süspansiyon Konsantre)
HARROW (İMAL),"31,15 g/l Haloxyfop-P-methyl ester",EC (Emülsiye Olabilen Konsantre)
DELEGATE 250 WG (İTHAL),%25 Spinetoram,WG (Suda Dağılabilen Granül)
AGROV-GİBB % 40 WSG (İMAL),%40 Gibberellic Acid,WG (Suda Dağılabilen Granül)
CORVETTE (İMAL),"452,42 g/l 2,4-D 2-Ethylhexyl ester + 6,25 g/l Florasulam",SE (Suspo-Emülsiyon)
THANKER 200 EC (İMAL),200 g/l Cyhalofop-butyl,EC (Emülsiye Olabilen Konsantre)
SELDONY 20 WP (İMAL),%20 Tebufenpyrad,WP (Islanabilir Toz)
HAK BORDO WP (İMAL),%20 Metalik bakıra eşdeğer bordo bulamacı,WP (Islanabilir Toz)
LUGAR (İMAL),200 g/l Cyhalofop-butyl,EC (Emülsiye Olabilen Konsantre)
NOPEST SUPER (İMAL),150 g/l Teflubenzuron,SC (Akıcı Konsantre/Süspansiyon Konsantre)
PLANVETO 48 SL (İMAL),480 g/l Glyphosate Isopropylamin Tuzu,SL (Suda Çözünen Konsantre)
FLOTROBİN WG 50 (İMAL),%50 Trifloxystrobin,WG (Suda Dağılabilen Granül)
GÖKER CAPTAN 50 WP (İMAL),%50 Captan,WP (Islanabilir Toz)
CALDOR SC 500 (İMAL),500 g/l Fenhexamid,SC (Akıcı Konsantre/Süspansiyon Konsantre)
METRO BLUE BORDOMİX (İMAL),%20 Metalik bakıra eşdeğer bordo bulamacı,WP (Islanabilir Toz)
GREEN UP (İMAL),480 g/l Glyphosate Isopropylamin Tuzu,SL (Suda Çözünen Konsantre)
NEVİGATÖR (İMAL),%75 Sulfosulfuron,WG (Suda Dağılabilen Granül)
POLYCUP BLUE (İMAL),%20 Metalik bakıra eşdeğer bordo bulamacı,WP (Islanabilir Toz)
"PREDATOR 2,5 EC (İMAL)",25 g/l Deltamethrin,EC (Emülsiye Olabilen Konsantre)
KALFO 50 EC (İMAL),500 g/l Imazalil,EC (Emülsiye Olabilen Konsantre)
RAINCALL SC (İMAL),50 g/l Fenpyroximate,SC (Akıcı Konsantre/Süspansiyon Konsantre)
KORFEZİN 400 SC (İMAL),400 g/l Buprofezin,SC (Akıcı Konsantre/Süspansiyon Konsantre)
AKARMİN 1.8 EC (İMAL),18 g/l Abamectin,EC (Emülsiye Olabilen Konsantre)
BENPELLE M 60 (İMAL),400 g/l Bentazone + 60 g/l MCPA,SL (Suda Çözünen Konsantre)
ARMAZA S GOLD (İMAL),915 g/l S-Metolachlor + 45 g/l Benoxacor (safener),EC (Emülsiye Olabilen Konsantre)
MENTHİRAM 80 WP (İMAL),%80 Thiram,WP (Islanabilir Toz)
MONCUT 40 SC (İTHAL),464 g/l Flutolanil,SC (Akıcı Konsantre/Süspansiyon Konsantre)
CARDOSSO 250 EC (İMAL),250 g/l Cypermethrin,EC (Emülsiye Olabilen Konsantre)
HAWK 25 EC (İMAL),25 g/l Beta-cyfluthrin,EC (Emülsiye Olabilen Konsantre)
KURMUZİNE 70 WP (İMAL),%70 Metribuzin,WP (Islanabilir Toz)
KURMUZİNE 70 WG (İTHAL),%70 Metribuzin,WG (Suda Dağılabilen Granül)
LONRİCE MET (İMAL),"%8,25 Bensulfuron-methyl + %1,75 Metsulfuron-methyl",WP (Islanabilir Toz)
PİTBULL SC 125 (İMAL),125 g/l Beta-cyfluthrin,SC (Akıcı Konsantre/Süspansiyon Konsantre)
KİLLON 200 EC (İMAL),200 g/l Cyhalofop-butyl,EC (Emülsiye Olabilen Konsantre)
VOLIAM TARGO 063 SC (İTHAL),45 g/l Chlorantraniliprole + 18 g/l Abamectin,SC (Akıcı Konsantre/Süspansiyon Konsantre)
SAFA NOMİNAL SC 400 (İMAL),420 g/l Bispyribac Sodium,SC (Akıcı Konsantre/Süspansiyon Konsantre)
ESTERİFA (İMAL),"480 g/l 2,4-D asite eşdeğer Isooctylester",EC (Emülsiye Olabilen Konsantre)
RİBASSO 4 OD (İMAL),40 g/l Nicosulfuron,SC (Akıcı Konsantre/Süspansiyon Konsantre)
SAFA EXTRA FİX (İMAL),50 g/l Mepiquat Chloride,SL (Suda Çözünen Konsantre)
BENPELLE M (İMAL),250 g/l Bentazone + 125 g/l MCPA,SL (Suda Çözünen Konsantre)
VEQUİZOL SUPER (İMAL),50 g/l Quizalofop-p-ethyl,EC (Emülsiye Olabilen Konsantre)
EAGLE SÜPER (İMAL),75 g/l Fenoxaprop-p-ethyl + 30 g/l Fenchlorazole-ethyl (safener),"EW (Emülsiyon, Suda Yağ)"
EPTHAL ULTRA (İMAL),480 g/l Ethephon + 60 g/l Cyclanilide,SC (Akıcı Konsantre/Süspansiyon Konsantre)
BASALİN EXTRA (İMAL),400 g/l Bentazone + 60 g/l MCPA,SL (Suda Çözünen Konsantre)
GOTHIC 100 SL (İMAL),100 g/l Clopyralid,SL (Suda Çözünen Konsantre)
POİNTER SC 125 (İMAL),125 g/l Beta-cyfluthrin,SC (Akıcı Konsantre/Süspansiyon Konsantre)
ERTARPAM 75 WP (İMAL),%75 Cyromazine,WP (Islanabilir Toz)
SAFFLAOUD (İMAL),400 g/l Buprofezin,SC (Akıcı Konsantre/Süspansiyon Konsantre)
AGROCOP HYD 2 F (İMAL),"361,1 g/l Metalik bakıra eşdeğer bakır hidroksit",SC (Akıcı Konsantre/Süspansiyon Konsantre)
AGROAMİN 500 SL (İMAL),"500 g/l 2,4-D asite eşdeğer dimethyl amin tuzu",SL (Suda Çözünen Konsantre)
KORGAREN ® 360 SL (İMAL),360 g/l Hymexazole,SL (Suda Çözünen Konsantre)
BETAGARD 25 EC (İMAL),25 g/l Beta-cyfluthrin,EC (Emülsiye Olabilen Konsantre)
UNICORN 36 SL (İMAL),360 g/l Hymexazole,SL (Suda Çözünen Konsantre)
PESOS 100 EC (İMAL),100 g/l Penconazole,EC (Emülsiye Olabilen Konsantre)
RAMOX ULTRA (İMAL),40 g/l Imazamox,SL (Suda Çözünen Konsantre)
ERTAR TONİC FORTE (İMAL),25 g/l Sodium s-Naphthaline Acetate + 3 g/l Sodium Para Nitrophenolate + 2 g/l Sodium Ortho Nitrophenolate + 1 g/l Sodium Penta Nitroguaiacolate,SL (Suda Çözünen Konsantre)
"INFINITO SC 687,5 (İTHAL)","625 g/l Propamocarb-hydrochloride + 62,5 g/l Fluopicolide",SC (Akıcı Konsantre/Süspansiyon Konsantre)
FASTER BLUE (İMAL),%40 Metalik bakıra eşdeğer bakır oksiklorid + %6 Dimethomorp,WP (Islanabilir Toz)
GOLDAMİRAL 5 EC (İMAL),50 g/l Pyriproxyfen,EC (Emülsiye Olabilen Konsantre)
DINAMO SC (İMAL),193 g/l Metalik bakıra eşdeğer bazik bakır sülfat,SC (Akıcı Konsantre/Süspansiyon Konsantre)
MAGMATİL 500 EC (İMAL),500 g/l Imazalil,EC (Emülsiye Olabilen Konsantre)
CORMITE (İMAL),18 g/l Abamectin,EC (Emülsiye Olabilen Konsantre)
VEXANİL 50 WP (İMAL),%50 Cymoxanil,WP (Islanabilir Toz)
KORZADE® 50 WP (İMAL),%50 Cymoxanil,WP (Islanabilir Toz)
OXYFENE 2E (İMAL),240 g/l Oxyfluorfen,EC (Emülsiye Olabilen Konsantre)
KİXON SC (İMAL),193 g/l Metalik bakıra eşdeğer bazik bakır sülfat,SC (Akıcı Konsantre/Süspansiyon Konsantre)
KORMİLİN 480 SC (İMAL),480 g/l Diflubenzuron,SC (Akıcı Konsantre/Süspansiyon Konsantre)
SOKRATES 25 EC (İMAL),25 g/l Beta-cyfluthrin,EC (Emülsiye Olabilen Konsantre)
CASNOX H 2 F (İMAL),"361,1 g/l Metalik bakıra eşdeğer bakır hidroksit",SC (Akıcı Konsantre/Süspansiyon Konsantre)
TRİBULL (İMAL),50 g/l Etofenprox,EC (Emülsiye Olabilen Konsantre)
COPERHID® 50 WP (İMAL),%50 Metalik bakıra eşdeğer bakır hidroksit,WP (Islanabilir Toz)
VESUPER 75 DF (İTHAL),%75 Tribenuron-methyl,WG (Suda Dağılabilen Granül)
FIRSTAMIN 500 SL (İMAL),"500 g/l 2,4-D asite eşdeğer dimethyl amin tuzu",SL (Suda Çözünen Konsantre)
GRANLAND (İMAL),%75 Tribenuron-methyl,WG (Suda Dağılabilen Granül)
MERİDYEN 45 EC (İMAL),450 g/l Prochloraz,EC (Emülsiye Olabilen Konsantre)
KOCTEL (İMAL),%35 Metalik bakıra eşdeğer bakır hidroksit,DF (Kuru Akışkan)
BAŞARAN-M (İMAL),250 g/l Bentazone + 125 g/l MCPA,SL (Suda Çözünen Konsantre)
KOROPİK 080 EC (İMAL),80 g/l Clodinafop-propargyl + 20 g/l Cloquintocet-mexyl (Safener),EC (Emülsiye Olabilen Konsantre)
DUMAY S GOLD (İMAL),915 g/l S-Metolachlor + 45 g/l Benoxacor (safener),EC (Emülsiye Olabilen Konsantre)
TALAV 20 WP (İMAL),%20 Tebufenpyrad,WP (Islanabilir Toz)
NEOLET 300 SC (İMAL),300 g/l Pyrimethanil,SC (Akıcı Konsantre/Süspansiyon Konsantre)
EGEİ WP (İMAL),%70 Thiophanate-methyl,WP (Islanabilir Toz)
REVUS 250 SC (İTHAL),250 g/l Mandipropamid,SC (Akıcı Konsantre/Süspansiyon Konsantre)
İNHİLİN 48 SC (İMAL),480 g/l Diflubenzuron,SC (Akıcı Konsantre/Süspansiyon Konsantre)
AGRONURON 050 EC (İMAL),50 g/l Lufenuron,EC (Emülsiye Olabilen Konsantre)
MARDUK 100 EC (İMAL),100 g/l Penconazole,EC (Emülsiye Olabilen Konsantre)
AGROLEX 50 WP (İMAL),%50 Tolclofos-methyl,WP (Islanabilir Toz)
TOMMI 45 EC (İMAL),450 g/l Prochloraz,EC (Emülsiye Olabilen Konsantre)
ORLET 100 SL (İMAL),100 g/l Clopyralid,SL (Suda Çözünen Konsantre)
MİLİS 30 SC (İMAL),300 g/l Pyrimethanil,SC (Akıcı Konsantre/Süspansiyon Konsantre)
ELUMİS (İTHAL),75 g/l Mesotrione + 30 g/l Nicosulfuron,OD (Yağda Dağılabilen)
KORUALPHA 200 EC (İMAL),200 g/l Esfenvalerate,EC (Emülsiye Olabilen Konsantre)
SAVEGARD 30 L (İMAL),360 g/l Hymexazole,SL (Suda Çözünen Konsantre)
TUVİAAN FORTE (İMAL),150 g/l Fluazifop-p-butyl,EC (Emülsiye Olabilen Konsantre)
HOT AMIN (İMAL),"500 g/l 2,4-D asite eşdeğer dimethyl amin tuzu",SL (Suda Çözünen Konsantre)
HEKALFA 20 EC (İMAL),200 g/l Esfenvalerate,EC (Emülsiye Olabilen Konsantre)
BENPELLE 480 SL (İMAL),480 g/l Bentazone,SL (Suda Çözünen Konsantre)
MENTA FRUİT (İMAL),"%1,18 2- (1-Naphthyl) Acetamıde (NAD) + %0,43 2- (1-Naphthyl) Acetic Acid (NAA)",WP (Islanabilir Toz)
AGROPLAN 20 SP (İMAL),%20 Acetamiprid,SP (Suda Çözünen Toz)
BLUE CUP 50 WG (İMAL),%50 Metalik bakıra eşdeğer bakır oksiklorid,WG (Suda Dağılabilen Granül)
COM-PASS 50 WG (İMAL),%50 Cyprodinil,WG (Suda Dağılabilen Granül)
MAYSAL 48 SL (İMAL),480 g/l Ethephon,SL (Suda Çözünen Konsantre)
MERLIN FLEXX SC 480 (İTHAL),240 g/l Isoxaflutole +240 g/l Cyprosulfamide (safener),SC (Akıcı Konsantre/Süspansiyon Konsantre)
FARMSON SÜPER EW (İMAL),50 g/l Quizalofop-p-ethyl,EC (Emülsiye Olabilen Konsantre)
"LONGTHRİN 2,5 EC (İMAL)",25 g/l Deltamethrin,EC (Emülsiye Olabilen Konsantre)
YATTA 48 SL (İMAL),480 g/l Ethephon,SL (Suda Çözünen Konsantre)
TAQAT WP (İMAL),%70 Thiophanate-methyl,WP (Islanabilir Toz)
KARÇA 20 WP (İMAL),%20 Tebufenpyrad,WP (Islanabilir Toz)
LABRADOR EC (İMAL),"51,4 g/l Metalik Bakıra eşdeğer Yağ ve Rosin Asitlerinin Bakır Tuzları",EC (Emülsiye Olabilen Konsantre)
TENNİS 70 WP (İMAL),%70 Hymexazole,WP (Islanabilir Toz)
CERTICOR 050 FS (İTHAL),30 g/l Tebuconazole + 20 g/l Metalaxyl-m,FS (Tohum İlaçlaması İçin Akıcı Konsantre)
KİNGSOR 5 EC (İMAL),50 g/l Hexythiazox,EC (Emülsiye Olabilen Konsantre)
İNPOWER (İMAL),"%0,52 1-naphthylacetic acid (NAA) + %0,51 4-indol-3-ylbutyric acid (IBA)",WP (Islanabilir Toz)
PLANTOP (İMAL),"%0,52 1-naphthylacetic acid (NAA) + %0,51 4-indol-3-ylbutyric acid (IBA)",WP (Islanabilir Toz)
TAMARA 75 WG (İMAL),%75 Halosulfuron-methyl,WG (Suda Dağılabilen Granül)
TRİNG 24 SL (İMAL),240 g/l Glyphosate Isopropylamin Tuzu,SL (Suda Çözünen Konsantre)
CHEKIC 600 (İMAL),600 g/l Aclonifen,SC (Akıcı Konsantre/Süspansiyon Konsantre)
MALAWI-GIBB 20 SL (İMAL),20 g/l Gibberellic acid,SL (Suda Çözünen Konsantre)
SİM SİPER 25 EC (İMAL),250 g/l Cypermethrin,EC (Emülsiye Olabilen Konsantre)
CARPAZ 50 WG (İMAL),%50 Cyprodinil,WG (Suda Dağılabilen Granül)
TEZTAN 70 WP (İMAL),%70 Hymexazole,WP (Islanabilir Toz)
HYPNOSE 05 SG (İMAL),%5 Emamectin benzoate,SG (Suda Çözünen Granül)
MEGATHRİN (İMAL),200 g/l Esfenvalerate,EC (Emülsiye Olabilen Konsantre)
ERGAMON SL (İMAL),480 g/l Ethephon,SL (Suda Çözünen Konsantre)
EFDAL SİVİÇ TONİK (İMAL),3 g/l Sodium para nitropheonolate + 2 g/l Sodium ortho nitrophenolate + 1 g/l Sodium penta nitroguaiacolate,SL (Suda Çözünen Konsantre)
CONGRESS 500 F (İMAL),500 g/l Captan,SC (Akıcı Konsantre/Süspansiyon Konsantre)
WREST 500 F (İMAL),500 g/l Captan,SC (Akıcı Konsantre/Süspansiyon Konsantre)
NORTHSTAR 40 EC (İMAL),400 g/l Fenamiphos,EC (Emülsiye Olabilen Konsantre)
VEPLAN 20 SP (İMAL),%20 Acetamiprid,SP (Suda Çözünen Toz)
KORMAZIN 75 WP (İMAL),%75 Cyromazine,WP (Islanabilir Toz)
GİBREL TB (İMAL),1 g/tb Gibberellic Acid,TB (Tablet)
SUPERA SC (İTHAL),350 g/l Metalik bakıra eşdeğer bakır hidroksit,SC (Akıcı Konsantre/Süspansiyon Konsantre)
CLEAR OUT 48 SL (İMAL),480 g/l Glyphosate Isopropylamin Tuzu,SL (Suda Çözünen Konsantre)
FORTEX 20 CS (İMAL),200 g/l Tefluthrin,CS (Kapsül Süspansiyon)
JAGUAR MİCRO WG (İMAL),%25 Tebuconazole,WG (Suda Dağılabilen Granül)
KOROPİK 240 EC (İMAL),240 g/l Clodinafop-propargyl + 60 g/l Cloquintocet-mexyl (safener),EC (Emülsiye Olabilen Konsantre)
AGROFARM ESTER (İMAL),"480 g/l 2,4-D asite eşdeğer Isooctylester",EC (Emülsiye Olabilen Konsantre)
JAGUAR 25 EW (İMAL),250 g/l Tebuconazole,"EW (Emülsiyon, Suda Yağ)"
JUDO EXTRA CS (İMAL),50 g/l Lambda-cyhalothrin,CS (Kapsül Süspansiyon)
ZAMİR 400 EW (İTHAL),267 g/l Prochloraz + 133 g/l Tebuconazole,"EW (Emülsiyon, Suda Yağ)"
CURAZİN DF (İMAL),"%39,75 Metalik bakıra eşdeğer bakır oksiklorid + %4,2 Cymoxanil",WG (Suda Dağılabilen Granül)
TENSİON 300 SC (İMAL),300 g/l Pyrimethanil,SC (Akıcı Konsantre/Süspansiyon Konsantre)
LAMBDA-CY 5 EC (İMAL),50 g/l Lambda-cyhalothrin,EC (Emülsiye Olabilen Konsantre)
GOLD GİBB % 40 WSG (İMAL),%40 Gibberellic Acid,WG (Suda Dağılabilen Granül)
TOLOSA SUPER (İMAL),"116,2 g/l Clethodim",EC (Emülsiye Olabilen Konsantre)
EKVATOR SC 110 (İTHAL),88 g/l Mepiquat Chloride + 22 g/l Cyclanilide,SC (Akıcı Konsantre/Süspansiyon Konsantre)
SUNGOLD 20 EC (İMAL),200 g/l Esfenvalerate,EC (Emülsiye Olabilen Konsantre)
SWEEP (İTHAL),480 g/l Glyphosate Isopropylamin Tuzu,SL (Suda Çözünen Konsantre)
ALVERDE (İTHAL),240 g/l Metaflumizone,SC (Akıcı Konsantre/Süspansiyon Konsantre)
ETEFRON (İMAL),480 g/l Ethephon,SL (Suda Çözünen Konsantre)
TOPPEL 25 WP (İMAL),%25 Tebuconazole,WP (Islanabilir Toz)
SPLORAZ® 450 EC (İMAL),450 g/l Prochloraz,EC (Emülsiye Olabilen Konsantre)
DİFECOR 250 EC (İTHAL),250 g/l Difenoconazole,EC (Emülsiye Olabilen Konsantre)
EAST STAR 24 EC (İMAL),240 g/l Clodinafop-propargyl + 60 g/l Cloquintocet-mexyl (safener),EC (Emülsiye Olabilen Konsantre)
GONDOLİER 240 EC (İMAL),240 g/l Oxyfluorfen,EC (Emülsiye Olabilen Konsantre)
EAST STAR EC (İMAL),80 g/l Clodinafop-propargyl + 20 g/l Cloquintocet-mexyl (Safener),EC (Emülsiye Olabilen Konsantre)
AMBARGO 5 EC (İMAL),50 g/l Lufenuron,EC (Emülsiye Olabilen Konsantre)
KORNURON 5 EC (İMAL),50 g/l Lufenuron,EC (Emülsiye Olabilen Konsantre)
KORBETT 250 EC (İMAL),250 g/l Difenoconazole,EC (Emülsiye Olabilen Konsantre)
DICARZOL 50 SP (İTHAL),%50 Formetanate hydrochloride,SP (Suda Çözünen Toz)
DOMY (İMAL),%20 Metalik bakıra eşdeğer bordo bulamacı,WP (Islanabilir Toz)
BİO-T PLUS (İTHAL),16000 IU/mg Bacillus thuringiensis var. kurstaki strain PB-54,SC (Akıcı Konsantre/Süspansiyon Konsantre)
CORAGEN 20 SC (İTHAL),200 g/l Chlorantraniliprole,SC (Akıcı Konsantre/Süspansiyon Konsantre)
DİVİT 400 EC (İMAL),400 g/l Fenamiphos,EC (Emülsiye Olabilen Konsantre)
TRINITY (İMAL),330 g/l Pendimethalin,EC (Emülsiye Olabilen Konsantre)
OPERA MAX (İTHAL),"85 g/l Pyraclostrobin + 62,5 g/l Epoxiconazole",SE (Suspo-Emülsiyon)
SOUFREX (İMAL),450 g/l Prochloraz,EC (Emülsiye Olabilen Konsantre)
SİM CAPTAN 50 WP (İMAL),%50 Captan,WP (Islanabilir Toz)
SİM BAKIR 50 WP (İMAL),%50 Metalik bakıra eşdeğer bakır oksiklorid,WP (Islanabilir Toz)
AGROFARM MALATHİON 25 WP (İMAL),%25 Malathion,WP (Islanabilir Toz)
PRESS-X (İMAL),"500 g/l 2,4-D asite eşdeğer dimethyl amin tuzu",SL (Suda Çözünen Konsantre)
ZENKA FORTE (İMAL),150 g/l Fluazifop-p-butyl,EC (Emülsiye Olabilen Konsantre)
TRIMUP (İMAL),%4 Metaldehyde,GB (Granül Yem)
FATCHO 5 EC (İMAL),"51,4 g/l Metalik Bakıra eşdeğer Yağ ve Rosin Asitlerinin Bakır Tuzları",EC (Emülsiye Olabilen Konsantre)
UMEED (İMAL),%20 Acetamiprid,SP (Suda Çözünen Toz)
RHYFER (İTHAL),198 mg 4-methyl 5-nonanol + 22 mg 4-methyl 5-nonanone + 1680 mg Sinerjist madde/Dispenser + Koyu kahverengi üç hunili tuzak,--- (-)
TECOL FS 060 (İMAL),60 g/l Tebuconazole,FS (Tohum İlaçlaması İçin Akıcı Konsantre)
AGSUNER 5 EC (İMAL),50 g/l Lambda-cyhalothrin,EC (Emülsiye Olabilen Konsantre)
FINISH PRO SC 765 (İTHAL),720 g/l Ethephon + 45 g/l Cyclanilide,SC (Akıcı Konsantre/Süspansiyon Konsantre)
PERPLEX 20 SL (İMAL),20 g/l Gibberellic acid,SL (Suda Çözünen Konsantre)
AGONY 48 SL (İMAL),480 g/l Glyphosate Isopropylamin Tuzu,SL (Suda Çözünen Konsantre)
HORAYDA EXTRA (İMAL),%50 Thifensulfuron-methyl + %25 Tribenuron-methyl,DF (Kuru Akışkan)
SOLİZOL FS 060 (İMAL),60 g/l Tebuconazole,FS (Tohum İlaçlaması İçin Akıcı Konsantre)
RHAMSES 20 WP (İMAL),%20 Pyridaben,WP (Islanabilir Toz)
SANSON EXTRA 6 OD (İTHAL),60 g/l Nicosulfuron,OD (Yağda Dağılabilen)
KNOCKDOWN 24 SL (İMAL),240 g/l Glyphosate Isopropylamin Tuzu,SL (Suda Çözünen Konsantre)
CORASİL E-P (İTHAL),25 g/l Dichlorprop-p,EC (Emülsiye Olabilen Konsantre)
GOAL 4F (İTHAL),480 g/l Oxyfluorfen,SC (Akıcı Konsantre/Süspansiyon Konsantre)
EFDAL DORPEN 28 EC (İMAL),284 g/l Diclofop-methyl,EC (Emülsiye Olabilen Konsantre)
ALECTO WG (İMAL),"%57 Metiram + %4,8 Cymoxanil",WG (Suda Dağılabilen Granül)
ZERDA 100 SL (İMAL),100 g/l Clopyralid,SL (Suda Çözünen Konsantre)
AGRONAM 50 WP (İMAL),%50 Propyzamide,WP (Islanabilir Toz)
LİNX (İMAL),"18,8 g/l 6-Benzyladenine + 18,5 g/l Gibberellin A4/A7",SL (Suda Çözünen Konsantre)
MALCUT MH 30 (İMAL),188 g/l Maleic Hydrazide,--- (-)
CHILLINGER 200 EC (İMAL),200 g/l Cyhalofop-butyl,EC (Emülsiye Olabilen Konsantre)
CLOPYR 100 (İMAL),100 g/l Clopyralid,SL (Suda Çözünen Konsantre)
HEKTAŞ HYDROCOP 77 WP (İMAL),%50 Metalik bakıra eşdeğer bakır hidroksit,WP (Islanabilir Toz)
LENAVİLNA 25 EC (İMAL),250 g/l Tebuconazole,EC (Emülsiye Olabilen Konsantre)
TOPZATE EXTRA (İMAL),"%39,75 Metalik bakıra eşdeğer bakır oksiklorid + %4,2 Cymoxanil",WG (Suda Dağılabilen Granül)
DEKAGARD 5 SC (İMAL),50 g/l Deltamethrin,SC (Akıcı Konsantre/Süspansiyon Konsantre)
CANREX WG (İMAL),%50 Kresoxim-methyl,WG (Suda Dağılabilen Granül)
SHAKO EC (İMAL),"51,4 g/l Metalik Bakıra eşdeğer Yağ ve Rosin Asitlerinin Bakır Tuzları",EC (Emülsiye Olabilen Konsantre)
TOPSHOT 080 EC (İMAL),80 g/l Clodinafop-propargyl + 20 g/l Cloquintocet-mexyl (Safener),EC (Emülsiye Olabilen Konsantre)
NİMİKS 4.5 (İTHAL),40 g/l Azadirachtin A,EC (Emülsiye Olabilen Konsantre)
BUGLE 200 LS (İMAL),200 g/l Metalaxyl,SL (Suda Çözünen Konsantre)
TINTE 240 EC (İMAL),240 g/l Clodinafop-propargyl + 60 g/l Cloquintocet-mexyl (safener),EC (Emülsiye Olabilen Konsantre)
DAXAR 10 EC (İMAL),100 g/l Tetraconazole,EC (Emülsiye Olabilen Konsantre)
