Ticari İsim,Etken Madde,Formulasyon,Kategori ID
FENOMİR,Fenpyroximate,SC,6
ADAMA,Abamectin,EC,6
CONFIDOR,Imidacloprid,SC,6
REGLONE,Diquat,SL,6
JORTHAL (İMAL),296 g/l Azoxystrobin + 218 g/l Flutriafol,SC (Akıcı Konsantre/Süspansiyon Konsantre),6
FENOMİR 125 SC (İMAL),125 g/l Flutriafol,SC (Akıcı Konsantre/Süspansiyon Konsantre),6
WECTROM (İTHAL),500 g/l Clofentezine,SC (Akıcı Konsantre/Süspansiyon Konsantre),6
DEPLASMAN 050 SC (İMAL),50 g/l Deltamethrin,SC (Akıcı Konsantre/Süspansiyon Konsantre),6
PESİNET SC 361 (İTHAL),"361,1 g/l Metalik bakıra eşdeğer bakır hidroksit",SC (Akıcı Konsantre/Süspansiyon Konsantre),6
KİNG'S BONUS (İTHAL),"%25,2 Boscalid + %12,8 Pyraclostrobin",WG (Suda Dağılabilen Granül),6
KİNG'S DANCER (İTHAL),%80 Captan,WG (Suda Dağılabilen Granül),6
KİNG'S WARSHİP (İTHAL),150 g/l Cyprodinil + 100 g/l Fludioxonil,SC (Akıcı Konsantre/Süspansiyon Konsantre),6
SECTHOR 45 OD (İMAL),45 g/l Pyroxsulam + 90 g/l Cloquintocet-mexyl (safener),OD (Yağda Dağılabilen),6
SPECULA (İTHAL),500 g/l Metam Sodium,SL (Suda Çözünen Konsantre),6
ARFİTO (İMAL),500 g/l Fluazinam,SC (Akıcı Konsantre/Süspansiyon Konsantre),6
SAETA (İTHAL),%80 Fosetyl-Al,WG (Suda Dağılabilen Granül),6
MOLİENDO WG 800 (İMAL),%80 Fosetyl-Al,WG (Suda Dağılabilen Granül),6
CAMIX 560 SE (İTHAL),500 g/l S-metolachlor+60 g/l Mesotrione,SE (Suspo-Emülsiyon),6
THRIX (İTHAL),"0,5 g (S)-(-)- verbenone + 0,5 g p- Anisaldehyde+ 25*40 cm Mavi Yapışkan Tuzak",--- (-),6
VEFDOWN 70 WG (İMAL),%70 Metamitron,WG (Suda Dağılabilen Granül),6
TAROST (İMAL),270 g/l Terbuthylazine + 64 g/l Pendimethalin,SE (Suspo-Emülsiyon),6
COUNTER 50 CS (İMAL),50 g/l Lambda-cyhalothrin,CS (Kapsül Süspansiyon),6
EFDAL BLANK SE (İMAL),270 g/l Terbuthylazine + 64 g/l Pendimethalin,SE (Suspo-Emülsiyon),6
NAKASO OD (İMAL),"37,5 g/l Mesotrione + 15 g/l Nicosulfuron",OD (Yağda Dağılabilen),6
LARVOLİ 65 EC (İMAL),650 g/l Malathion,EC (Emülsiye Olabilen Konsantre),6
BUNSEKİ 25 SL (İMAL),25 g/l Imazamox,SL (Suda Çözünen Konsantre),6
GANİMET 360 SL (İMAL),360 g/l Hymexazole,SL (Suda Çözünen Konsantre),6
EMİCE 45 (İTHAL),45 g/l Pinoxaden + 20 g/l Cloquintocet-mexyl (safener),EC (Emülsiye Olabilen Konsantre),6
ARLONG 120 SC (İMAL),120 g/l Spinetoram,SC (Akıcı Konsantre/Süspansiyon Konsantre),6
FENRYA (İMAL),500 g/l Fluazinam,SC (Akıcı Konsantre/Süspansiyon Konsantre),6
ZIXOR (İMAL),25 g/l Fludioxonil + 10 g/l Metalaxyl-m,FS (Tohum İlaçlaması İçin Akıcı Konsantre),6
SUBVERT (İTHAL),"185.5 g/l (E,Z)-7,9-Dodecadien-1- yl Acetate",CS (Kapsül Süspansiyon),6
FERCEPA (İMAL),60 g/l Carfentrazone-ethyl,ME (Mikro-Emülsiyon),6
GAMEUP 85 WG (İMAL),%85 Pyroxasulfone,WG (Suda Dağılabilen Granül),6
LAVORO 10 EC (İMAL),100 g/l Tetraconazole,EC (Emülsiye Olabilen Konsantre),6
MAGNİFİCENT (İMAL),%50 Trifloxystrobin,WG (Suda Dağılabilen Granül),6
TERSUN (İTHAL),50 g/l Quizalofop-p-ethyl,EC (Emülsiye Olabilen Konsantre),6
MAKSİYER 050 EC (İMAL),"50 g/l Pinoxaden + 12,5 g/l Cloquintocet-mexyl (Safener)",EC (Emülsiye Olabilen Konsantre),6
EGOISTA (İMAL),480 g/l Bentazone,SL (Suda Çözünen Konsantre),6
DARAMUN (İTHAL),100 g/L Cyazofamid,SC (Akıcı Konsantre/Süspansiyon Konsantre),6
FALORYN (İMAL),150 g/l Fluazifop-p-butyl,EC (Emülsiye Olabilen Konsantre),6
LORENA OD (İMAL),50 g/l Quizalofop-P-ethyl + 38 g/l Imazamox,OD (Yağda Dağılabilen),6
SAFEST (İMAL),300 g/l Pendimethalin + 60 g/l Flufenacet,EC (Emülsiye Olabilen Konsantre),6
XEDAZİL 50 (İTHAL),500 g/l Imazalil,EC (Emülsiye Olabilen Konsantre),6
ZARVİON (İMAL),"480 g/l Bentazone + 22,4 g/l Imazamox",SL (Suda Çözünen Konsantre),6
ZALİFOR 375 SL (İMAL),250 g/l Bentazone + 125 g/l MCPA,SL (Suda Çözünen Konsantre),6
BLOCKADE (İTHAL),"189,40 g/l Lavandulyl senecioate",CS (Kapsül Süspansiyon),6
KURBEN (İMAL),%25 Metalik bakıra eşdeğer bakır sülfat,CR (Kristal),6
GYO-THIN (İTHAL),200 g/l Glufosinate-ammonium,SL (Suda Çözünen Konsantre),6
ODİSEUS (İMAL),1000 g/l Dimethyl Disulfide,EC (Emülsiye Olabilen Konsantre),6
ALTERNATİF EC (İMAL),480 g/l Metalaxyl-M,EC (Emülsiye Olabilen Konsantre),6
ARKURI (İMAL),"65,82 g/l Metalik bakıra eşdeğer bakır sülfat",SC (Akıcı Konsantre/Süspansiyon Konsantre),6
TRULEN 60 FS (İMAL),60 g/l Tebuconazole,FS (Tohum İlaçlaması İçin Akıcı Konsantre),6
ALCATRAZ OD (İMAL),"37,5 g/l Mesotrione + 15 g/l Nicosulfuron",OD (Yağda Dağılabilen),6
GLARISE (İMAL),240 g/l Isoxaflutole +240 g/l Cyprosulfamide (safener),SC (Akıcı Konsantre/Süspansiyon Konsantre),6
BARİMA (İMAL),136 g/l Metalik bakıra eşdeğer bakır hidroksit + 136 g/l Metalik bakıra eşdeğer bakır oksiklorid,SC (Akıcı Konsantre/Süspansiyon Konsantre),6
COPSİDE 350 SC (İTHAL),350 g/l Metalik bakıra eşdeğer bakır hidroksit,SC (Akıcı Konsantre/Süspansiyon Konsantre),6
EXODUS 500 SC (İMAL),"312,5 g/l S-Metolachlor + 187,5 g/l Terbuthylazine",SC (Akıcı Konsantre/Süspansiyon Konsantre),6
SECTORIMA 25 SL (İMAL),25 g/l Imazamox,SL (Suda Çözünen Konsantre),6
METACORİL (İMAL),30 g/l Tebuconazole + 20 g/l Metalaxyl-m,FS (Tohum İlaçlaması İçin Akıcı Konsantre),6
SAFA CARNAVAL 43 WG (İMAL),%25 Mandipropamid + %18 Cymoxanil,WG (Suda Dağılabilen Granül),6
SHERLOCK 500 SC (İMAL),375 g/l Pyrimethanil +125 g/l Fluopyram,SC (Akıcı Konsantre/Süspansiyon Konsantre),6
PLANTIFOL (İMAL),175 g/l Prothioconazole + 88 g/l Trifloxystrobin,SC (Akıcı Konsantre/Süspansiyon Konsantre),6
ODESSA 320 SC (İMAL),200 g/l Tebuconazole + 120 g/l Azoxystrobin,SC (Akıcı Konsantre/Süspansiyon Konsantre),6
KEMP (İMAL),%40 Metalik bakıra eşdeğer bakır oksiklorid + %6 Dimethomorp,WP (Islanabilir Toz),6
SOLITO (İTHAL),300 g/l Pretilachlor + 20 g/l Pyribenzoxim,EC (Emülsiye Olabilen Konsantre),6
SERSİİ 2000 (İMAL),%35 Metalik bakıra eşdeğer bakır hidroksit,WG (Suda Dağılabilen Granül),6
ELEMUT (İMAL),200 g/l Proquinazid,EC (Emülsiye Olabilen Konsantre),6
İZLEM LB (İTHAL),"0.0039 g(E,Z)-7,9-dodecadien-1-yl acetate+0.0014 g (E,Z)7,9-Dodecadien-1-ol+0.00035 g (Z)-9-Dodecen-1-yl acetate+tuzak",--- (-),6
FERNATE (İMAL),"65,82 g/l Metalik bakıra eşdeğer bakır sülfat",SC (Akıcı Konsantre/Süspansiyon Konsantre),6
VERDECANTE (İMAL),%40 Metalik bakıra eşdeğer bakır oksiklorid + %6 Dimethomorp,WP (Bordo Bulamacı) (Islanabilir Toz),6
ARGONIK 80 WG (İTHAL),%80 Kükürt,WG (Suda Dağılabilen Granül),6
CEROX 50 WG (İMAL),%50 Triflusulfuron-methyl,WG (Suda Dağılabilen Granül),6
DEMBELE 490 SC (İMAL),400 g/l Metamitron + 55 g/l Ethofumesate + 35 g/l Phenmedipham,SC (Akıcı Konsantre/Süspansiyon Konsantre),6
AGROCURE PFX (İMAL),"%1,6 Pseudomonas fluorescens PRX1 1 X 10 üzeri 7 kob/ml min",SL (Suda Çözünen Konsantre),6
SAMPO 500 SL (İTHAL),500 g/l Metam Sodium,SL (Suda Çözünen Konsantre),6
HOT SHOT (İTHAL),500 g/l Metam Sodium,SL (Suda Çözünen Konsantre),6
CETENAY 125 FS (İMAL),"75 g/l Azoxystrobin + 37,5 g/l Metalaxyl-m + 12,5 g/l Fludioxonil",FS (Tohum İlaçlaması İçin Akıcı Konsantre),6
LOOBY (İMAL),200 g/l Fluopyram + 200 g/l Tebuconazole,SC (Akıcı Konsantre/Süspansiyon Konsantre),6
FENOMİR 250 SC (İMAL),250 g/l Flutriafol,SC (Akıcı Konsantre/Süspansiyon Konsantre),6
AZAMEX (İMAL),250 g/l Azoxystrobin,SC (Akıcı Konsantre/Süspansiyon Konsantre),6
ILORYX (İMAL),240 g/l Isoxaflutole +240 g/l Cyprosulfamide (safener),SC (Akıcı Konsantre/Süspansiyon Konsantre),6
PARLAY (İMAL),"186,5 g/l Maleic Hydrazide",SL (Suda Çözünen Konsantre),6
FLORİXOR (İMAL),225 g/l Isoxaflutole + 90 g/l Thiencarbazone-methyl + 150 g/l Cyprosulfamide (safener),SC (Akıcı Konsantre/Süspansiyon Konsantre),6
CENEVRE (İMAL),50 g/l Foramsulfuron + 30 g/l Thiencarbazone-methyl,OD (Yağda Dağılabilen),6
CHILIS WG (İTHAL),"%25,2 Boscalid + %12,8 Pyraclostrobin",WG (Suda Dağılabilen Granül),6
SAFA PERFOLİS (İMAL),20 g/l 6-Benzyladenine,SL (Suda Çözünen Konsantre),6
AGROFARM KERMESSE (İMAL),%85 Pyroxasulfone,WG (Suda Dağılabilen Granül),6
FHIONA (İMAL),267 g/l Prochloraz + 133 g/l Tebuconazole,"EW (Emülsiyon, Suda Yağ)",6
SULVİTRON (İMAL),40 g/l Nicosulfuron,SC (Akıcı Konsantre/Süspansiyon Konsantre),6
KİNG'S PHOENİX (İTHAL),%50 Tebuconazole + %25 Trifloxystrobin,WG (Suda Dağılabilen Granül),6
ALLAVIDA (İTHAL),259 g/l Metalik bakıra eşdeğer bakır hidroksit + 49 g/l Metalaxyl,SC (Akıcı Konsantre/Süspansiyon Konsantre),6
PACİNO 20 WP (İTHAL),%20 Metalik bakıra eşdeğer bordo bulamacı,WP (Bordo Bulamacı) (Islanabilir Toz),6
ROYTUNCH 375 SL (İMAL),250 g/l Bentazone + 125 g/l MCPA,SL (Suda Çözünen Konsantre),6
ZİMETRA 480 SL (İMAL),480 g/l Bentazone,SL (Suda Çözünen Konsantre),6
EVERLAST (İMAL),700 g/l Mineral Yağ,"EW (Emülsiyon, Suda Yağ)",6
AGROMATE (İTHAL),200 g/l Chlorantraniliprole,SC (Akıcı Konsantre/Süspansiyon Konsantre),6
BİTMORE (İMAL),%35 Metalik bakıra eşdeğer bakır hidroksit,WG (Suda Dağılabilen Granül),6
SPOILER 500 WG (İMAL),%50 Sulfoxaflor,WG (Suda Dağılabilen Granül),6
BURUTO (İMAL),480 g/l Spinosad,SC (Akıcı Konsantre/Süspansiyon Konsantre),6
DIVERSUM (İMAL),%25 Spinetoram,WG (Suda Dağılabilen Granül),6
RADİOSA 120 SC (İMAL),120 g/l Spinetoram,SC (Akıcı Konsantre/Süspansiyon Konsantre),6
ROYPİLER SC (İMAL),222 g/l Spirodiclofen + 18 g/l Abamectin,SC (Akıcı Konsantre/Süspansiyon Konsantre),6
SILCOON (İMAL),480 g/l Clomazone,EC (Emülsiye Olabilen Konsantre),6
TEATRO 48 SL (İMAL),480 g/l Bentazone,SL (Suda Çözünen Konsantre),6
MITEFAST 240 SC (İMAL),"228,6 g/l Spiromesifen + 11,4 g/l Abamectin",SC (Akıcı Konsantre/Süspansiyon Konsantre),6
RHODOPE (İMAL),200 g/l Cyflumetofen,SC (Akıcı Konsantre/Süspansiyon Konsantre),6
CAMPEGGI (İTHAL),%50 Flonicamid,WG (Suda Dağılabilen Granül),6
CANUTE (İMAL),"361,1 g/l Metalik bakıra eşdeğer bakır hidroksit",SC (Akıcı Konsantre/Süspansiyon Konsantre),6
MAGISTER (İTHAL),200 g/l Fenazaquin,SC (Akıcı Konsantre/Süspansiyon Konsantre),6
NEFERTA (İMAL),136 g/l Metalik bakıra eşdeğer bakır hidroksit + 136 g/l Metalik bakıra eşdeğer bakır oksiklorid,SC (Akıcı Konsantre/Süspansiyon Konsantre),6
FİTOCUR FS 170 (İMAL),150 g/l Prothioconazole + 20 g/l Tebuconazole,FS (Tohum İlaçlaması İçin Akıcı Konsantre),6
ABASHİNE 18 EC (İMAL),18 g/l Abamectin,EC (Emülsiye Olabilen Konsantre),6
FERMİNA (İMAL),10 g/l Azadirachtin A,EC (Emülsiye Olabilen Konsantre),6
PANNUMAX 20 SC (İMAL),200 g/l Cyflumetofen,SC (Akıcı Konsantre/Süspansiyon Konsantre),6
BRAYDEN 50 WG (İMAL),%50 Pirimicarb,WG (Suda Dağılabilen Granül),6
SLASH 460 SL (İMAL),400 g/l Bentazone + 60 g/l MCPA,SL (Suda Çözünen Konsantre),6
FEROBEM (İMAL),"0,8 mg [0,76 mg Tetradecatrien-1-yl acetate (EZ),(Z8),(Z11) %95+0,04 mg Tetradecadien-1-yl acetate (E3)-(Z8) %5 ]",--- (-),6
EYUTA (İMAL),400 g/l Fluopyram,SC (Akıcı Konsantre/Süspansiyon Konsantre),6
COMRAT (İMAL),% 60 Tribenuron-methyl + % 20 Florasulam,WG (Suda Dağılabilen Granül),6
TULOVE (İMAL),"0,7 mg [0,63 mg (EZ),(Z8),(Z11)- Tetradecatrien-1-yl acetate %90+ 0,07 mg (E3),(Z8)- Tetradecadien-1-yl acetate %10]",--- (-),6
FYNEXİL (İMAL),375 g/l Fluazinam + 150 g/l Azoxystrobin,SC (Akıcı Konsantre/Süspansiyon Konsantre),6
MALOTRİN 25 WP (İMAL),%25 Malathion,WP (Islanabilir Toz),6
CARYLİN (İMAL),45 g/l Chlorantraniliprole + 18 g/l Abamectin,SC (Akıcı Konsantre/Süspansiyon Konsantre),6
FEROKONT (İMAL),"1,4 mg p-Anisaldehyde + 25cm x 40 cm Mavi Yapışkan Tuzak",--- (-),6
FEROEROS (İMAL),"1,2 mg p-Anisaldehyde + 25cm x 40 cm Mavi Yapışkan Tuzak",--- (-),6
ESCADA 376 SC (İMAL),326 g/l Terbuthylazine + 50 g/l Mesotrione,SC (Akıcı Konsantre/Süspansiyon Konsantre),6
MINERVA 500 SC (İMAL),250 g/l Fluopyram+ 250 g/l Trifloxystrobin,SC (Akıcı Konsantre/Süspansiyon Konsantre),6
ASUMATE KP (İTHAL),74 mg (12Z)-2-acetoxy-12-heptadecene,--- (-),6
ILLAGRO (İMAL),300 g/l Ametoctradin + 225 g/l Dimethomorph,SC (Akıcı Konsantre/Süspansiyon Konsantre),6
HYBRİKS 2F (İMAL),240 g/l Tau-fluvalinate,"EW (Emülsiyon, Suda Yağ)",6
SAFA AQUAMETRIX (İMAL),333 g/l Metazachlor + 83 g/l Quinmerac,SC (Akıcı Konsantre/Süspansiyon Konsantre),6
MİNATO 700 SC (İMAL),700 g/l Metamitron,SC (Akıcı Konsantre/Süspansiyon Konsantre),6
PADOVA (İMAL),45 g/l Chlorantraniliprole + 18 g/l Abamectin,SC (Akıcı Konsantre/Süspansiyon Konsantre),6
ABAROLE (İTHAL),45 g/l Chlorantraniliprole + 18 g/l Abamectin,SC (Akıcı Konsantre/Süspansiyon Konsantre),6
TRİTİCON ROBİN (İMAL),60 g/l Tebuconazole,FS (Tohum İlaçlaması İçin Akıcı Konsantre),6
JOUST AZUL (İTHAL),150 g/l Azoxystrobin + 150 g/l Prothioconazole,SC (Akıcı Konsantre/Süspansiyon Konsantre),6
ROYUBRA SC (İMAL),700 g/l Metamitron,SC (Akıcı Konsantre/Süspansiyon Konsantre),6
ROYFATO SC (İMAL),350 g/l Metamitron + 150 g/l Ethofumesate,SC (Akıcı Konsantre/Süspansiyon Konsantre),6
BUTYLKA (İTHAL),200 g/l Glufosinate-ammonium tuzu,SL (Suda Çözünen Konsantre),6
RAINCLOM (İTHAL),"%74,8 Glyphosate Ammonium Tuzu",SG (Suda Çözünen Granül),6
PHAST 20 SC (İMAL),200 g/l Cyflumetofen,SC (Akıcı Konsantre/Süspansiyon Konsantre),6
DEJAVU 700 SC (İMAL),700 g/l Metamitron,SC (Akıcı Konsantre/Süspansiyon Konsantre),6
HARUKI (İTHAL),25 g/l Sodium s-Naphthaline Acetate + 3 g/l Sodium Para Nitrophenolate + 2 g/l Sodium Ortho Nitrophenolate + 1 g/l Sodium Penta Nitroguaiacolate,SL (Suda Çözünen Konsantre),6
EFDAL ZEYPER 24 EC (İMAL),240 g/l Carfentrazone-ethyl,EC (Emülsiye Olabilen Konsantre),6
ESPANSE (İMAL),500 g/l Diflufenican + 50 g/l Florasulam,SC (Akıcı Konsantre/Süspansiyon Konsantre),6
ERCORN SC 465 (İMAL),225 g/l Isoxaflutole + 90 g/l Thiencarbazone-methyl + 150 g/l Cyprosulfamide (safener),SC (Akıcı Konsantre/Süspansiyon Konsantre),6
COMET (İTHAL),%80 Captan,WG (Suda Dağılabilen Granül),6
SPADA 150 ZC (İMAL),100 g/l Chlorantraniliprole + 50 g/l Lambda-cyhalothrin,ZC (CS ve SC Formülasyonlarının Karışımı),6
TICTANE (İMAL),"18,8 g/l 6-Benzyladenine + 18,5 g/l Gibberellin A4/A7",SL (Suda Çözünen Konsantre),6
TACTIC 200 EC (İMAL),200 g/l Cyhalofop-butyl,EC (Emülsiye Olabilen Konsantre),6
LUMİREN 40 SL (İMAL),40 g/l Imazamox,SL (Suda Çözünen Konsantre),6
FARFLY (İTHAL),%6 Metaldehyde,GB (Granül Yem),6
AGROFARM CLAROS (İMAL),100 g/l Cycloxydim,EC (Emülsiye Olabilen Konsantre),6
LUMİREN 25 SL (İMAL),25 g/l Imazamox,SL (Suda Çözünen Konsantre),6
LEGAN M 60 (İTHAL),400 g/l Bentazone + 60 g/l MCPA,SL (Suda Çözünen Konsantre),6
MORTEL (İMAL),240 g/l Clopyralid + 80 g/l Picloram + 40 g/l Aminopyralid,SL (Suda Çözünen Konsantre),6
LUMİREN 120 SL (İMAL),120 g/l Imazamox,SL (Suda Çözünen Konsantre),6
SERNIT 50 EW (İMAL),50 g/l Quizalofop-p-ethyl,"EW (Emülsiyon, Suda Yağ)",6
NICEA 400 SC (İMAL),400 g/l Propyzamide,SC (Akıcı Konsantre/Süspansiyon Konsantre),6
COTTONHİLL (İMAL),500 g/l Fluometuron,SC (Akıcı Konsantre/Süspansiyon Konsantre),6
DEMADES (İMAL),1000 g/l Dimethyl Disulfide,EC (Emülsiye Olabilen Konsantre),6
BEASCARE (İMAL),"75 g/l Azoxystrobin + 37,5 g/l Metalaxyl-m + 12,5 g/l Fludioxonil",FS (Tohum İlaçlaması İçin Akıcı Konsantre),6
ZAZEX (İMAL),25 g/l Fludioxonil + 10 g/l Metalaxyl-m,FS (Tohum İlaçlaması İçin Akıcı Konsantre),6
FERNANDO (İMAL),500 g/l Fluazinam,SC (Akıcı Konsantre/Süspansiyon Konsantre),6
AZUMO WG (İTHAL),%80 Kükürt,WG (Suda Dağılabilen Granül),6
EATON (İMAL),400 g/l Metamitron + 55 g/l Ethofumesate + 35 g/l Phenmedipham,SC (Akıcı Konsantre/Süspansiyon Konsantre),6
BENTINCK (İMAL),300 g/l S-Metolachlor + 200 g/l Pendimethalin + 45 g/l Benoxacor (safener)),EC (Emülsiye Olabilen Konsantre),6
DESTİNATE (İMAL),400 g/l Metamitron + 55 g/l Ethofumesate + 35 g/l Phenmedipham,SC (Akıcı Konsantre/Süspansiyon Konsantre),6
TOKYO SC 100 (İMAL),100 g/l Spirotetramat,SC (Akıcı Konsantre/Süspansiyon Konsantre),6
AQUABAC (İMAL),850 g/l Mineral Yağ,EC (Emülsiye Olabilen Konsantre),6
ARUBA 960 EC (İMAL),960 g/l S-Metolachlor,EC (Emülsiye Olabilen Konsantre),6
ROYTAB 240 EW (İMAL),240 g/l Tau-fluvalinate,"EW (Emülsiyon, Suda Yağ)",6
SONZAİ (İMAL),%20 Pyridaben,WP (Islanabilir Toz),6
FIREFLY 500 SL (İTHAL),500 g/l Metam Sodium,SL (Suda Çözünen Konsantre),6
MAXTON 35 FS (İMAL),25 g/l Fludioxonil + 10 g/l Metalaxyl-m,FS (Tohum İlaçlaması İçin Akıcı Konsantre),6
BROKERM (İTHAL),800 g/l Prosulfocarb,EC (Emülsiye Olabilen Konsantre),6
DOSAGGİO 125 FS (İMAL),"75 g/l Azoxystrobin + 37,5 g/l Metalaxyl-m + 12,5 g/l Fludioxonil",FS (Tohum İlaçlaması İçin Akıcı Konsantre),6
AGRIMOLA 400 SC (İMAL),200 g/l Imazalil + 200 g/l Pyrimethanil,SC (Akıcı Konsantre/Süspansiyon Konsantre),6
BLUZOL (İTHAL),"27.6 g/kg (E,Z,Z)-3,8,11-tetradecatrien-1-yl acetate + 3.4 g/kg (E,Z)-3,8-tetradecadien-1-yl acetate",--- (-),6
LENA GREEN 700 SC (İMAL),700 g/l Metalik bakıra eşdeğer bakır oksiklorid,SC (Akıcı Konsantre/Süspansiyon Konsantre),6
ARCITUS 35 WG (İMAL),%35 Chlorantraniliprole,WG (Suda Dağılabilen Granül),6
MASTERGIBB 20 SL (İMAL),20 g/l Gibberellic acid,SL (Suda Çözünen Konsantre),6
PALADIN (İTHAL),1000 g/l Dimethyl Disulfide,EC (Emülsiye Olabilen Konsantre),6
STABULUM (İMAL),30 g/l Mesosulfuron-methyl + 90 g/l Mefenpyr-diethyl (safener),OD (Yağda Dağılabilen),6
COPOROO (İMAL),"65,82 g/l Metalik bakıra eşdeğer bakır sülfat",SC (Akıcı Konsantre/Süspansiyon Konsantre),6
NEMATOCİDE 900 EC (İMAL),900 g/l Fosthiazate,EC (Emülsiye Olabilen Konsantre),6
TRİBÜN 500 SC (İMAL),350 g/l Metamitron + 150 g/l Ethofumesate,SC (Akıcı Konsantre/Süspansiyon Konsantre),6
JAVIER (İMAL),20 g/l Emamectin benzoate,EC (Emülsiye Olabilen Konsantre),6
SPLAND 360 SC (İMAL),300 g/l Methoxyfenozide + 60 g/l Spinetoram,SC (Akıcı Konsantre/Süspansiyon Konsantre),6
HARDISON 700 (İMAL),700 g/l Mineral Yağ,"EW (Emülsiyon, Suda Yağ)",6
BUTEO FS 480 (İTHAL),480 g/l Flupyradifurone,FS (Tohum İlaçlaması İçin Akıcı Konsantre),6
MALOTRİN 440 EW (İMAL),440 g/l Malathion,"EW (Emülsiyon, Suda Yağ)",6
ONCADABEN 20 WP (İTHAL),%20 Pyridaben,WP (Islanabilir Toz),6
BUZAT (İTHAL),%50 Propyzamide,WP (Islanabilir Toz),6
CLOAKK (İMAL),"26,5 g/l Pyraflufen ethyl",EC (Emülsiye Olabilen Konsantre),6
BOLİVER 700 EW (İMAL),700 g/l Mineral Yağ,"EW (Emülsiyon, Suda Yağ)",6
FERFEZIN (İMAL),500 g/l Fluometuron,SC (Akıcı Konsantre/Süspansiyon Konsantre),6
KRONVERK (İTHAL),450 g/l Pendimethalin,CS (Kapsül Süspansiyon),6
BRADFORD WG 75 (İMAL),%50 Tebuconazole + %25 Trifloxystrobin,WG (Suda Dağılabilen Granül),6
ZANDOF 25 WP (İTHAL),%25 Tebuconazole,WP (Islanabilir Toz),6
GUARDI 70 WP (İTHAL),%70 Metribuzin,WP (Islanabilir Toz),6
ALUTRİS (İMAL),500 g/l Diflufenican + 50 g/l Florasulam,SC (Akıcı Konsantre/Süspansiyon Konsantre),6
BASULTRA 28 SL (İMAL),280 g/l Glufosinate-ammonium,SL (Suda Çözünen Konsantre),6
IRONY 35 DS (İMAL),%35 Metalaxyl,DS (Kuru Tohum İlacı),6
EFDAL BONUM SL (İMAL),"480 g/l Bentazone + 22,4 g/l Imazamox",SL (Suda Çözünen Konsantre),6
MAGETON (İMAL),"%39,75 Metalik bakıra eşdeğer bakır oksiklorid + %4,2 Cymoxanil",WG (Suda Dağılabilen Granül),6
ZIA 480 (İMAL),480 g/l Clomazone,EC (Emülsiye Olabilen Konsantre),6
ROYAL FRUİT (İMAL),"%1,18 2-(1-Naphthyl) acetamide (NAD) + %0,43 1-Naphthylacetic acid (NAA)",WP (Islanabilir Toz),6
CHIZAM 500 SC (İTHAL),500 g/l Fluazinam,SC (Akıcı Konsantre/Süspansiyon Konsantre),6
QUİCK STOP (İMAL),150 g/l Oxyfluorfen + 40 g/l Diflufenican,SC (Akıcı Konsantre/Süspansiyon Konsantre),6
TAMISOL (İTHAL),500 g/l Metam Sodium,SL (Suda Çözünen Konsantre),6
TEKTONİK (İMAL),20 g/l Abamectin,SC (Akıcı Konsantre/Süspansiyon Konsantre),6
FERGANO 20 SC (İMAL),20 g/l Abamectin,SC (Akıcı Konsantre/Süspansiyon Konsantre),6
SALTORON (İTHAL),%20 Metalik bakıra eşdeğer bordo bulamacı,WP (Islanabilir Toz),6
CLONUS (İMAL),525 g/l Metamitron + 40 g/l Quinmerac,SC (Akıcı Konsantre/Süspansiyon Konsantre),6
OUTSHIELD (İTHAL),%50 Metalik bakıra eşdeğer bakır oksiklorid,WG (Suda Dağılabilen Granül),6
EFDAL LAMTORİN CS (İTHAL),50 g/l Lambda-cyhalothrin,CS (Kapsül Süspansiyon),6
VARTEKS 240 SC (İMAL),"228,6 g/l Spiromesifen + 11,4 g/l Abamectin",SC (Akıcı Konsantre/Süspansiyon Konsantre),6
WEEDAWAY 100 SL (İMAL),100 g/l Clopyralid,SL (Suda Çözünen Konsantre),6
MİLDOBİN SC (İMAL),250 g/l Pyraclostrobin,SC (Akıcı Konsantre/Süspansiyon Konsantre),6
EGOMANİA FS (İMAL),150 g/l Prothioconazole + 20 g/l Tebuconazole,FS (Tohum İlaçlaması İçin Akıcı Konsantre),6
TRAXİLLA DUO FS (İMAL),80 g/l Triticonazole + 40 g/l Pyraclostrobin,FS (Tohum İlaçlaması İçin Akıcı Konsantre),6
LEONİDAS 400 EW (İMAL),267 g/l Prochloraz + 133 g/l Tebuconazole,"EW (Emülsiyon, Suda Yağ)",6
TASKURON (İMAL),240 g/l Spiromesifen,SC (Akıcı Konsantre/Süspansiyon Konsantre),6
ODİLİA 120 SC (İMAL),120 g/l Spinetoram,SC (Akıcı Konsantre/Süspansiyon Konsantre),6
SPANVİC (İTHAL),480 g/l Spinosad,SC (Akıcı Konsantre/Süspansiyon Konsantre),6
NAMARA 60 FS (İMAL),60 g/l Tebuconazole,FS (Tohum İlaçlaması İçin Akıcı Konsantre),6
HARDNESS (İTHAL),%50 Metalik bakıra eşdeğer bakır hidroksit,WG (Suda Dağılabilen Granül),6
FEEGO (İTHAL),%85 Pyroxasulfone,WG (Suda Dağılabilen Granül),6
SİNGELTON 333 FS (İMAL),333 g/l Fluxapyroxad,FS (Tohum İlaçlaması İçin Akıcı Konsantre),6
SİNGELTON 300 SC (İMAL),300 g/l Fluxapyroxad,SC (Akıcı Konsantre/Süspansiyon Konsantre),6
SENIOR 20 SC (İMAL),200 g/l Cyflumetofen,SC (Akıcı Konsantre/Süspansiyon Konsantre),6
GUCHVER (İMAL),400 g/l Fluopyram,SC (Akıcı Konsantre/Süspansiyon Konsantre),6
HERBSTONE (İMAL),400 g/l Flufenacet + 100 g/l Diflufenican,SC (Akıcı Konsantre/Süspansiyon Konsantre),6
BANTU 40 EC (İMAL),40 g/l Quizalofop-p-tefuryl,EC (Emülsiye Olabilen Konsantre),6
EFDAL IMPIANTO 500 SC (İMAL),500 g/l Fluazinam,SC (Akıcı Konsantre/Süspansiyon Konsantre),6
NUTRA MAN (İMAL),200 g/l Fluopyram + 200 g/l Tebuconazole,SC (Akıcı Konsantre/Süspansiyon Konsantre),6
LENA FEKS (İMAL),10 g/l Forchlorfenuron,SL (Suda Çözünen Konsantre),6
FER PRO (İMAL),720 g/l Ethephon + 45 g/l Cyclanilide,SC (Akıcı Konsantre/Süspansiyon Konsantre),6
KANOLİT 50 WG (İTHAL),%50 Boscalid,WG (Suda Dağılabilen Granül),6
CONDITOR 500 SC (İMAL),500 g/l Fluazinam,SC (Akıcı Konsantre/Süspansiyon Konsantre),6
SETTORE (İMAL),300 g/l Ametoctradin + 225 g/l Dimethomorph,SC (Akıcı Konsantre/Süspansiyon Konsantre),6
VEFMES 200 EC (İMAL),200 g/l Esfenvalerate,EC (Emülsiye Olabilen Konsantre),6
KORVELA SC (İMAL),156 g/l Acequinocyl,SC (Akıcı Konsantre/Süspansiyon Konsantre),6
STALKER (İMAL),"312,5 g/l S-Metolachlor + 187,5 g/l Terbuthylazine",SC (Akıcı Konsantre/Süspansiyon Konsantre),6
ROY OPTİ (İMAL),500 g/l Fluazinam,SC (Akıcı Konsantre/Süspansiyon Konsantre),6
"STARTER 116,2 EC (İTHAL)","116,2 g/l Clethodim",EC (Emülsiye Olabilen Konsantre),6
OLMEC (İTHAL),"116,2 g/l Clethodim",EC (Emülsiye Olabilen Konsantre),6
ALMANAK 35 WG (İMAL),%35 Chlorantraniliprole,WG (Suda Dağılabilen Granül),6
LARRY 800 EC (İMAL),800 g/l Mineral Yağ,EC (Emülsiye Olabilen Konsantre),6
CROPTRANİL 200 SC (İMAL),200 g/l Chlorantraniliprole,SC (Akıcı Konsantre/Süspansiyon Konsantre),6
DHERMAN 18 EW (İMAL),18 g/l Abamectin,"EW (Emülsiyon, Suda Yağ)",6
ARPEJ 20 SC (İMAL),20 g/l Abamectin,SC (Akıcı Konsantre/Süspansiyon Konsantre),6
CROPTRANİL 35 WG (İMAL),%35 Chlorantraniliprole,WG (Suda Dağılabilen Granül),6
NİNEFOX (İMAL),"480 g/l Bentazone + 22,4 g/l Imazamox",SL (Suda Çözünen Konsantre),6
AVAZ (İMAL),"18,8 g/l 6-Benzyladenine + 18,5 g/l Gibberellin A4/A7",SL (Suda Çözünen Konsantre),6
AGROZATE 900 EC (İMAL),900 g/l Fosthiazate,EC (Emülsiye Olabilen Konsantre),6
GEMELOS 15 EC (İMAL),150 g/l Fosthiazate,EC (Emülsiye Olabilen Konsantre),6
MAKAZE 5 SG (İMAL),%5 Emamectin benzoate,SG (Suda Çözünen Granül),6
AGROFARM AMPERRA (İMAL),180 g/l Abamectin,DC (Disperse Olabilen Konsantre),6
ONZYD (İMAL),%65 Dodine,WG (Suda Dağılabilen Granül),6
BACKPAY (İMAL),250 g/l Bupirimate,EC (Emülsiye Olabilen Konsantre),6
PLAIN 200 SC (İTHAL),200 g/l Chlorantraniliprole,SC (Akıcı Konsantre/Süspansiyon Konsantre),6
SCOTCH (İMAL),100 g/l Alpha-cypermethrin,EC (Emülsiye Olabilen Konsantre),6
FEIRA 500 SC (İMAL),350 g/l Metamitron + 150 g/l Ethofumesate,SC (Akıcı Konsantre/Süspansiyon Konsantre),6
NIMFER 50 CS (İMAL),50 g/l Lambda-cyhalothrin,CS (Kapsül Süspansiyon),6
ROYŞAD (İMAL),125 g/l Azoxystrobin + 125 g/l Difenoconazole,SC (Akıcı Konsantre/Süspansiyon Konsantre),6
LUFGARD (İMAL),50 g/l Lufenuron,EC (Emülsiye Olabilen Konsantre),6
REBORAN SC (İMAL),300 g/l Fluxapyroxad,SC (Akıcı Konsantre/Süspansiyon Konsantre),6
"MİNECTO 163,5 SC (İTHAL)","135 g/l Cyantraniliprole+ 28,5 g/l Abamectin",SC (Akıcı Konsantre/Süspansiyon Konsantre),6
EFDAL RUBYKİM (İMAL),"26,5 g/l Pyraflufen ethyl",EC (Emülsiye Olabilen Konsantre),6
OTORITER OD 80 (İMAL),50 g/l Foramsulfuron + 30 g/l Thiencarbazone-methyl,OD (Yağda Dağılabilen),6
TARACLİA (İTHAL),%20 Flubendiamide,WG (Suda Dağılabilen Granül),6
NUBAR 250 SC (İMAL),250 g/l Flutriafol,SC (Akıcı Konsantre/Süspansiyon Konsantre),6
HAYWARD 10 EC (İMAL),10 g/l Forchlorfenuron,EC (Emülsiye Olabilen Konsantre),6
CROPİNN (İTHAL),250 g/l Cypermethrin,EC (Emülsiye Olabilen Konsantre),6
TAMİPOTA (İTHAL),690 g/l Metam Potassium,SL (Suda Çözünen Konsantre),6
ASSOMMER (İMAL),700 g/l Mineral Yağ,"EW (Emülsiyon, Suda Yağ)",6
FUERTE (İMAL),150 g/l Fluazifop-p-butyl,EC (Emülsiye Olabilen Konsantre),6
SAFA ENSURE (İMAL),100 g/l Isopyrazam + 40 g/l Difenoconazole,SC (Akıcı Konsantre/Süspansiyon Konsantre),6
GRANULAM (İTHAL),%24 Lambda-cyhalothrin,WG (Suda Dağılabilen Granül),6
PLOCAFIR (İMAL),700 g/l Mineral Yağ,"EW (Emülsiyon, Suda Yağ)",6
BEASTONE (İMAL),175 g/l Prothioconazole + 88 g/l Trifloxystrobin,SC (Akıcı Konsantre/Süspansiyon Konsantre),6
SPİCUT (İTHAL),100 g/l Spirotetramat,SC (Akıcı Konsantre/Süspansiyon Konsantre),6
FİLEFCON (İMAL),500 g/l Fluazinam,SC (Akıcı Konsantre/Süspansiyon Konsantre),6
CHIOZA 80 WG (İTHAL),%80 Fosetyl-Al,WG (Suda Dağılabilen Granül),6
QUENZA WG (İMAL),%50 Flonicamid,WG (Suda Dağılabilen Granül),6
LOGGY (İMAL),375 g/l Pyrimethanil +125 g/l Fluopyram,SC (Akıcı Konsantre/Süspansiyon Konsantre),6
JAGUAR MİCRO WP (İMAL),%25 Tebuconazole,WP (Islanabilir Toz),6
COMİTY (İTHAL),500 g/l Metam Sodium,SL (Suda Çözünen Konsantre),6
OCUPADO (İMAL),800 g/l Mineral Yağ,EC (Emülsiye Olabilen Konsantre),6
ALGUNAS (İTHAL),50 g/l Fenpyroximate,SC (Akıcı Konsantre/Süspansiyon Konsantre),6
VAVRIN 050 CS (İTHAL),50 g/l Lambda-cyhalothrin,CS (Kapsül Süspansiyon),6
CURLİNE (İMAL),200 g/l Cyflumetofen,SC (Akıcı Konsantre/Süspansiyon Konsantre),6
EFDAL KATTA SC (İMAL),200 g/l Cyflumetofen,SC (Akıcı Konsantre/Süspansiyon Konsantre),6
PAYDOS (İMAL),75 g/l Fluxapyroxad + 50 g/l Difenoconazole,SC (Akıcı Konsantre/Süspansiyon Konsantre),6
CONATUS (İMAL),%80 Folpet,WG (Suda Dağılabilen Granül),6
AGROFARM KLİNG 063 SC (İMAL),45 g/l Chlorantraniliprole + 18 g/l Abamectin,SC (Akıcı Konsantre/Süspansiyon Konsantre),6
TARTAN 48 EC (İMAL),480 g/l Clomazone,EC (Emülsiye Olabilen Konsantre),6
CHIRAG 20 SC (İTHAL),200 g/l Chlorantraniliprole,SC (Akıcı Konsantre/Süspansiyon Konsantre),6
FRSBOZOK (İMAL),40 g/l Nicosulfuron,OD (Yağda Dağılabilen),6
FULLBACK (İMAL),296 g/l Azoxystrobin + 218 g/l Flutriafol,SC (Akıcı Konsantre/Süspansiyon Konsantre),6
INNOGARD (İMAL),296 g/l Azoxystrobin + 218 g/l Flutriafol,SC (Akıcı Konsantre/Süspansiyon Konsantre),6
THUMPER (İTHAL),%50 Metalik bakıra eşdeğer bakır oksiklorid,WP (Islanabilir Toz),6
ARMICIDE (İTHAL),%5 Emamectin benzoate,SG (Suda Çözünen Granül),6
PARIKH DISPERSE (İTHAL),%20 Metalik bakıra eşdeğer bordo bulamacı,"WG ""Sadece bakırlı preparatlar"" (Suda Dağılabilen Granül)",6
EFDAL FOSALİN 80 WG (İMAL),%80 Fosetyl-Al,WG (Suda Dağılabilen Granül),6
RİSPETTO EC 425 (İMAL),224 g/l Spiroxamine + 148 g/l Tebuconazole + 53 g/l Prothioconazole,EC (Emülsiye Olabilen Konsantre),6
SYMETRIN (İMAL),224 g/l Spiroxamine + 148 g/l Tebuconazole + 53 g/l Prothioconazole,EC (Emülsiye Olabilen Konsantre),6
KEANU (İTHAL),%80 Kükürt,WG (Suda Dağılabilen Granül),6
BELMINA (İMAL),"75 g/l Fluroxypyr- meptyl + 30 g/l Pinoxaden + 1,75 g/l Florasulam + 7,5 g/l Cloquintocet-mexyl (safener)",EC (Emülsiye Olabilen Konsantre),6
BİXİBİTE 063 SC (İMAL),45 g/l Chlorantraniliprole + 18 g/l Abamectin,SC (Akıcı Konsantre/Süspansiyon Konsantre),6
METOT 70 WP (İTHAL),%70 Metribuzin,WP (Islanabilir Toz),6
SHENZI 200 SC (İTHAL),200 g/l Chlorantraniliprole,SC (Akıcı Konsantre/Süspansiyon Konsantre),6
EFDAL TÖTEN EC (İMAL),480 g/l Clomazone,EC (Emülsiye Olabilen Konsantre),6
GALYO 75 WG (İMAL),%75 Halosulfuron-methyl,WG (Suda Dağılabilen Granül),6
LORYNTHOR (İMAL),50 g/l Lambda-cyhalothrin,CS (Kapsül Süspansiyon),6
RASSENE (İMAL),25 g/l Sodium s-Naphthaline Acetate + 3 g/l Sodium Para Nitrophenolate + 2 g/l Sodium Ortho Nitrophenolate + 1 g/l Sodium Penta Nitroguaiacolate,SL (Suda Çözünen Konsantre),6
LABİDAL (İMAL),100 g/l Lambda-cyhalothrin + 100 g/l Lufenuron,SC (Akıcı Konsantre/Süspansiyon Konsantre),6
FELUTEN 222 SC (İMAL),222 g/l Flubendiamide,SC (Akıcı Konsantre/Süspansiyon Konsantre),6
AGROFARM VICTOR (İMAL),400 g/l Fluopyram,SC (Akıcı Konsantre/Süspansiyon Konsantre),6
LİANGO 20 SC (İMAL),200 g/l Cyflumetofen,SC (Akıcı Konsantre/Süspansiyon Konsantre),6
ELİMİNATE 35 WG (İMAL),%35 Chlorantraniliprole,WG (Suda Dağılabilen Granül),6
LOCSUFON (İTHAL),%85 Pyroxasulfone,WG (Suda Dağılabilen Granül),6
DRONNE (İMAL),375 g/l Fluazinam + 150 g/l Azoxystrobin,SC (Akıcı Konsantre/Süspansiyon Konsantre),6
SCENICGOLD FS 350 (İTHAL),200 g/l Fluopicolide + 150 g/l Fluoxastrobin,FS (Tohum İlaçlaması İçin Akıcı Konsantre),6
KİNG'S BLESSİNG (İTHAL),%35 Chlorantraniliprole,WG (Suda Dağılabilen Granül),6
TRANSIT (İMAL),500 g/l 8- Hydroxyquinoline sulphate,SL (Suda Çözünen Konsantre),6
LORD 480 EC (İMAL),480 g/l Clomazone,EC (Emülsiye Olabilen Konsantre),6
BEASİMUS (İMAL),75 g/l Mesotrione + 30 g/l Nicosulfuron,OD (Yağda Dağılabilen),6
PERLAN 2X (İTHAL),"37 g/l Gibberellin A4/A7 + 37,6 g/l 6- Benzyladenine",SL (Suda Çözünen Konsantre),6
AGROFARM KAYI (İMAL),300 g/l Aclonifen + 20 g/l İmazamox,SC (Akıcı Konsantre/Süspansiyon Konsantre),6
ALTIUM 440 EW (İMAL),440 g/l Malathion,"EW (Emülsiyon, Suda Yağ)",6
EMBAN 50 WP (İTHAL),%50 Captan,WP (Islanabilir Toz),6
SPILOS (İMAL),375 g/l Fluazinam + 150 g/l Azoxystrobin,SC (Akıcı Konsantre/Süspansiyon Konsantre),6
ROYMİX 525 SC (İMAL),375 g/l Fluazinam + 150 g/l Azoxystrobin,SC (Akıcı Konsantre/Süspansiyon Konsantre),6
ALGAFER (İMAL),44 g/l Tembotrione + 22 g/l Isoxadifen-ethyl (safener),OD (Yağda Dağılabilen),6
EFDAL POINT 500 SC (İMAL),350 g/l Metamitron + 150 g/l Ethofumesate,SC (Akıcı Konsantre/Süspansiyon Konsantre),6
SİND WG (İTHAL),"%25,2 Boscalid + %12,8 Pyraclostrobin",WG (Suda Dağılabilen Granül),6
NATOLİN WG (İMAL),%55 Metiram + %5 Pyraclostrobin,WG (Suda Dağılabilen Granül),6
SAFA VİVA (İMAL),% 68 Thifensulfuron-methyl + % 7 Metsulfuron- methyl,WG (Suda Dağılabilen Granül),6
CUMANS (İMAL),375 g/l Fluazinam + 150 g/l Azoxystrobin,SC (Akıcı Konsantre/Süspansiyon Konsantre),6
FENETRİN 30 EC (İTHAL),300 g/l Bromuconazole,EC (Emülsiye Olabilen Konsantre),6
FELUTEN 20 WG (İMAL),%20 Flubendiamide,WG (Suda Dağılabilen Granül),6
SANDERO (İMAL),"65,82 g/l Metalik bakıra eşdeğer bakır sülfat",SC (Akıcı Konsantre/Süspansiyon Konsantre),6
SAFA PERİFEL (İMAL),400 g/l Fluopyram,SC (Akıcı Konsantre/Süspansiyon Konsantre),6
KİNG'S TİARA (İTHAL),%75 Tribenuron-methyl,WG (Suda Dağılabilen Granül),6
EQUUS (İMAL),500 g/l Metrafenone,SC (Akıcı Konsantre/Süspansiyon Konsantre),6
ATEXA (İMAL),310 g/l Pyrimethanil + 95 g/l Trifloxystrobin,SC (Akıcı Konsantre/Süspansiyon Konsantre),6
VULPECU 500 SC (İMAL),500 g/l Metrafenone,SC (Akıcı Konsantre/Süspansiyon Konsantre),6
OVERDO SC (İMAL),500 g/l Fluometuron,SC (Akıcı Konsantre/Süspansiyon Konsantre),6
CORPORAL 80 EC (İMAL),800 g/l Prosulfocarb,EC (Emülsiye Olabilen Konsantre),6
HYPNOSE 05 WG (İMAL),%5 Emamectin benzoate,WG (Suda Dağılabilen Granül),6
BARCİNO (İMAL),200 g/l Cyflumetofen,SC (Akıcı Konsantre/Süspansiyon Konsantre),6
TAVIRA 200 SC (İMAL),200 g/l Chlorantraniliprole,SC (Akıcı Konsantre/Süspansiyon Konsantre),6
SAFA LUCENS (İMAL),%40 Metalik bakıra eşdeğer tribazik bakır sülfat,WG (Suda Dağılabilen Granül),6
FRESO (İMAL),500 g/l Metrafenone,SC (Akıcı Konsantre/Süspansiyon Konsantre),6
MARGOT 400 SC (İMAL),200 g/l Fluopyram + 200 g/l Tebuconazole,SC (Akıcı Konsantre/Süspansiyon Konsantre),6
ORİZA (İMAL),250 g/l Piperonly Butoxide + 25 g/l Deltamethrin,EC (Emülsiye Olabilen Konsantre),6
EFDAL DUMAN 80 WG (İMAL),%80 Captan,WG (Suda Dağılabilen Granül),6
KİNG'S SONATA (İTHAL),"%30 Cymoxanil + %22,5 Famoxadone",WG (Suda Dağılabilen Granül),6
RONIRA WG (İMAL),"%66,7 Fosetyl-Al + %4,44 Fluopicolide",WG (Suda Dağılabilen Granül),6
SORASOL (İMAL),"228,6 g/l Spiromesifen + 11,4 g/l Abamectin",SC (Akıcı Konsantre/Süspansiyon Konsantre),6
CENDER 65 (İTHAL),650 g/l Malathion,EC (Emülsiye Olabilen Konsantre),6
EMFODOR (İTHAL),240 g/l Spirodiclofen,SC (Akıcı Konsantre/Süspansiyon Konsantre),6
TONYUKUK (İMAL),480 g/l Metamitron + 66 g/l Ethofumesate + 42 g/l Phenmedipham,SC (Akıcı Konsantre/Süspansiyon Konsantre),6
CHOPPER 25 SG (İMAL),%25 Rimsulfuron,SG (Suda Çözünen Granül),6
ANDROMEDA OD (İMAL),36 g/l Abamectin,OD (Yağda Dağılabilen),6
GALEBE SC (İMAL),136 g/l Metalik bakıra eşdeğer bakır hidroksit + 136 g/l Metalik bakıra eşdeğer bakır oksiklorid,SC (Akıcı Konsantre/Süspansiyon Konsantre),6
EFDAL TOTEMO (İMAL),200 g/l Proquinazid,EC (Emülsiye Olabilen Konsantre),6
MAZELİX (İTHAL),400 g/l Pethoxamid + 24 g/l Clomazone,EC (Emülsiye Olabilen Konsantre),6
SHUMO (İTHAL),40 g/l Imazamox,SL (Suda Çözünen Konsantre),6
SAFA SAPHIRE (İMAL),"% 56,2 Dicamba sodyum tuzu (%51,04 Dicamba asite eşdeğer) + % 6,25 Nicosulfuron + % 3,13 Rimsulfuron + % 3,13 Isoxadifen-ethyl (safener)",SG (Suda Çözünen Granül),6
UFENS 66 OD (İMAL),44 g/l Tembotrione + 22 g/l Isoxadifen-ethyl (safener),OD (Yağda Dağılabilen),6
SENTAUR (İMAL),200 g/l Tebuconazole + 120 g/l Azoxystrobin,SC (Akıcı Konsantre/Süspansiyon Konsantre),6
MİTİO (İMAL),"360 g/l 2,4-D Asit (543 g/l 2,4-D EHE eşdeğer) + 90 g/l Fluroxypyr (129 g/l Fluroxypyr meptyl'e eşdeğer)",EC (Emülsiye Olabilen Konsantre),6
SAFA BOUTIQUE (İMAL),%85 Pyroxasulfone,WG (Suda Dağılabilen Granül),6
EFDAL SMYNA 200 SL (İMAL),200 g/l Glufosinate-ammonium tuzu,SL (Suda Çözünen Konsantre),6
AGATA 465 SC (İMAL),225 g/l Isoxaflutole + 90 g/l Thiencarbazone-methyl + 150 g/l Cyprosulfamide (safener),SC (Akıcı Konsantre/Süspansiyon Konsantre),6
SAFA DEFIANCE 35 DS (İMAL),%35 Metalaxyl,DS (Kuru Tohum İlacı),6
EFDAL PANTRİN EC (İMAL),800 g/l Prosulfocarb + 80 g/l Metribuzin,EC (Emülsiye Olabilen Konsantre),6
SONBU (İMAL),"%3,3 1-Methylcyclopropene",VP (Gaz Neşreden İlaç),6
SAFA SPARTAN 500 WG (İMAL),%50 Sulfoxaflor,WG (Suda Dağılabilen Granül),6
KİNG' GROZA (İTHAL),100 g/l Pyriproxyfen,EC (Emülsiye Olabilen Konsantre),6
ANDROMEDA SC (İMAL),84 g/l Abamectin,SC (Akıcı Konsantre/Süspansiyon Konsantre),6
CORİSCO 063 SC (İMAL),45 g/l Chlorantraniliprole + 18 g/l Abamectin,SC (Akıcı Konsantre/Süspansiyon Konsantre),6
CLEAR OUT SL (İMAL),240 g/l Glyphosate Isopropylamin Tuzu,SL (Suda Çözünen Konsantre),6
DADALUS 550 SC (İMAL),500 g/l Diflufenican + 50 g/l Florasulam,SC (Akıcı Konsantre/Süspansiyon Konsantre),6
TUXEDO (İMAL),45 g/l Chlorantraniliprole + 18 g/l Abamectin,SC (Akıcı Konsantre/Süspansiyon Konsantre),6
CONSPİCUO (İTHAL),"%26,7 Boscalid + %6,7 Pyraclostrobin",WG (Suda Dağılabilen Granül),6
TEENCROP (İMAL),%25 Tebuconazole,WP (Islanabilir Toz),6
ROSİER 450 EC (İMAL),450 g/l Prochloraz,EC (Emülsiye Olabilen Konsantre),6
ROYCUB SC (İMAL),375 g/l Pyrimethanil +125 g/l Fluopyram,SC (Akıcı Konsantre/Süspansiyon Konsantre),6
ENTUSH (İMAL),375 g/l Pyrimethanil +125 g/l Fluopyram,SC (Akıcı Konsantre/Süspansiyon Konsantre),6
ARTUREX (İMAL),200 g/l Tebuconazole + 120 g/l Azoxystrobin,SC (Akıcı Konsantre/Süspansiyon Konsantre),6
CROPEXA (İMAL),%70 Dithianon,WG (Suda Dağılabilen Granül),6
NETLOGRIN (İMAL),18 g/l Abamectin,EC (Emülsiye Olabilen Konsantre),6
VERRUNT (İMAL),400 g/l Fluopyram,SC (Akıcı Konsantre/Süspansiyon Konsantre),6
DEROSAN (İMAL),%80 Fosetyl-Al,WG (Suda Dağılabilen Granül),6
MORTELLO 400 SC (İMAL),400 g/l Fluopyram,SC (Akıcı Konsantre/Süspansiyon Konsantre),6
VELOCOP (İMAL),"361,1 g/l Metalik bakıra eşdeğer bakır hidroksit",SC (Akıcı Konsantre/Süspansiyon Konsantre),6
MİMOSA (İMAL),%20 Pyridaben,WP (Islanabilir Toz),6
EFDAL CAMPO 376 SC (İMAL),326 g/l Terbuthylazine + 50 g/l Mesotrione,SC (Akıcı Konsantre/Süspansiyon Konsantre),6
SONAR 170 FS (İMAL),150 g/l Prothioconazole + 20 g/l Tebuconazole,FS (Tohum İlaçlaması İçin Akıcı Konsantre),6
STARLINK 170 FS (İMAL),150 g/l Prothioconazole + 20 g/l Tebuconazole,FS (Tohum İlaçlaması İçin Akıcı Konsantre),6
SHEBİLL 60 FS (İTHAL),60 g/l Tebuconazole,FS (Tohum İlaçlaması İçin Akıcı Konsantre),6
JOCKEY 5.7 SG (İMAL),% 5.7 Emamectin benzoate,SG (Suda Çözünen Granül),6
ORTOCIL (İTHAL),100 g/l 2-Phenylphenol,EC (Emülsiye Olabilen Konsantre),6
TİTLEKEY (İTHAL),100 g/l Penconazole,EC (Emülsiye Olabilen Konsantre),6
CHIMET 18 EC (İTHAL),18 g/l Abamectin,EC (Emülsiye Olabilen Konsantre),6
CHEEKYTAILS 50 CS (İMAL),50 g/l Lambda-cyhalothrin,CS (Kapsül Süspansiyon),6
PRULANT 156 SC (İMAL),156 g/l Acequinocyl,SC (Akıcı Konsantre/Süspansiyon Konsantre),6
VENACO 1.8 EC (İMAL),18 g/l Abamectin,EC (Emülsiye Olabilen Konsantre),6
BURTZOL (İTHAL),"18,8 g/l 6-Benzyladenine + 18,5 g/l Gibberellin A4/A7",SL (Suda Çözünen Konsantre),6
SETH 24 EC (İMAL),240 g/l Carfentrazone-ethyl,EC (Emülsiye Olabilen Konsantre),6
FACILE (İMAL),500 g/l İndaziflam,SC (Akıcı Konsantre/Süspansiyon Konsantre),6
BEASGRIA (İMAL),44 g/l Tembotrione + 22 g/l Isoxadifen-ethyl (safener),OD (Yağda Dağılabilen),6
TİNO (İTHAL),400 g/l Propamocarb-hydrochloride + 50 g/l Cymoxanil,SC (Akıcı Konsantre/Süspansiyon Konsantre),6
EFDAL BENE 400 SC (İMAL),400 g/l Propyzamide,SC (Akıcı Konsantre/Süspansiyon Konsantre),6
MANECRON (İMAL),150 g/l Pyraclostrobin+ 75 g/l Fluxapyroxad,EC (Emülsiye Olabilen Konsantre),6
SECTOJEN 35 WG (İMAL),%35 Chlorantraniliprole,WG (Suda Dağılabilen Granül),6
ROYAYRİS (İMAL),500 g/l Fluometuron,SC (Akıcı Konsantre/Süspansiyon Konsantre),6
POLYWEED (İTHAL),%85 Pyroxasulfone,WG (Suda Dağılabilen Granül),6
MASTERGRAN (İTHAL),%70 Dithianon,WG (Suda Dağılabilen Granül),6
PAYAKAN (İMAL),250 g/l Dithianon + 250 g/l Pyrimethanil,SC (Akıcı Konsantre/Süspansiyon Konsantre),6
EXITUS (İMAL),100 g/l Cycloxydim,EC (Emülsiye Olabilen Konsantre),6
STÜRMER 250 EC (İMAL),250 g/l Difenoconazole,EC (Emülsiye Olabilen Konsantre),6
TİCKETS (İMAL),250 g/l Bupirimate,EC (Emülsiye Olabilen Konsantre),6
DECLERE 156 SC (İMAL),156 g/l Acequinocyl,SC (Akıcı Konsantre/Süspansiyon Konsantre),6
TEZCONAL 20 SC (İMAL),20 g/l Abamectin,SC (Akıcı Konsantre/Süspansiyon Konsantre),6
BERKUT WG (İMAL),"%25,2 Boscalid + %12,8 Pyraclostrobin",WG (Suda Dağılabilen Granül),6
BOFOR 500 SC (İMAL),500 g/l Fluazinam,SC (Akıcı Konsantre/Süspansiyon Konsantre),6
ROBIGO 20 SC (İMAL),20 g/l Abamectin,SC (Akıcı Konsantre/Süspansiyon Konsantre),6
SIMPELL (İTHAL),480 g/l Spinosad,SC (Akıcı Konsantre/Süspansiyon Konsantre),6
ROYFOX 20 SC (İMAL),200 g/l Cyflumetofen,SC (Akıcı Konsantre/Süspansiyon Konsantre),6
FRACTAL SC (İMAL),375 g/l Fluazinam + 150 g/l Azoxystrobin,SC (Akıcı Konsantre/Süspansiyon Konsantre),6
ROYBEST 63 SC (İMAL),45 g/l Chlorantraniliprole + 18 g/l Abamectin,SC (Akıcı Konsantre/Süspansiyon Konsantre),6
PAPYRUS (İMAL),400 g/l Propamocarb-hydrochloride + 50 g/l Cymoxanil,SC (Akıcı Konsantre/Süspansiyon Konsantre),6
TURNA (İMAL),100 g/l Penconazole,EC (Emülsiye Olabilen Konsantre),6
ANTIOPE (İTHAL),%80 Fosetyl-Al,WG (Suda Dağılabilen Granül),6
ROYGAM (İMAL),250 g/l Mandipropamid,SC (Akıcı Konsantre/Süspansiyon Konsantre),6
PROTEBUZ EW (İTHAL),267 g/l Prochloraz + 133 g/l Tebuconazole,"EW (Emülsiyon, Suda Yağ)",6
AGROGURU SC (İMAL),136 g/l Metalik bakıra eşdeğer bakır hidroksit + 136 g/l Metalik bakıra eşdeğer bakır oksiklorid,SC (Sadece bakırlı preparatlar) ( (Akıcı Konsantre/Süspansiyon Konsantre)),6
REVANCHA (İMAL),%50 Formetanate hydrochloride,SP (Suda Çözünen Toz),6
FLOWEND 50 WG (İTHAL),%50 Flonicamid,WG (Suda Dağılabilen Granül),6
MARİTUS (İMAL),"%66,7 Fosetyl-Al + %4,44 Fluopicolide",WG (Suda Dağılabilen Granül),6
ROYTAİ 150 ZEC (İMAL),100 g/l Chlorantraniliprole + 50 g/l Lambda-cyhalothrin,ZC (CS ve SC Formülasyonlarının Karışımı),6
KADNEZAR (İMAL),250 g/l Cypermethrin,EC (Emülsiye Olabilen Konsantre),6
PATRİCK 700 SC (İMAL),700 g/l Metamitron,SC (Akıcı Konsantre/Süspansiyon Konsantre),6
SCHONIL SEED (İTHAL),25 g/l Fludioxonil + 10 g/l Metalaxyl-m,FS (Tohum İlaçlaması İçin Akıcı Konsantre),6
ACOUSTICA 035 FS (İMAL),25 g/l Fludioxonil + 10 g/l Metalaxyl-m,FS (Tohum İlaçlaması İçin Akıcı Konsantre),6
ACRATOS (İTHAL),300 g/l Pyrimethanil,SC (Akıcı Konsantre/Süspansiyon Konsantre),6
ALBİSON (İMAL),75 g/l Fluxapyroxad + 50 g/l Difenoconazole,SC (Akıcı Konsantre/Süspansiyon Konsantre),6
MONOCEROS 405 SC (İMAL),310 g/l Pyrimethanil + 95 g/l Trifloxystrobin,SC (Akıcı Konsantre/Süspansiyon Konsantre),6
BARN (İTHAL),%56 Aluminium phosphide,TB (Tablet),6
LARVOLİ 25 WP (İMAL),%25 Malathion,WP (Islanabilir Toz),6
MIXPARTNER 500 SC (İMAL),350 g/l Metamitron + 150 g/l Ethofumesate,SC (Akıcı Konsantre/Süspansiyon Konsantre),6
EFDAL TAKANE 063 SC (İMAL),45 g/l Chlorantraniliprole + 18 g/l Abamectin,SC (Akıcı Konsantre/Süspansiyon Konsantre),6
DOGAMITE 200 SC (İMAL),200 g/l Cyflumetofen,SC (Akıcı Konsantre/Süspansiyon Konsantre),6
BATANA 200 SC (İMAL),200 g/l Cyflumetofen,SC (Akıcı Konsantre/Süspansiyon Konsantre),6
AUXBORD (İMAL),124 g/l Metalik bakıra eşdeğer bordo bulamacı,SC (Akıcı Konsantre/Süspansiyon Konsantre),6
PASKILL (İTHAL),500 g/l Imazalil,EC (Emülsiye Olabilen Konsantre),6
METAFER 20 SC (İMAL),200 g/l Cyflumetofen,SC (Akıcı Konsantre/Süspansiyon Konsantre),6
COBRABİTE (İMAL),%20 Pyridaben,WP (Islanabilir Toz),6
COMMANDATE (İMAL),125 g/l Azoxystrobin + 125 g/l Difenoconazole,SC (Akıcı Konsantre/Süspansiyon Konsantre),6
KENDRAS (İMAL),"452,42 g/l 2,4-D 2-Ethylhexyl ester + 6,25 g/l Florasulam",SE (Suspo-Emülsiyon),6
BASAT (İMAL),330 g/l Dicamba + 75 g/l Nicosulfuron,SC (Akıcı Konsantre/Süspansiyon Konsantre),6
SAFA MOTTO (İMAL),"360 g/l 2,4-D Asit (543 g/l 2,4-D EHE eşdeğer) + 90 g/l Fluroxypyr (129 g/l Fluroxypyr meptyl'e eşdeğer)",EC (Emülsiye Olabilen Konsantre),6
DADASH (İMAL),250 g/l lambda cyhalothrin,OD (Yağda Dağılabilen),6
CIDETRAK TA MESO (İTHAL),"540 mg (E,Z,Z,) -3,8,11- tetradecatrien-1-yl acetate + 60mg (E,Z) - 3,8 - tetradecadien-1-yl acetate",--- (-),6
SİRMEL 400 SC (İMAL),400 g/l Fluopyram,SC (Akıcı Konsantre/Süspansiyon Konsantre),6
CHIMDA 5 EC (İTHAL),50 g/l Lambda-cyhalothrin,EC (Emülsiye Olabilen Konsantre),6
RİFTOİL (İMAL),800 g/l Mineral Yağ,EC (Emülsiye Olabilen Konsantre),6
AGRIPHOS TABLET (İTHAL),%66 Magnesium Phosphide,TB (Tablet),6
RESPECTOR (İTHAL),200 g/l Tebuconazole + 120 g/l Azoxystrobin,SC (Akıcı Konsantre/Süspansiyon Konsantre),6
TERRONİ (İMAL),"116,2 g/l Clethodim",EC (Emülsiye Olabilen Konsantre),6
SAFA STRIKE (İMAL),100 g/l Cycloxydim,EC (Emülsiye Olabilen Konsantre),6
ASTYANA (İMAL),310 g/l Pyrimethanil + 95 g/l Trifloxystrobin,SC (Akıcı Konsantre/Süspansiyon Konsantre),6
CHILEN CS (İTHAL),450 g/l Pendimethalin,CS (Kapsül Süspansiyon),6
ALTARE (İMAL),%60 Diflufenican + %6 Metsulfuron-methyl,WG (Suda Dağılabilen Granül),6
BUGMASTER 25 EC (İMAL),250 g/l Cypermethrin,EC (Emülsiye Olabilen Konsantre),6
BESTUTAX 105 OD (İMAL),75 g/l Mesotrione + 30 g/l Nicosulfuron,OD (Yağda Dağılabilen),6
EMTOS 25 EC (İTHAL),250 g/l Cypermethrin,EC (Emülsiye Olabilen Konsantre),6
MAK-GİBB (İMAL),20 g/l Gibberellic acid,SL (Suda Çözünen Konsantre),6
CEREPİN (İTHAL),"50 g/l Pinoxaden + 12,5 g/l Cloquintocet-mexyl (Safener)",EC (Emülsiye Olabilen Konsantre),6
ROMİNA (İMAL),530 g/l Propamocarb + 310 g/l Fosetyl,SL (Suda Çözünen Konsantre),6
AVLOD 50 WG (İMAL),%50 Cymoxanil,WG (Suda Dağılabilen Granül),6
CHICAN 80 WG (İTHAL),%80 Captan,WG (Suda Dağılabilen Granül),6
HALT MD EGVM MESO (İTHAL),"1063 mg, (7E,9Z)-7,9-Dodecadien-1-yl acetate",--- (-),6
INTREPİDE (İMAL),300 g/l Spiroxamine + 160 g/l Prothioconazole,EC (Emülsiye Olabilen Konsantre),6
YOKOT (İMAL),30 g/l Mesosulfuron-methyl + 90 g/l Mefenpyr-diethyl (safener),OD (Yağda Dağılabilen),6
LANSMAN 80 WG (İMAL),%80 Captan,WG (Suda Dağılabilen Granül),6
CANDOR (İTHAL),%70 Metribuzin,WDG (Suda Dağılabilen Granül),6
ROYSUN 300 EC (İMAL),300 g/l Cyprodinil,EC (Emülsiye Olabilen Konsantre),6
TEMPTING (İMAL),"%30 Cymoxanil + %22,5 Famoxadone",WG (Suda Dağılabilen Granül),6
CROPGUARD 480 SC (İMAL),240 g/l Isoxaflutole +240 g/l Cyprosulfamide (safener),SC (Akıcı Konsantre/Süspansiyon Konsantre),6
KİNG'S ORİSON (İTHAL),%50 Flonicamid,WG (Suda Dağılabilen Granül),6
ROYAXMA 22 SC (İMAL),222 g/l Flubendiamide,SC (Akıcı Konsantre/Süspansiyon Konsantre),6
ROYRAM 400 SC (İMAL),400 g/l Fluopyram,SC (Akıcı Konsantre/Süspansiyon Konsantre),6
ROYFLUB 20 WG (İMAL),%20 Flubendiamide,WG (Suda Dağılabilen Granül),6
BOZAT WG (İMAL),"%6,75 Propoxycarbazone Sodium + %4,5 Mesosulfuron-methyl + %9 Mefenpyr-diethyl (safener)",WG (Suda Dağılabilen Granül),6
AGAFIX 225 SC (İMAL),150 g/l Penoxsulam + 75 g/l Florasulam,SC (Akıcı Konsantre/Süspansiyon Konsantre),6
AVENGER (İMAL),500 g/l Fluometuron,SC (Akıcı Konsantre/Süspansiyon Konsantre),6
BEASSIL (İMAL),50 g/l Quizalofop-p-ethyl,EC (Emülsiye Olabilen Konsantre),6
CHIFON 50 WG (İTHAL),%50 Flonicamid,WG (Suda Dağılabilen Granül),6
LENA DASH (İMAL),"%1,18 2- (1-Naphthyl) Acetamıde (NAD) + %0,43 2- (1-Naphthyl) Acetic Acid (NAA)",WP (Islanabilir Toz),6
FLOCA (İTHAL),%50 Flonicamid,WG (Suda Dağılabilen Granül),6
ELICITOR (İMAL),%20 Flubendiamide,WG (Suda Dağılabilen Granül),6
TEKYİ 50 WG (İMAL),%50 Flonicamid,WG (Suda Dağılabilen Granül),6
ASALONİ SC (İMAL),222 g/l Flubendiamide,SC (Akıcı Konsantre/Süspansiyon Konsantre),6
ENTERUPT MD CMDA COMBO MESO-A (İTHAL),"850 mg 8,10- Dodecadien-1-ol, (8E,10E)+500mg 2,4-decadienoic acid,ethyl ester(E,Z) / Feromon Yayıcı",--- (-),6
AMBLEM (İMAL),240 g/l Clopyralid + 80 g/l Picloram + 40 g/l Aminopyralid,SL (Suda Çözünen Konsantre),6
SAFA CHARAS (İMAL),100 g/l Cycloxydim,EC (Emülsiye Olabilen Konsantre),6
JAGER 200 EC (İMAL),200 g/l Pyraclostrobin,EC (Emülsiye Olabilen Konsantre),6
EMECTUT 320 SC (İMAL),200 g/l Tebuconazole + 120 g/l Azoxystrobin,SC (Akıcı Konsantre/Süspansiyon Konsantre),6
ORTOVERO WG 80 (İTHAL),%80 Kükürt,WG (Suda Dağılabilen Granül),6
CHIZON 48 SL (İTHAL),480 g/l Bentazone,SL (Suda Çözünen Konsantre),6
KİNG'S CHARM (İTHAL),240 g/l Clethodim,EC (Emülsiye Olabilen Konsantre),6
PATUKO (İMAL),"26,5 g/l Pyraflufen ethyl",EC (Emülsiye Olabilen Konsantre),6
QUİCKER (İTHAL),480 g/l Ethephon,SL (Suda Çözünen Konsantre),6
ESSENCE 38 WG (İTHAL),"%25,2 Boscalid + %12,8 Pyraclostrobin",WG (Suda Dağılabilen Granül),6
FICTION (İMAL),"%30 Cymoxanil + %22,5 Famoxadone",WG (Suda Dağılabilen Granül),6
ALLİES (İMAL),500 g/l İndaziflam,SC (Akıcı Konsantre/Süspansiyon Konsantre),6
OLBERS OD 66 (İMAL),44 g/l Tembotrione + 22 g/l Isoxadifen-ethyl (safener),OD (Yağda Dağılabilen),6
CITROCIL (İTHAL),100 g/l 2-Phenylphenol + 75 g/l Imazalil,EC (Emülsiye Olabilen Konsantre),6
LONTANO 400 EW (İMAL),267 g/l Prochloraz + 133 g/l Tebuconazole,"EW (Emülsiyon, Suda Yağ)",6
BANSHEE (İMAL),200 g/l Tebuconazole + 120 g/l Azoxystrobin,SC (Akıcı Konsantre/Süspansiyon Konsantre),6
LAPUSS (İMAL),300 g/l Pyrimethanil,SC (Akıcı Konsantre/Süspansiyon Konsantre),6
AGOBİS (İMAL),150 g/l Prothioconazole + 20 g/l Tebuconazole,FS (Tohum İlaçlaması İçin Akıcı Konsantre),6
VİEZLIOS 222 SC (İMAL),222 g/l Flubendiamide,SC (Akıcı Konsantre/Süspansiyon Konsantre),6
ADOMEN SL (İMAL),280 g/l Glufosinate-ammonium,SL (Suda Çözünen Konsantre),6
ALAMAÇ WP (İMAL),%70 Thiophanate-methyl,WP (Islanabilir Toz),6
FİKSTRO (İMAL),375 g/l Fluazinam + 150 g/l Azoxystrobin,SC (Akıcı Konsantre/Süspansiyon Konsantre),6
TİBİLİSE (İMAL),"51,4 g/l Metalik Bakıra eşdeğer Yağ ve Rosin Asitlerinin Bakır Tuzları",EC (Emülsiye Olabilen Konsantre),6
ORLOV (İMAL),220 g/l Dicamba + 50 g/l Nicosulfuron,OD (Yağda Dağılabilen),6
WEDİAT (İMAL),"9,3 g/l Milbemectin",EC (Emülsiye Olabilen Konsantre),6
DİMPLE (İMAL),50 g/l Deltamethrin,SC (Akıcı Konsantre/Süspansiyon Konsantre),6
FOGO (İMAL),500 g/l Diflufenican + 50 g/l Florasulam,SC (Akıcı Konsantre/Süspansiyon Konsantre),6
RAINLIC (İTHAL),%40 Gibberellic Acid,SG (Suda Çözünen Granül),6
CARMENTES (İMAL),720 g/l Ethephon,SL (Suda Çözünen Konsantre),6
REDTURTLE 450 CS (İTHAL),450 g/l Pendimethalin,CS (Kapsül Süspansiyon),6
MEGURO (İMAL),259 g/l Metalik bakıra eşdeğer bakır hidroksit + 49 g/l Metalaxyl,SC (Akıcı Konsantre/Süspansiyon Konsantre),6
KENATUS (İMAL),200 g/l Tebuconazole + 120 g/l Azoxystrobin,SC (Akıcı Konsantre/Süspansiyon Konsantre),6
RAGNAROK SC 480 (İMAL),240 g/l Isoxaflutole +240 g/l Cyprosulfamide (safener),SC (Akıcı Konsantre/Süspansiyon Konsantre),6
ABGWITH (İMAL),%50 Tebuconazole + %25 Trifloxystrobin,WG (Suda Dağılabilen Granül),6
PENDİPAX (İTHAL),330 g/l Pendimethalin,EC (Emülsiye Olabilen Konsantre),6
ROYKÜP (İMAL),240 g/l Carfentrazone-ethyl,EC (Emülsiye Olabilen Konsantre),6
PİNKMAN (İMAL),50 g/l Mepiquat Chloride,SL (Suda Çözünen Konsantre),6
ROYHOT EC (İMAL),480 g/l Clomazone,EC (Emülsiye Olabilen Konsantre),6
VERSED 5 EW (İMAL),"51,3 g/l Cyflufenamid","EW (Emülsiyon, Suda Yağ)",6
CARPAZ 300 EC (İMAL),300 g/l Cyprodinil,EC (Emülsiye Olabilen Konsantre),6
BRANİNA (İMAL),%50 Cymoxanil,WP (Islanabilir Toz),6
EUMİDAN 80 WG (İMAL),%80 Captan,WG (Suda Dağılabilen Granül),6
SPRINEX (İMAL),300 g/l Spiroxamine + 160 g/l Prothioconazole,EC (Emülsiye Olabilen Konsantre),6
KARDAT 50 WP (İMAL),%50 Captan,WP (Islanabilir Toz),6
EFDAL FULKİT (İMAL),"51,3 g/l Cyflufenamid","EW (Emülsiyon, Suda Yağ)",6
TANCAP (İTHAL),%80 Captan,WG (Suda Dağılabilen Granül),6
XEDAZİL 22 (İTHAL),220 g/l Imazalil,EC (Emülsiye Olabilen Konsantre),6
GAMBOL (İMAL),250 g/l Flurochloridone,EC (Emülsiye Olabilen Konsantre),6
GIANT 450 CS (İMAL),450 g/l Pendimethalin,CS (Kapsül Süspansiyon),6
KOLLBEN 20 SC (İTHAL),200 g/l Chlorantraniliprole,SC (Akıcı Konsantre/Süspansiyon Konsantre),6
BUGA 66 OD (İMAL),44 g/l Tembotrione + 22 g/l Isoxadifen-ethyl (safener),OD (Yağda Dağılabilen),6
STRONİPAC (İTHAL),250 g/l Trinexapac-ethyl,EC (Emülsiye Olabilen Konsantre),6
BORDUM (İMAL),%20 Metalik bakıra eşdeğer bordo bulamacı,WP (Islanabilir Toz),6
PALFA (İMAL),250 g/l Fluopyram+ 250 g/l Trifloxystrobin,SC (Akıcı Konsantre/Süspansiyon Konsantre),6
RENMARK 225 SC (İMAL),150 g/l Penoxsulam + 75 g/l Florasulam,SC (Akıcı Konsantre/Süspansiyon Konsantre),6
CARPAGE (İTHAL),200 g/l Chlorantraniliprole,SC (Akıcı Konsantre/Süspansiyon Konsantre),6
CRUDELIS (İMAL),200 g/l Azoxystrobin + 125 g/l Difenoconazole,SC (Akıcı Konsantre/Süspansiyon Konsantre),6
SEPİON (İMAL),650 g/l Malathion,EC (Emülsiye Olabilen Konsantre),6
KALENDA (İTHAL),200 g/l Chlorantraniliprole,SC (Akıcı Konsantre/Süspansiyon Konsantre),6
INBOX (İMAL),200 g/l Bromoxynil octanoate + 200 g/l MCPA,EC (Emülsiye Olabilen Konsantre),6
KIPPOX (İMAL),200 g/l Carfentrazone-ethyl + 30 g/l Diuron,SE (Suspo-Emülsiyon),6
DANIRANGER (İTHAL),111 g/l Cyflumetofen,DC (Disperse Olabilen Konsantre),6
SUBTLY (İMAL),200 g/l Diquat dibromide,SL (Suda Çözünen Konsantre),6
CALYPTRA (İTHAL),100 g/l Fludioxonil,FS (Tohum İlaçlaması İçin Akıcı Konsantre),6
NORCUP 75 WG (İMAL),%75 Metalik bakıra eşdeğer bakır oksit,WG (Suda Dağılabilen Granül),6
CYMOCOP (İMAL),"%39,75 Metalik bakıra eşdeğer bakır oksiklorid + %4,2 Cymoxanil",WP (Islanabilir Toz),6
EUROXOM (İMAL),"65,82 g/l Metalik bakıra eşdeğer bakır sülfat",SC (Akıcı Konsantre/Süspansiyon Konsantre),6
TURATO (İMAL),350 g/l Metamitron + 150 g/l Ethofumesate,SC (Akıcı Konsantre/Süspansiyon Konsantre),6
OPICON 40 SL (İMAL),40 g/l Imazamox,SL (Suda Çözünen Konsantre),6
ASTMASY (İMAL),125 g/l Azoxystrobin + 125 g/l Difenoconazole,SC (Akıcı Konsantre/Süspansiyon Konsantre),6
CALIGULA SE 250 (İTHAL),125 g/l Fluopyram + 125 g/l Prothioconazole,SE (Suspo-Emülsiyon),6
DÜNYAMİX EC (İMAL),800 g/l Prosulfocarb + 80 g/l Metribuzin,EC (Emülsiye Olabilen Konsantre),6
ISOMEALY PF (İTHAL),158 mg (5 methyl-2-(1-methylethenyl)-4-hexen-1-yl 3-methyl-2-butenoate),--- (-),6
LENA KÖNİG (İMAL),"%0,52 1-naphthylacetic acid (NAA) + %0,51 4-indol-3-ylbutyric acid (IBA)",WP (Islanabilir Toz),6
NANAKO (İTHAL),12 g/l Sodıum p-nitrophenolate + 8 g/l Sodıum o-nitrophenolate + 4 g/l Sodıum 5-nitroguaıacolate,SL (Suda Çözünen Konsantre),6
PORTELET SC (İMAL),360 g/l Glyphosate asite eşdeğer Glyphosate Isopropylamin Tuzu + 30 g/l Oxyfluorfen,SC (Akıcı Konsantre/Süspansiyon Konsantre),6
BUTRIX WG (İMAL),"%6,75 Propoxycarbazone Sodium + %4,5 Mesosulfuron-methyl + %9 Mefenpyr-diethyl (safener)",WG (Suda Dağılabilen Granül),6
MASURAN 50 WG (İTHAL),%50 Flonicamid,WG (Suda Dağılabilen Granül),6
DUNGEON (İMAL),45 g/l Pyroxsulam + 90 g/l Cloquintocet-mexyl (safener),OD (Yağda Dağılabilen),6
ASENOM (İMAL),222 g/l Flubendiamide,SC (Akıcı Konsantre/Süspansiyon Konsantre),6
SPORSAV (İMAL),200 g/l Tebuconazole + 120 g/l Azoxystrobin,SC (Akıcı Konsantre/Süspansiyon Konsantre),6
GARGANO (İMAL),300 g/l Ametoctradin + 225 g/l Dimethomorph,SC (Akıcı Konsantre/Süspansiyon Konsantre),6
CARTOGENİS (İMAL),250 g/l Azoxystrobin,SC (Akıcı Konsantre/Süspansiyon Konsantre),6
TARANTULA 20 SC (İMAL),200 g/l Chlorantraniliprole,SC (Akıcı Konsantre/Süspansiyon Konsantre),6
FRS WOLTHER 20 SC (İMAL),200 g/l Chlorantraniliprole,SC (Akıcı Konsantre/Süspansiyon Konsantre),6
RECONDİTE (İMAL),200 g/l Cyflumetofen,SC (Akıcı Konsantre/Süspansiyon Konsantre),6
ONTHİON 65 EC (İTHAL),650 g/l Malathion,EC (Emülsiye Olabilen Konsantre),6
LOKOMOTIVE (İMAL),200 g/l Azoxystrobin + 125 g/l Difenoconazole,SC (Akıcı Konsantre/Süspansiyon Konsantre),6
CRULTOP (İTHAL),360 g/l Hymexazole,SL (Suda Çözünen Konsantre),6
BROTE 480 EC (İMAL),480 g/l Clomazone,EC (Emülsiye Olabilen Konsantre),6
FENCLOWİT (İTHAL),240 g/l Clodinafop-propargyl + 60 g/l Cloquintocet-mexyl (safener),EC (Emülsiye Olabilen Konsantre),6
ALARGA (İMAL),500 g/l Fenhexamid,SC (Akıcı Konsantre/Süspansiyon Konsantre),6
EKSTRAVİK 2 F (İMAL),240 g/l Tau-fluvalinate,"EW (Emülsiyon, Suda Yağ)",6
SERPENTE (İMAL),"%25,2 Boscalid + %12,8 Pyraclostrobin",WG (Suda Dağılabilen Granül),6
SMULAİD WG (İMAL),"%26,7 Boscalid + %6,7 Pyraclostrobin",WG (Suda Dağılabilen Granül),6
SOLTER 250 EC (İMAL),250 g/l Flurochloridone,EC (Emülsiye Olabilen Konsantre),6
VELTİMA (İMAL),100 g/l Fludioxonil,FS (Tohum İlaçlaması İçin Akıcı Konsantre),6
CHALLEROX (İMAL),600 g/l Aclonifen,SC (Akıcı Konsantre/Süspansiyon Konsantre),6
ABG FORTE (İMAL),"65,82 g/l Metalik bakıra eşdeğer bakır sülfat",SC (Sadece bakırlı preparatlar) ( (Akıcı Konsantre/Süspansiyon Konsantre)),6
GRİMERUS (İMAL),800 g/l Prosulfocarb + 80 g/l Metribuzin,EC (Emülsiye Olabilen Konsantre),6
AGAPTUS (İMAL),%25 Spinetoram,WG (Suda Dağılabilen Granül),6
VİGNOSOL (İMAL),150 g/l Prothioconazole + 20 g/l Tebuconazole,FS (Tohum İlaçlaması İçin Akıcı Konsantre),6
ELESSAR (İMAL),150 g/l Prothioconazole + 20 g/l Tebuconazole,FS (Tohum İlaçlaması İçin Akıcı Konsantre),6
ARBOR (İMAL),267 g/l Prochloraz + 133 g/l Tebuconazole,"EW (Emülsiyon, Suda Yağ)",6
TASH (İMAL),600 g/l Phosphorous Acid (mono ve di-potasyum tuzları),SL (Suda Çözünen Konsantre),6
KYOTO (İMAL),"37,5 g/l Mesotrione + 15 g/l Nicosulfuron",OD (Yağda Dağılabilen),6
MOSKİTEK (İTHAL),"8,75 g Ammonium acetate+1,25 g Trimethylamine hydrochloride+ 0,04 g 1.4 -Diaminobutane+0,07 g Esfenvalarate+Tuzak",--- (-),6
ESCALADE 700 SC (İMAL),700 g/l Metamitron,SC (Akıcı Konsantre/Süspansiyon Konsantre),6
PERİTO 25 WG (İMAL),%25 Spinetoram,WG (Suda Dağılabilen Granül),6
MAFENTE (İTHAL),25 g/l Deltamethrin,EC (Emülsiye Olabilen Konsantre),6
İNVİCTA (İMAL),200 g/l Cyflumetofen,SC (Akıcı Konsantre/Süspansiyon Konsantre),6
CITROSOL 500 (İTHAL),500 g/l Imazalil,EC (Emülsiye Olabilen Konsantre),6
MALTEGO (İMAL),"37,5 g/l Mesotrione + 15 g/l Nicosulfuron",OD (Yağda Dağılabilen),6
BELOUKHA 680 EC (İTHAL),680 g/l Pelargonic Acid,EC (Emülsiye Olabilen Konsantre),6
SHENZI 35 WG (İTHAL),%35 Chlorantraniliprole,WG (Suda Dağılabilen Granül),6
AMANAT 500 SC (İMAL),375 g/l Pyrimethanil +125 g/l Fluopyram,SC (Akıcı Konsantre/Süspansiyon Konsantre),6
MİKASER SC 263 (İMAL),175 g/l Prothioconazole + 88 g/l Trifloxystrobin,SC (Akıcı Konsantre/Süspansiyon Konsantre),6
FLAKEA (İTHAL),%50 Tebuconazole + %25 Trifloxystrobin,WG (Suda Dağılabilen Granül),6
ROMPER 200 EC (İMAL),200 g/l Pyraclostrobin,EC (Emülsiye Olabilen Konsantre),6
NEFY 500 SC (İMAL),375 g/l Pyrimethanil +125 g/l Fluopyram,SC (Akıcı Konsantre/Süspansiyon Konsantre),6
GLADYATÖR (İMAL),200 g/l Tebuconazole + 120 g/l Azoxystrobin,SC (Akıcı Konsantre/Süspansiyon Konsantre),6
NIKTO (İMAL),140 g/l Thiabendazole + 100 g/l Imazalil,SC (Akıcı Konsantre/Süspansiyon Konsantre),6
BEASCAS (İMAL),%50 Captan,WP (Islanabilir Toz),6
SERUBT (İMAL),150 g/l Cyprodinil + 100 g/l Fludioxonil,SC (Akıcı Konsantre/Süspansiyon Konsantre),6
PENEPLEN WG (İMAL),"%45,6 Cymoxanil + %15 Trifloxystrobin",WG (Suda Dağılabilen Granül),6
ALHAM 500 SL (İTHAL),500 g/l Metam Sodium,SL (Suda Çözünen Konsantre),6
MEXAMİTE (İTHAL),50 g/l Hexythiazox,EC (Emülsiye Olabilen Konsantre),6
DOMİNANCE (İMAL),%5 Metaldehyde,GB (Granül Yem),6
KİNG'S ANGEL (İTHAL),200 g/l Glufosinate-ammonium tuzu,SL (Suda Çözünen Konsantre),6
DANGO (İMAL),200 g/l Cyflumetofen,SC (Akıcı Konsantre/Süspansiyon Konsantre),6
ONROBİN (İTHAL),"%25,2 Boscalid + %12,8 Pyraclostrobin",WG (Suda Dağılabilen Granül),6
RIVOMETHRIN 25 EC (İMAL),250 g/l Cypermethrin,EC (Emülsiye Olabilen Konsantre),6
MAVINCHI SC (İMAL),124 g/l Metalik bakıra eşdeğer bordo bulamacı,SC (Akıcı Konsantre/Süspansiyon Konsantre),6
KİNG'S TROPHY (İTHAL),200 g/l Azoxystrobin + 125 g/l Difenoconazole,SC (Akıcı Konsantre/Süspansiyon Konsantre),6
OCTELLA (İMAL),200 g/l Cyflumetofen,SC (Akıcı Konsantre/Süspansiyon Konsantre),6
YARDA 400 SC (İMAL),200 g/l Fluopyram + 200 g/l Tebuconazole,SC (Akıcı Konsantre/Süspansiyon Konsantre),6
CORBEAS (İMAL),200 g/l Esfenvalerate,EC (Emülsiye Olabilen Konsantre),6
TEKDEM 263 SC (İMAL),175 g/l Prothioconazole + 88 g/l Trifloxystrobin,SC (Akıcı Konsantre/Süspansiyon Konsantre),6
CROPSECURE 50 WG (İMAL),%50 Flonicamid,WG (Suda Dağılabilen Granül),6
GALACTUS 263 SC (İMAL),175 g/l Prothioconazole + 88 g/l Trifloxystrobin,SC (Akıcı Konsantre/Süspansiyon Konsantre),6
BİRUSE (İMAL),500 g/l Fluazinam,SC (Akıcı Konsantre/Süspansiyon Konsantre),6
TİERON (İMAL),500 g/l Fenhexamid,SC (Akıcı Konsantre/Süspansiyon Konsantre),6
CURAXİL (İMAL),%50 Metalik bakıra eşdeğer bakır oksiklorid,WP (Islanabilir Toz),6
RAPETTİ WG (İMAL),%60 Fosetyl-Al + %4 Famoxadone,WG (Suda Dağılabilen Granül),6
LEVASHI 125 SC (İMAL),125 g/l Flutriafol,SC (Akıcı Konsantre/Süspansiyon Konsantre),6
SAFA PHASE-L (İMAL),400 g/l Fluopyram,SC (Akıcı Konsantre/Süspansiyon Konsantre),6
ROYSON 46 SL (İMAL),460 g/l Chlormequat Chloride,SL (Suda Çözünen Konsantre),6
ALABANDA (İMAL),480 g/l Clomazone,EC (Emülsiye Olabilen Konsantre),6
RANDERAS (İMAL),100 g/l Clopyralid,SL (Suda Çözünen Konsantre),6
BORDOTAN WG (İMAL),%20 Metalik bakıra eşdeğer bordo bulamacı,WG (Suda Dağılabilen Granül),6
GRONAFOR (İTHAL),9 g/l Sodium p-nitrophenolate + 6 g/l Sodium o-nitrophenolate + 3 g/l Sodium 5-nitroguaiacolate,SL (Suda Çözünen Konsantre),6
TEMPORA 65 EC (İMAL),650 g/l Malathion,EC (Emülsiye Olabilen Konsantre),6
DRIARMY (İTHAL),%20 Pyridaben,WP (Islanabilir Toz),6
PERİSTERA OPTİ 500 (İMAL),"312,5 g/l S-Metolachlor + 187,5 g/l Terbuthylazine",SC (Akıcı Konsantre/Süspansiyon Konsantre),6
RONNİE 25 WP (İMAL),%25 Malathion,WP (Islanabilir Toz),6
CAMPANOLA (İMAL),250 g/l Quinmerac + 35 g/l Imazamox,SC (Akıcı Konsantre/Süspansiyon Konsantre),6
RENNES (İTHAL),500 g/l Metam Sodium,SL (Suda Çözünen Konsantre),6
TALIGA 50 WP (İMAL),%50 Tolclofos-methyl,WP (Islanabilir Toz),6
ZELUNİS (İMAL),400 g/l Propyzamide,SC (Akıcı Konsantre/Süspansiyon Konsantre),6
BLACKFISH (İMAL),"75 g/l Azoxystrobin + 37,5 g/l Metalaxyl-m + 12,5 g/l Fludioxonil",FS (Tohum İlaçlaması İçin Akıcı Konsantre),6
ORFOZ (İMAL),300 g/l Ametoctradin + 225 g/l Dimethomorph,SC (Akıcı Konsantre/Süspansiyon Konsantre),6
MASGARD SE (İMAL),"452,42 g/l 2,4-D 2-Ethylhexyl ester + 6,25 g/l Florasulam",SE (Suspo-Emülsiyon),6
DİFCAN (İTHAL),500 g/l Diflufenican,SC (Akıcı Konsantre/Süspansiyon Konsantre),6
ONESPOT 700 SC (İMAL),700 g/l Metamitron,SC (Akıcı Konsantre/Süspansiyon Konsantre),6
NAPOLLY (İMAL),200 g/l Glufosinate-ammonium tuzu,SL (Suda Çözünen Konsantre),6
PALUST (İMAL),%50 Triflusulfuron-methyl,WG (Suda Dağılabilen Granül),6
CHORD (İTHAL),%50 Flonicamid,WG (Suda Dağılabilen Granül),6
RADYANA 24 EC (İMAL),240 g/l Carfentrazone-ethyl,EC (Emülsiye Olabilen Konsantre),6
RAINZONE (İTHAL),400 g/l Bentazone + 60 g/l MCPA,SL (Suda Çözünen Konsantre),6
SOLFENCE OPTİ (İMAL),"312,5 g/l S-Metolachlor + 187,5 g/l Terbuthylazine",SC (Akıcı Konsantre/Süspansiyon Konsantre),6
CABİRİS OD (İMAL),75 g/l Mesotrione + 30 g/l Nicosulfuron,OD (Yağda Dağılabilen),6
LENA FRUITSET 20 WP (İMAL),%20 Metalik bakıra eşdeğer bordo bulamacı,WP (Bordo Bulamacı) (Islanabilir Toz),6
ROYGUARD SC (İMAL),125 g/l Flutriafol,SC (Akıcı Konsantre/Süspansiyon Konsantre),6
DOĞAL YAZLIK YAĞ (İMAL),700 g/l Mineral Yağ,"EW (Emülsiyon, Suda Yağ)",6
TEZCAN YAZLIK YAĞ (İMAL),700 g/l Mineral Yağ,"EW (Emülsiyon, Suda Yağ)",6
ARINGEN (İMAL),200 g/l Chlorantraniliprole,SC (Akıcı Konsantre/Süspansiyon Konsantre),6
SOWİNA WP 70 (İMAL),%70 Metribuzin,WP (Islanabilir Toz),6
ARBEAS (İMAL),%50 Flonicamid,WG (Suda Dağılabilen Granül),6
WENDOL 400 EC (İMAL),400 g/l Fenamiphos,EC (Emülsiye Olabilen Konsantre),6
MENDOZA 50 CS (İMAL),50 g/l Lambda-cyhalothrin,CS (Kapsül Süspansiyon),6
PROSEC 45 EC (İMAL),450 g/l Prochloraz,EC (Emülsiye Olabilen Konsantre),6
TİREUR (İMAL),60 g/l Tebuconazole,FS (Tohum İlaçlaması İçin Akıcı Konsantre),6
PİRİMEDİ (İTHAL),400 g/l Pyrimethanil,SC (Akıcı Konsantre/Süspansiyon Konsantre),6
KAMMURİ (İMAL),"26,5 g/l Pyraflufen ethyl",EC (Emülsiye Olabilen Konsantre),6
ABG BİMBO 105 OD (İMAL),75 g/l Mesotrione + 30 g/l Nicosulfuron,OD (Yağda Dağılabilen),6
BARRACK (İMAL),"480 g/l Bentazone + 22,4 g/l Imazamox",SL (Suda Çözünen Konsantre),6
SANZELİA 50 WG (İMAL),%50 Trifloxystrobin,WG (Suda Dağılabilen Granül),6
AGROSHIELD 20 SL (İMAL),20 g/l Gibberellic acid,SL (Suda Çözünen Konsantre),6
EPOCH (İMAL),%50 Triflusulfuron-methyl,WG (Suda Dağılabilen Granül),6
ROYTAGRAN 48 SL (İMAL),480 g/l Bentazone,SL (Suda Çözünen Konsantre),6
CARSONA (İMAL),240 g/l Isoxaflutole +240 g/l Cyprosulfamide (safener),SC (Akıcı Konsantre/Süspansiyon Konsantre),6
SALERNES EC (İMAL),50 g/l Deltamethrin,EC (Emülsiye Olabilen Konsantre),6
MEFİEZ (İMAL),800 g/l Mineral Yağ,EC (Emülsiye Olabilen Konsantre),6
NİCOKİNG (İTHAL),40 g/l Nicosulfuron,OD (Yağda Dağılabilen),6
BOOMERANG FS 170 (İMAL),150 g/l Prothioconazole + 20 g/l Tebuconazole,FS (Tohum İlaçlaması İçin Akıcı Konsantre),6
AGULIUS (İMAL),310 g/l Pyrimethanil + 95 g/l Trifloxystrobin,SC (Akıcı Konsantre/Süspansiyon Konsantre),6
GRASİDİM (İTHAL),240 g/l Clethodim,EC (Emülsiye Olabilen Konsantre),6
CLEVEROLE (İTHAL),200 g/l Chlorantraniliprole,SC (Akıcı Konsantre/Süspansiyon Konsantre),6
HERBUS (İMAL),240 g/l Isoxaflutole +240 g/l Cyprosulfamide (safener),SC (Akıcı Konsantre/Süspansiyon Konsantre),6
KAVURAN (İMAL),500 g/l İndaziflam,SC (Akıcı Konsantre/Süspansiyon Konsantre),6
PUGNATOR SC 500 (İMAL),375 g/l Pyrimethanil +125 g/l Fluopyram,SC (Akıcı Konsantre/Süspansiyon Konsantre),6
DUNKA (İMAL),375 g/l Pyrimethanil +125 g/l Fluopyram,SC (Akıcı Konsantre/Süspansiyon Konsantre),6
DONNA (İMAL),375 g/l Phosphorous Acid (mono ve di-potasyum tuzları) + 125 g/L Dithianon,SC (Akıcı Konsantre/Süspansiyon Konsantre),6
DIZOLE 250 EC (İTHAL),250 g/l Difenoconazole,EC (Emülsiye Olabilen Konsantre),6
ABGMIRAL (İMAL),45 g/l Pinoxaden + 20 g/l Cloquintocet-mexyl (safener),EC (Emülsiye Olabilen Konsantre),6
NARCAO 40 WG (İMAL),%40 Metalik bakıra eşdeğer bakır hidroksit,"WG ""Sadece bakırlı preparatlar"" (Suda Dağılabilen Granül)",6
MANDUEL 20 WP (İMAL),%20 Metalik bakıra eşdeğer bordo bulamacı,WP (Bordo Bulamacı) (Islanabilir Toz),6
LENA MASTER SC (İMAL),"65,82 g/l Metalik bakıra eşdeğer bakır sülfat",SC (Sadece bakırlı preparatlar) ( (Akıcı Konsantre/Süspansiyon Konsantre)),6
TOPENO 500 SC (İMAL),500 g/l Dodine,SC (Akıcı Konsantre/Süspansiyon Konsantre),6
EFFECTOR 100 EW (İMAL),100 g/l Alpha-cypermethrin,"EW (Emülsiyon, Suda Yağ)",6
THORAX (İTHAL),%50 Flonicamid,WG (Suda Dağılabilen Granül),6
VAYAGER (İMAL),400 g/l Phosphorous Acid (mono ve di-potasyum tuzları),SL (Suda Çözünen Konsantre),6
BOSMANG (İMAL),%35 Chlorantraniliprole,WG (Suda Dağılabilen Granül),6
ROYCUR 25 WP (İMAL),%25 Tebuconazole,WP (Islanabilir Toz),6
DUNEX (İTHAL),515 g/l Propamocarb-hydrochloride + 137 g/l Ametoctradin,SC (Akıcı Konsantre/Süspansiyon Konsantre),6
MAPOYA (İMAL),679 g/l N-Decanol,EC (Emülsiye Olabilen Konsantre),6
ROYAMİL WP (İMAL),%80 Fosetyl-Al,WP (Islanabilir Toz),6
AGROBOSS (İMAL),125 g/l Azoxystrobin + 125 g/l Difenoconazole,SC (Akıcı Konsantre/Süspansiyon Konsantre),6
CLODEEP (İMAL),200 g/l Azoxystrobin + 125 g/l Difenoconazole,SC (Akıcı Konsantre/Süspansiyon Konsantre),6
BLUMİS OD (İTHAL),75 g/l Mesotrione + 30 g/l Nicosulfuron,OD (Yağda Dağılabilen),6
NOVALECT (İMAL),300 g/l Aclonifen + 20 g/l İmazamox,SC (Akıcı Konsantre/Süspansiyon Konsantre),6
ROYTUVA EC (İMAL),150 g/l Fluazifop-p-butyl,EC (Emülsiye Olabilen Konsantre),6
RONNİE 65 EC (İMAL),650 g/l Malathion,EC (Emülsiye Olabilen Konsantre),6
RABANNE 120 SC (İMAL),120 g/l Spinetoram,SC (Akıcı Konsantre/Süspansiyon Konsantre),6
DORESSA 360 SC (İMAL),300 g/l Methoxyfenozide + 60 g/l Spinetoram,SC (Akıcı Konsantre/Süspansiyon Konsantre),6
SERATİS WG (İMAL),"%3 Mesosulfuron-methyl + %0,6 Iodosulfuron-methyl sodium + %9 Mefenpeyr-diethyl (safener)",WG (Suda Dağılabilen Granül),6
ROYTHİON EC (İMAL),650 g/l Malathion,EC (Emülsiye Olabilen Konsantre),6
ORLİNA 120 SC (İMAL),120 g/l Spinetoram,SC (Akıcı Konsantre/Süspansiyon Konsantre),6
AGROFARM FOXX EC 460 (İMAL),300 g/l Spiroxamine + 160 g/l Prothioconazole,EC (Emülsiye Olabilen Konsantre),6
BOWFİN 800 SC (İMAL),800 g/l Kükürt,SC (Akıcı Konsantre/Süspansiyon Konsantre),6
FALTEK (İMAL),%6 Metaldehyde,GB (Granül Yem),6
MAUNA (İMAL),160 g/l Cyazofamid,SC (Akıcı Konsantre/Süspansiyon Konsantre),6
METIKOLOS (İTHAL),300 g/l Fluazinam + 200 g/l Cymoxanil,SC (Akıcı Konsantre/Süspansiyon Konsantre),6
SHİLA (İMAL),%50 Cyprodinil,WG (Suda Dağılabilen Granül),6
AGROBEST SİMİLİS 80 EC (İMAL),800 g/l Prosulfocarb,EC (Emülsiye Olabilen Konsantre),6
ONCAGEN 20 SC (İTHAL),200 g/l Chlorantraniliprole,SC (Akıcı Konsantre/Süspansiyon Konsantre),6
KUNTENEX 600 (İMAL),600 g/l Aclonifen,SC (Akıcı Konsantre/Süspansiyon Konsantre),6
BESTUBA 330 E (İMAL),330 g/l Pendimethalin,EC (Emülsiye Olabilen Konsantre),6
INKAT WG 80 (İTHAL),%80 Fosetyl-Al,WG (Suda Dağılabilen Granül),6
SUYATO (İMAL),218 g/l Tefuryltrione,SC (Akıcı Konsantre/Süspansiyon Konsantre),6
FELİPELLO 441 SL (İMAL),441 g/l Glyphosate Potasyum Tuzu,SL (Suda Çözünen Konsantre),6
XPEDIENT (İMAL),100 g/l Spirotetramat,SC (Akıcı Konsantre/Süspansiyon Konsantre),6
AVENTURA 250 WG (İMAL),%25 Spinetoram,WG (Suda Dağılabilen Granül),6
SUNCOPPER 50 WP (İMAL),%50 Metalik bakıra eşdeğer bakır oksiklorid,WP(Sadece bakırlı preparatlar) (Islanabilir toz),6
ALLİGATOR (İMAL),100 g/l Cycloxydim,EC (Emülsiye Olabilen Konsantre),6
MEBUTAL (İTHAL),%70 Metribuzin,WG (Suda Dağılabilen Granül),6
KİNG'S FEAST 40 SG (İTHAL),%40 Gibberellic Acid,SG (Suda Çözünen Granül),6
BİOPHEROPOİNT FRO (İTHAL),5 mg Neryl S-2-methylbutanoate + Mavi yapışkan tuzak,--- (-),6
BİOPHEROPOİNT TUA (İTHAL),"1 mg (%95 E3, Z8, Z11-Tetradecatrienyl Acetate+% 5 E3, Z8-Tetradecatrienyl Acetate)",--- (-),6
IPOMAN 20 SC (İMAL),200 g/l Chlorantraniliprole,SC (Akıcı Konsantre/Süspansiyon Konsantre),6
NARINCI (İMAL),220 g/l Spirotetramat + 100 g/l Pyriproxyfen,SC (Akıcı Konsantre/Süspansiyon Konsantre),6
INPLANNER (İMAL),"228,6 g/l Spiromesifen + 11,4 g/l Abamectin",SC (Akıcı Konsantre/Süspansiyon Konsantre),6
NIPIGON 100 SC (İMAL),100 g/l Spirotetramat,SC (Akıcı Konsantre/Süspansiyon Konsantre),6
RAZENGA 120 SC (İMAL),120 g/l Spinetoram,SC (Akıcı Konsantre/Süspansiyon Konsantre),6
BUSTAC (İTHAL),240 g/l Methoxyfenozide,SC (Akıcı Konsantre/Süspansiyon Konsantre),6
XANTEN 800 (İMAL),800 g/l Mineral Yağ,EC (Emülsiye Olabilen Konsantre),6
MAGRIS (İTHAL),"0,0075 g Lambda cyhalothrin +%74,75 Ammonium acetate+%8,31 Trimethylamine hydrochloride+%0,33 1,4Diaminobutane+Tuzak",--- (-),6
TOMBSTONE (İMAL),125 g/l Azoxystrobin + 125 g/l Difenoconazole,SC (Akıcı Konsantre/Süspansiyon Konsantre),6
TEAMSPRAY (İTHAL),"452,42 g/l 2,4-D 2-Ethylhexyl ester + 6,25 g/l Florasulam",SE (Suspo-Emülsiyon),6
VACCIPLANT (İTHAL),45 g/l Laminarin,SL (Suda Çözünen Konsantre),6
SPİRTNEY (İTHAL),100 g/l Pyriproxyfen,EC (Emülsiye Olabilen Konsantre),6
CRUZADO WG (İMAL),%50 Boscalid,WG (Suda Dağılabilen Granül),6
ANTVON 25 EC (İMAL),25 g/l Deltamethrin,EC (Emülsiye Olabilen Konsantre),6
HOEDUS (İMAL),"312,5 g/l S-Metolachlor + 187,5 g/l Terbuthylazine",SC (Akıcı Konsantre/Süspansiyon Konsantre),6
ROYPLAN (İMAL),225 g/l Isoxaflutole + 90 g/l Thiencarbazone-methyl + 150 g/l Cyprosulfamide (safener),SC (Akıcı Konsantre/Süspansiyon Konsantre),6
STARİCA (İMAL),480 g/l Mesotrione,SC (Akıcı Konsantre/Süspansiyon Konsantre),6
ETERYUM SC 465 (İMAL),225 g/l Isoxaflutole + 90 g/l Thiencarbazone-methyl + 150 g/l Cyprosulfamide (safener),SC (Akıcı Konsantre/Süspansiyon Konsantre),6
ATHUM 360 SC (İMAL),300 g/l Methoxyfenozide + 60 g/l Spinetoram,SC (Akıcı Konsantre/Süspansiyon Konsantre),6
ROYHAN EC (İMAL),250 g/l Flurochloridone,EC (Emülsiye Olabilen Konsantre),6
DİXİON (İMAL),40 g/l Imazamox,SL (Suda Çözünen Konsantre),6
ABG WOODY (İMAL),%20 Tebufenpyrad,WP (Islanabilir Toz),6
TAİTONA OD (İMAL),"37,5 g/l Mesotrione + 15 g/l Nicosulfuron",OD (Yağda Dağılabilen),6
ABG STORR (İMAL),100 g/l Cycloxydim,EC (Emülsiye Olabilen Konsantre),6
KOBLENZ 222 SC (İMAL),222 g/l Flubendiamide,SC (Akıcı Konsantre/Süspansiyon Konsantre),6
EVEROLE (İTHAL),100 g/l Clopyralid,SL (Suda Çözünen Konsantre),6
ANZO 35 DS (İMAL),%35 Metalaxyl,DS (Kuru Tohum İlacı),6
RAGANA (İMAL),%80 Captan,WG (Suda Dağılabilen Granül),6
HELİCOPP (İMAL),"65,82 g/l Metalik bakıra eşdeğer bakır sülfat",SC (Sadece bakırlı preparatlar) ( (Akıcı Konsantre/Süspansiyon Konsantre)),6
BUSHNELL (İMAL),300 g/l Cyprodinil,EC (Emülsiye Olabilen Konsantre),6
TRENDEX (İMAL),360 g/l Hymexazole,SL (Suda Çözünen Konsantre),6
MAK-BLUMIX BORDO (İMAL),%20 Metalik bakıra eşdeğer bordo bulamacı,WP (Bordo Bulamacı) (Islanabilir Toz),6
CİLLER (İMAL),200 g/l Boscalid + 100 g/l Kresoxim-methyl,SC (Akıcı Konsantre/Süspansiyon Konsantre),6
TSUMURA (İMAL),125 g/l Tefuryltrione + 120 g/l Oxaziclomefone + 60 g/l Penoxsulam,SC (Akıcı Konsantre/Süspansiyon Konsantre),6
ONUDİS OD 66 (İTHAL),44 g/l Tembotrione + 22 g/l Isoxadifen-ethyl (safener),OD (Yağda Dağılabilen),6
ABG TİSAN (İMAL),400 g/l Bentazone + 60 g/l MCPA,SL (Suda Çözünen Konsantre),6
RIDOWN (İTHAL),480 g/l Glyphosate Isopropylamin Tuzu,SL (Suda Çözünen Konsantre),6
KİMBLE WG 85 (İMAL),%85 Pyroxasulfone,WG (Suda Dağılabilen Granül),6
SAFA MASTER (İMAL),"45 g/l Pinoxaden + 5 g/l Florasulam + 11,25 g/l Cloquintocet-mexyl (safener)",EC (Emülsiye Olabilen Konsantre),6
ROYULUS 400 EW (İMAL),267 g/l Prochloraz + 133 g/l Tebuconazole,"EW (Emülsiyon, Suda Yağ)",6
ROYSALM OD (İMAL),30 g/l Mesosulfuron methyl + 6 g/l Iodosulfuron-methyl-sodium + 90 g/l Mefenpyr diethyl (safener),OD (Yağda Dağılabilen),6
FLUANTIN (İTHAL),"25,2 g/l Penoxsulam",OD (Yağda Dağılabilen),6
ARDEAT (İMAL),%85 Pyroxasulfone,WG (Suda Dağılabilen Granül),6
MORETTA OD (İMAL),30 g/l Mesosulfuron methyl + 6 g/l Iodosulfuron-methyl-sodium + 90 g/l Mefenpyr diethyl (safener),OD (Yağda Dağılabilen),6
TACOMEN 66 OD (İMAL),44 g/l Tembotrione + 22 g/l Isoxadifen-ethyl (safener),OD (Yağda Dağılabilen),6
KİNG'S GLORY (İTHAL),200 g/l Chlorantraniliprole,SC (Akıcı Konsantre/Süspansiyon Konsantre),6
MINTAKA (İMAL),800 g/l Prosulfocarb + 80 g/l Metribuzin,EC (Emülsiye Olabilen Konsantre),6
BOTRES (İMAL),45 g/l Pinoxaden + 20 g/l Cloquintocet-mexyl (safener),EC (Emülsiye Olabilen Konsantre),6
GERARDO (İMAL),"12,5 g/l Fludioxonil + 5 g/l Metalaxyl",SC (Akıcı Konsantre/Süspansiyon Konsantre),6
PATRONOGEN (İMAL),480 g/l Mesotrione,SC (Akıcı Konsantre/Süspansiyon Konsantre),6
TRALOKS 20 WG (İMAL),%20 Flubendiamide,WG (Suda Dağılabilen Granül),6
SAMSARA 40 OD (İMAL),40 g/l Nicosulfuron,OD (Yağda Dağılabilen),6
ROY-X (İMAL),"480 g/l Bentazone + 22,4 g/l Imazamox",SL (Suda Çözünen Konsantre),6
FULL LOAD (İMAL),"30 g/l Clodinafop-propargyl + 7,5 g/l Florasulam + 30 g/l Pinoxaden + 7,5 Cloquintocet-mexyl (Safener)",EC (Emülsiye Olabilen Konsantre),6
SEPRAIN (İTHAL),240 g/l Spiromesifen,SC (Akıcı Konsantre/Süspansiyon Konsantre),6
JANİSSARY 500 WG (İMAL),%50 Sulfoxaflor,WG (Suda Dağılabilen Granül),6
REDMİX SC (İMAL),100 g/l Lambda-cyhalothrin + 100 g/l Lufenuron,SC (Akıcı Konsantre/Süspansiyon Konsantre),6
DUCALE (İMAL),200 g/l Bromoxynil octanoate + 200 g/l MCPA,EC (Emülsiye Olabilen Konsantre),6
PECTOWN (İTHAL),%75 Tribenuron-methyl,WG (Suda Dağılabilen Granül),6
KUYOSH 120 OD (İMAL),30 g/l Mesosulfuron-methyl + 90 g/l Mefenpyr-diethyl (safener),OD (Yağda Dağılabilen),6
STUARD 20 EC (İMAL),200 g/l Esfenvalerate,EC (Emülsiye Olabilen Konsantre),6
DIMEAN (İTHAL),%25 Rimsulfuron,WG (Suda Dağılabilen Granül),6
CLOGOLD (İMAL),200 g/l Esfenvalerate,EC (Emülsiye Olabilen Konsantre),6
CANTONA (İMAL),"452,42 g/l 2,4-D 2-Ethylhexyl ester + 6,25 g/l Florasulam",SE (Suspo-Emülsiyon),6
ZUMA (İMAL),%50 Cymoxanil,WP (Islanabilir Toz),6
TAKCAPTAN 500 SC (İMAL),500 g/l Captan,SC (Akıcı Konsantre/Süspansiyon Konsantre),6
MUNGAN (İMAL),%80 Captan,WG (Suda Dağılabilen Granül),6
ORİENTALİA %5 EW (İMAL),"51,3 g/l Cyflufenamid","EW (Emülsiyon, Suda Yağ)",6
ROLEN (İTHAL),240 g/l Oxyfluorfen,EC (Emülsiye Olabilen Konsantre),6
PESTSENTRY EC (İMAL),18 g/l Abamectin,EC (Emülsiye Olabilen Konsantre),6
PROTONE 20 SG (İTHAL),% 20 S-Absisik asit,SG (Suda Çözünen Granül),6
IMMETAR (İTHAL),40 g/l Imazamox,SL (Suda Çözünen Konsantre),6
CONDUCTOR 480 EC (İTHAL),480 g/l Clomazone,EC (Emülsiye Olabilen Konsantre),6
BEETROOT (İMAL),25 g/l Fludioxonil + 10 g/l Metalaxyl-m,FS (Tohum İlaçlaması İçin Akıcı Konsantre),6
MAKROCK (İMAL),200 g/l Acetamiprid,SL (Suda Çözünen Konsantre),6
ODEGAARD SE (İMAL),"85 g/l Pyraclostrobin + 62,5 g/l Epoxiconazole",SE (Suspo-Emülsiyon),6
ROYTACO SE (İMAL),270 g/l Terbuthylazine + 64 g/l Pendimethalin,SE (Suspo-Emülsiyon),6
NOVAMEC 20 SC (İMAL),20 g/l Abamectin,SC (Akıcı Konsantre/Süspansiyon Konsantre),6
CLOTOX (İMAL),%50 Captan,WP (Islanabilir Toz),6
RUSTEND (İMAL),%50 Cymoxanil,WP (Islanabilir Toz),6
FİLYOS (İMAL),"%37,5 Cyprodinil + %25 Fludioxonil",WG (Suda Dağılabilen Granül),6
"STARELLA 116,2 EC (İMAL)","116,2 g/l Clethodim",EC (Emülsiye Olabilen Konsantre),6
CARICE 240 EC (İMAL),240 g/l Clodinafop-propargyl + 60 g/l Cloquintocet-mexyl (safener),EC (Emülsiye Olabilen Konsantre),6
OPİCON 25 SL (İMAL),25 g/l Imazamox,SL (Suda Çözünen Konsantre),6
SONTAKIPP 61 WG (İMAL),%30 Foramsulfuron + %1 Iodosulfuron methyl-sodium + %30 Isoxadifen-ethyl (safener),WG (Suda Dağılabilen Granül),6
FORIDE (İTHAL),250 g/l Flurochloridone,EC (Emülsiye Olabilen Konsantre),6
WALTER 765 SC (İMAL),720 g/l Ethephon + 45 g/l Cyclanilide,SC (Akıcı Konsantre/Süspansiyon Konsantre),6
LAFONTENCE OD (İMAL),30 g/l Mesosulfuron-methyl + 90 g/l Mefenpyr-diethyl (safener),OD (Yağda Dağılabilen),6
POCERA 200 SL (İMAL),200 g/l Acetamiprid,SL (Suda Çözünen Konsantre),6
TENEDOS (İMAL),240 g/l Metaflumizone,SC (Akıcı Konsantre/Süspansiyon Konsantre),6
ROYAGMA OF 120 (İMAL),30 g/l Mesosulfuron-methyl + 90 g/l Mefenpyr-diethyl (safener),OD (Yağda Dağılabilen),6
MAYUCA 320 SC (İMAL),200 g/l Tebuconazole + 120 g/l Azoxystrobin,SC (Akıcı Konsantre/Süspansiyon Konsantre),6
MERINDO (İTHAL),"%3 Mesosulfuron-methyl + %0,6 Iodosulfuron-methyl sodium + %9 Mefenpeyr-diethyl (safener)",WG (Suda Dağılabilen Granül),6
NODUTUS (İMAL),75 g/l Mesotrione + 30 g/l Nicosulfuron,OD (Yağda Dağılabilen),6
LİNMORE (İMAL),800 g/l Mineral Yağ,EC (Emülsiye Olabilen Konsantre),6
SUV-AGRİ 360 SC (İMAL),300 g/l Methoxyfenozide + 60 g/l Spinetoram,SC (Akıcı Konsantre/Süspansiyon Konsantre),6
BUXOM 80 WP (İMAL),%80 Fosetyl-Al,WP (Islanabilir Toz),6
LEBEDUS 50 EC (İMAL),500 g/l Pirimiphos methyl,EC (Emülsiye Olabilen Konsantre),6
RETAMAR EC (İMAL),250 g/l Piperonly Butoxide + 25 g/l Deltamethrin,EC (Emülsiye Olabilen Konsantre),6
ORKAN 500 SC (İMAL),500 g/l Diflufenican,SC (Akıcı Konsantre/Süspansiyon Konsantre),6
OMANYTE 800 (İMAL),800 g/l Mineral Yağ,EC (Emülsiye Olabilen Konsantre),6
OPRAH (İMAL),120 g/l Deltamethrin,EC (Emülsiye Olabilen Konsantre),6
ROYMECH 50 EC (İMAL),50 g/l Lufenuron,EC (Emülsiye Olabilen Konsantre),6
NEWDELECT (İMAL),"116,2 g/l Clethodim",EC (Emülsiye Olabilen Konsantre),6
ACLOVAP (İTHAL),600 g/l Aclonifen,SC (Akıcı Konsantre/Süspansiyon Konsantre),6
JUNKO 50 CS (İMAL),50 g/l Lambda-cyhalothrin,CS (Kapsül Süspansiyon),6
SAFA STYLE (İMAL),300 g/l Pendimethalin + 60 g/l Flufenacet,EC (Emülsiye Olabilen Konsantre),6
FLEXCIDE (İTHAL),150 g/l Fluazifop-p-butyl,EC (Emülsiye Olabilen Konsantre),6
OKUSA (İTHAL),220 g/l Boscalid + 65 g/l Cyprodinil,SC (Akıcı Konsantre/Süspansiyon Konsantre),6
DEFİLONE (İMAL),800 g/l Prosulfocarb,EC (Emülsiye Olabilen Konsantre),6
GREEDY (İMAL),"452,42 g/l 2,4-D 2-Ethylhexyl ester + 6,25 g/l Florasulam",SE (Suspo-Emülsiyon),6
ROYFİX 50 SL (İMAL),50 g/l Mepiquat Chloride,SL (Suda Çözünen Konsantre),6
HASIL 20 WG (İMAL),%20 Flubendiamide,WG (Suda Dağılabilen Granül),6
MERFLURD (İTHAL),30 g/l Mesosulfuron-methyl + 90 g/l Mefenpyr-diethyl (safener),OD (Yağda Dağılabilen),6
HARMAN BORDO WP (İMAL),%20 Metalik bakıra eşdeğer bordo bulamacı,WP (Bordo Bulamacı) (Islanabilir Toz),6
CLOGMA (İMAL),30 g/l Mesosulfuron-methyl + 90 g/l Mefenpyr-diethyl (safener),OD (Yağda Dağılabilen),6
BOLAMAN (İMAL),240 g/l Spiromesifen,SC (Akıcı Konsantre/Süspansiyon Konsantre),6
NEMATOZATE 900 EC (İMAL),900 g/l Fosthiazate,EC (Emülsiye Olabilen Konsantre),6
ROYKUM 20 WP (İMAL),%20 Pyridaben,WP (Islanabilir Toz),6
KASAVAKİ (İMAL),"228,6 g/l Spiromesifen + 11,4 g/l Abamectin",SC (Akıcı Konsantre/Süspansiyon Konsantre),6
ENTOJEN (İMAL),200 g/l Chlorantraniliprole,SC (Akıcı Konsantre/Süspansiyon Konsantre),6
STRADA (İMAL),45 g/l Pyroxsulam + 90 g/l Cloquintocet-mexyl (safener),OD (Yağda Dağılabilen),6
TAPURA (İMAL),20 g/l Abamectin,SC (Akıcı Konsantre/Süspansiyon Konsantre),6
TAKİMSAN ESTER'H (İMAL),"480 g/l 2,4-D asite eşdeğer Isooctylester",EC (Emülsiye Olabilen Konsantre),6
GULET 108 EC (İMAL),108 g/l Haloxyfop-P-methyl ester,EC (Emülsiye Olabilen Konsantre),6
TOMARİS (İMAL),"85 g/l Pyraclostrobin + 62,5 g/l Epoxiconazole",SE (Suspo-Emülsiyon),6
HOORİ (İMAL),240 g/l Carfentrazone-ethyl,EC (Emülsiye Olabilen Konsantre),6
REVİNAL (İMAL),240 g/l Carfentrazone-ethyl,EC (Emülsiye Olabilen Konsantre),6
ROYZOX SC (İMAL),250 g/l Azoxystrobin,SC (Akıcı Konsantre/Süspansiyon Konsantre),6
LANDEMİS SC 480 (İMAL),240 g/l Isoxaflutole +240 g/l Cyprosulfamide (safener),SC (Akıcı Konsantre/Süspansiyon Konsantre),6
SILVZOLE (İTHAL),250 g/l Tebuconazole,EC (Emülsiye Olabilen Konsantre),6
PUKE (İMAL),%50 Flonicamid,WG (Suda Dağılabilen Granül),6
ROYVENTO (İMAL),100 g/l Spirotetramat,SC (Akıcı Konsantre/Süspansiyon Konsantre),6
GENITOP 70 WP (İMAL),%70 Thiophanate-methyl,WP (Islanabilir Toz),6
PICOCARB (İTHAL),"625 g/l Propamocarb-hydrochloride + 62,5 g/l Fluopicolide",SC (Akıcı Konsantre/Süspansiyon Konsantre),6
FONT (İMAL),%50 Flonicamid,WG (Suda Dağılabilen Granül),6
PRIAPUS (İMAL),%20 Pyridaben,WP (Islanabilir Toz),6
CLORITA (İMAL),200 g/l Chlorantraniliprole,SC (Akıcı Konsantre/Süspansiyon Konsantre),6
ABAMET 18 EC (İTHAL),18 g/l Abamectin,EC (Emülsiye Olabilen Konsantre),6
KOKYTOS 720 (İMAL),720 g/l Ethephon,SL (Suda Çözünen Konsantre),6
DİMİTSAL (İMAL),225 g/l Isoxaflutole + 90 g/l Thiencarbazone-methyl + 150 g/l Cyprosulfamide (safener),SC (Akıcı Konsantre/Süspansiyon Konsantre),6
MOJAVE 1.8 EC (İMAL),18 g/l Abamectin,EC (Emülsiye Olabilen Konsantre),6
SKYROBİN (İTHAL),250 g/l Azoxystrobin,SC (Akıcı Konsantre/Süspansiyon Konsantre),6
VITMEDFLY (İTHAL),2 g Trimedlure + Delta tipi tuzak,--- (-),6
NOLON 25 WP (İTHAL),%25 Tebuconazole,WP (Islanabilir Toz),6
GENINT 50 WG (İMAL),%50 Trifloxystrobin,WG (Suda Dağılabilen Granül),6
RUGANİL (İMAL),200 g/l Tebuconazole + 120 g/l Azoxystrobin,SC (Akıcı Konsantre/Süspansiyon Konsantre),6
SFORZA (İTHAL),100 g/l Spirotetramat,SC (Akıcı Konsantre/Süspansiyon Konsantre),6
ZALPUWA 250 SC (İMAL),250 g/l Mandipropamid,SC (Akıcı Konsantre/Süspansiyon Konsantre),6
SİMBA (İMAL),400 g/l Cyazofamid,SC (Akıcı Konsantre/Süspansiyon Konsantre),6
MORCAP 80 WG (İMAL),%80 Captan,WG (Suda Dağılabilen Granül),6
ZAARAKOS 62.5 WG (İMAL),"%37,5 Cyprodinil + %25 Fludioxonil",WG (Suda Dağılabilen Granül),6
PERFURE (İTHAL),500 g/l Imazalil,EC (Emülsiye Olabilen Konsantre),6
GURNARD (İMAL),%70 Thiophanate-methyl,WP (Islanabilir Toz),6
PANOL 722 SL (İTHAL),722 g/l Propamocarb-hydrochloride,SL (Suda Çözünen Konsantre),6
MAVITROXI 361 SC (İTHAL),"361,1 g/l Metalik bakıra eşdeğer bakır hidroksit",SC (Sadece bakırlı preparatlar) ( (Akıcı Konsantre/Süspansiyon Konsantre)),6
STARLIGHT (İMAL),800 g/l Mineral Yağ,EC (Emülsiye Olabilen Konsantre),6
OKTAV 405 SC (İMAL),310 g/l Pyrimethanil + 95 g/l Trifloxystrobin,SC (Akıcı Konsantre/Süspansiyon Konsantre),6
CHONG 50 WG (İMAL),%50 Trifloxystrobin,WG (Suda Dağılabilen Granül),6
LIONESS (İTHAL),180 g/l Metalik bakıra eşdeğer tribazik bakır sülfat + 120 g/l Metalik bakıra eşdeğer bakır hidroksit,SC (Sadece bakırlı preparatlar) ( (Akıcı Konsantre/Süspansiyon Konsantre)),6
PERLANTİS 45 EC (İMAL),45 g/l Pinoxaden + 20 g/l Cloquintocet-mexyl (safener),EC (Emülsiye Olabilen Konsantre),6
ROYFURON OD (İMAL),75 g/l Mesotrione + 30 g/l Nicosulfuron,OD (Yağda Dağılabilen),6
FROLLO (İMAL),100 g/l Pyriproxyfen,EC (Emülsiye Olabilen Konsantre),6
LEUKE (İMAL),"51,4 g/l Metalik Bakıra eşdeğer Yağ ve Rosin Asitlerinin Bakır Tuzları",EC (Emülsiye Olabilen Konsantre),6
CUPRA CARE 50 WP (İMAL),%50 Metalik bakıra eşdeğer bakır oksiklorid,WP(Sadece bakırlı preparatlar) (Islanabilir toz),6
NEKTEC (İTHAL),"7,8 g Amonyum asetat + 1,04 g Trimethylamine hydrochloride + 0,034 g Kadaverin (1,5-diaminopentane)+0,015 g Deltamethrin+ Tuzak",--- (-),6
RABİLOX 800 (İMAL),800 g/l Mineral Yağ,EC (Emülsiye Olabilen Konsantre),6
FRSKARAOK (İMAL),75 g/l Mesotrione + 30 g/l Nicosulfuron,OD (Yağda Dağılabilen),6
ACS WEEDEND (İMAL),"69 g/l Fenoxaprop-p-ethyl + 34,5 g/l Cloquintocet-mexyl (safener)","EW (Emülsiyon, Suda Yağ)",6
LIEGE (İMAL),%35 Chlorantraniliprole,WG (Suda Dağılabilen Granül),6
GURSO 50 WG (İMAL),%50 Flonicamid,WG (Suda Dağılabilen Granül),6
HAVOC (İTHAL),240 g/l Clethodim,EC (Emülsiye Olabilen Konsantre),6
LAST GİBB 20 SL (İMAL),20 g/l Gibberellic acid,SL (Suda Çözünen Konsantre),6
EFDAL ATRAK (İMAL),%50 Dicamba + %25 Tritosulfuron,WG (Suda Dağılabilen Granül),6
DELGADO SE (İMAL),"452,42 g/l 2,4-D 2-Ethylhexyl ester + 6,25 g/l Florasulam",SE (Suspo-Emülsiyon),6
LENTUT 70 WG (İMAL),%70 Dithianon,WG (Suda Dağılabilen Granül),6
FASTCUT 85 WG (İMAL),"%7,08 Pyroxsulam + %1,42 Florasulam + %7,08 Cloquintocet-mexyl (safener)",WG (Suda Dağılabilen Granül),6
ASTRİM 48 EC (İMAL),480 g/l Clomazone,EC (Emülsiye Olabilen Konsantre),6
JADA (İMAL),100 g/l Alpha-cypermethrin,EC (Emülsiye Olabilen Konsantre),6
WATTAN (İMAL),%12 Dithianon + %4 Pyraclostrobin,WG (Suda Dağılabilen Granül),6
VİT TYP (İTHAL),"4120 mg Methylbutenol+2,5 mg Ipsdienol+200 mg Cis-Verbenol+Kanada tipi üç hunili tuzak",--- (-),6
CUMOX 500 SC (İMAL),375 g/l Pyrimethanil +125 g/l Fluopyram,SC (Akıcı Konsantre/Süspansiyon Konsantre),6
JARVIS 85 WG (İMAL),"%7,08 Pyroxsulam + %1,42 Florasulam + %7,08 Cloquintocet-mexyl (safener)",WG (Suda Dağılabilen Granül),6
GEFORMT EC 880 (İMAL),800 g/l Prosulfocarb + 80 g/l Metribuzin,EC (Emülsiye Olabilen Konsantre),6
TRANSOL SC (İMAL),"361,1 g/l Metalik bakıra eşdeğer bakır hidroksit",SC (Sadece bakırlı preparatlar) ( (Akıcı Konsantre/Süspansiyon Konsantre)),6
KASETTİN (İMAL),250 g/l Azoxystrobin,SC (Akıcı Konsantre/Süspansiyon Konsantre),6
NIDELVA 250 SC (İMAL),125 g/l Azoxystrobin + 125 g/l Difenoconazole,SC (Akıcı Konsantre/Süspansiyon Konsantre),6
CNIFE (İMAL),"75 g/l Azoxystrobin + 37,5 g/l Metalaxyl-m + 12,5 g/l Fludioxonil",FS (Tohum İlaçlaması İçin Akıcı Konsantre),6
ŞAMAS (İMAL),200 g/l Fluopyram + 200 g/l Tebuconazole,SC (Akıcı Konsantre/Süspansiyon Konsantre),6
CAVİNALİ (İMAL),400 g/l Cyazofamid,SC (Akıcı Konsantre/Süspansiyon Konsantre),6
DEGMENTE (İMAL),%35 Metalaxyl,DS (Kuru Tohum İlacı),6
NOCERINO (İMAL),"%30 Cymoxanil + %22,5 Famoxadone",WG (Suda Dağılabilen Granül),6
"ALONSİS 2,5 EC (İTHAL)",25 g/l Deltamethrin,EC (Emülsiye Olabilen Konsantre),6
WISDOM 250 EC (İTHAL),250 g/l Pyraclostrobin,EC (Emülsiye Olabilen Konsantre),6
BLADE SC 500 (İMAL),500 g/l İndaziflam,SC (Akıcı Konsantre/Süspansiyon Konsantre),6
NOCETA WG (İMAL),"%26,7 Boscalid + %6,7 Pyraclostrobin",WG (Suda Dağılabilen Granül),6
BURNLEY (İMAL),136 g/l Metalik bakıra eşdeğer bakır hidroksit + 136 g/l Metalik bakıra eşdeğer bakır oksiklorid,SC (Sadece bakırlı preparatlar) ( (Akıcı Konsantre/Süspansiyon Konsantre)),6
NİLİPEC (İMAL),%14 Metalik bakıra eşdeğer bakır hidroksit + %14 Metalik bakıra eşdeğer bakır oksiklorid,"WG ""Sadece bakırlı preparatlar"" (Suda Dağılabilen Granül)",6
TRAMPET 5 EW (İMAL),"51,3 g/l Cyflufenamid","EW (Emülsiyon, Suda Yağ)",6
RICKY EW (İMAL),"51,3 g/l Cyflufenamid","EW (Emülsiyon, Suda Yağ)",6
RIVALDO 500 SC (İMAL),500 g/l Metrafenone,SC (Akıcı Konsantre/Süspansiyon Konsantre),6
PUKKA 500 SC (İMAL),500 g/l Metrafenone,SC (Akıcı Konsantre/Süspansiyon Konsantre),6
SHOGUN 700 SC (İMAL),700 g/l Kükürt,SC (Akıcı Konsantre/Süspansiyon Konsantre),6
ZONTO 10 SC (İMAL),100 g/l Spirotetramat,SC (Akıcı Konsantre/Süspansiyon Konsantre),6
AZKER (İMAL),44 g/l Tembotrione + 22 g/l Isoxadifen-ethyl (safener),OD (Yağda Dağılabilen),6
"FULLFILL 687,5 SC (İMAL)","625 g/l Propamocarb-hydrochloride + 62,5 g/l Fluopicolide",SC (Akıcı Konsantre/Süspansiyon Konsantre),6
FRSJUNO (İMAL),450 g/l Prochloraz,EC (Emülsiye Olabilen Konsantre),6
LAMPE (İMAL),100 g/l Tetraconazole,EC (Emülsiye Olabilen Konsantre),6
MENTA MASTER PRO (İMAL),267 g/l Prochloraz + 133 g/l Tebuconazole,"EW (Emülsiyon, Suda Yağ)",6
NAYROBİ (İMAL),%25 Thiophanate-methyl + %15 Etridiazole,WP (Islanabilir Toz),6
VALFENE 400 EW (İMAL),267 g/l Prochloraz + 133 g/l Tebuconazole,"EW (Emülsiyon, Suda Yağ)",6
IMADAX (İMAL),500 g/l İndaziflam,SC (Akıcı Konsantre/Süspansiyon Konsantre),6
FUNARIUM (İMAL),500 g/l Fluometuron,SC (Akıcı Konsantre/Süspansiyon Konsantre),6
ALTUVA (İMAL),%60 Diflufenican + %6 Metsulfuron-methyl,WG (Suda Dağılabilen Granül),6
BONFİRE WP (İMAL),"%22,5 Metalik bakıra eşdeğer bordo bulamacı + %3 Cymoxanil",WP(Sadece bakırlı preparatlar) (Islanabilir toz),6
PESARO 80 WG (İTHAL),%80 Kükürt,WG (Suda Dağılabilen Granül),6
CUPRAZZA 700 SC (İMAL),700 g/l Metalik bakıra eşdeğer bakır oksiklorid,SC (Sadece bakırlı preparatlar) ( (Akıcı Konsantre/Süspansiyon Konsantre)),6
MEPEAK (İTHAL),%55 Metiram + %5 Pyraclostrobin,WG (Suda Dağılabilen Granül),6
LEGNU 320 SC (İMAL),200 g/l Tebuconazole + 120 g/l Azoxystrobin,SC (Akıcı Konsantre/Süspansiyon Konsantre),6
GENADRIS 25 SC (İMAL),250 g/l Azoxystrobin,SC (Akıcı Konsantre/Süspansiyon Konsantre),6
HAMERON WG (İMAL),%75 Sulfosulfuron + %5 Metsulfuron-methyl,WG (Suda Dağılabilen Granül),6
LAUSENOL 30 SC (İMAL),300 g/l Pyrimethanil,SC (Akıcı Konsantre/Süspansiyon Konsantre),6
TAKONHOL 320 SC (İMAL),200 g/l Tebuconazole + 120 g/l Azoxystrobin,SC (Akıcı Konsantre/Süspansiyon Konsantre),6
ALETA (İMAL),%50 Flonicamid,WG (Suda Dağılabilen Granül),6
NIASOS 20 SP (İMAL),%20 Acetamiprid,SP (Suda Çözünen Toz),6
BRACKET (İMAL),124 g/l Metalik bakıra eşdeğer bordo bulamacı,SC (Sadece bakırlı preparatlar) ( (Akıcı Konsantre/Süspansiyon Konsantre)),6
FRSCIDA (İMAL),200 g/l Tebuconazole + 120 g/l Azoxystrobin,SC (Akıcı Konsantre/Süspansiyon Konsantre),6
RAXOR (İMAL),"24 g/l Spinosad + 1,8 g/l Abamectin",OD (Yağda Dağılabilen),6
TAPIWA (İMAL),124 g/l Kresoxim-methyl + 83 g/l Tetraconazole,SE (Suspo-Emülsiyon),6
TEFNUT (İMAL),"%30 Cymoxanil + %22,5 Famoxadone",WG (Suda Dağılabilen Granül),6
MUTUAL (İMAL),%50 Flonicamid,WG (Suda Dağılabilen Granül),6
NARILON 240 SC (İMAL),240 g/l Isoxaflutole +240 g/l Cyprosulfamide (safener),SC (Akıcı Konsantre/Süspansiyon Konsantre),6
DİPLOMAT OD 66 (İMAL),44 g/l Tembotrione + 22 g/l Isoxadifen-ethyl (safener),OD (Yağda Dağılabilen),6
CHENGEL 600 SC (İMAL),600 g/l Aclonifen,SC (Akıcı Konsantre/Süspansiyon Konsantre),6
FLUTHAC 222 SC (İMAL),222 g/l Flubendiamide,SC (Akıcı Konsantre/Süspansiyon Konsantre),6
VİNGARDOL 20 WP (İMAL),%20 Pyridaben,WP (Islanabilir Toz),6
SUTALO 325 SC (İMAL),200 g/l Azoxystrobin + 125 g/l Difenoconazole,SC (Akıcı Konsantre/Süspansiyon Konsantre),6
PİNOCCHİO (İMAL),%50 Pirimicarb,WG (Suda Dağılabilen Granül),6
MASNAMEN WP (İTHAL),%20 Pyridaben,WP (Islanabilir Toz),6
VINDICTA 240 SC (İMAL),240 g/l Isoxaflutole +240 g/l Cyprosulfamide (safener),SC (Akıcı Konsantre/Süspansiyon Konsantre),6
BARGE 61 WG (İMAL),%30 Foramsulfuron + %1 Iodosulfuron methyl-sodium + %30 Isoxadifen-ethyl (safener),WG (Suda Dağılabilen Granül),6
ROYBOSS 20 SC (İMAL),200 g/l Chlorantraniliprole,SC (Akıcı Konsantre/Süspansiyon Konsantre),6
JEON 150 EC (İMAL),150 g/l Fosthiazate,EC (Emülsiye Olabilen Konsantre),6
MAKNEEM SC (İMAL),240 g/l Spiromesifen,SC (Akıcı Konsantre/Süspansiyon Konsantre),6
SPIDER 20 WP (İMAL),%20 Pyridaben,WP (Islanabilir Toz),6
MADLY (İMAL),"75 g/l Azoxystrobin + 37,5 g/l Metalaxyl-m + 12,5 g/l Fludioxonil",FS (Tohum İlaçlaması İçin Akıcı Konsantre),6
HEK-LINE 20 SC (İMAL),20 g/l Abamectin,SC (Akıcı Konsantre/Süspansiyon Konsantre),6
RAPCOOL 050 FS (İMAL),30 g/l Tebuconazole + 20 g/l Metalaxyl-m,FS (Tohum İlaçlaması İçin Akıcı Konsantre),6
NEPİT (İMAL),%12 Dithianon + %4 Pyraclostrobin,WG (Suda Dağılabilen Granül),6
NEVADO 75 WG (İMAL),%50 Tebuconazole + %25 Trifloxystrobin,WG (Suda Dağılabilen Granül),6
PICATRIX (İTHAL),110 g/l Etoxazole,SC (Akıcı Konsantre/Süspansiyon Konsantre),6
SUNORIM (İMAL),200 g/l Esfenvalerate,EC (Emülsiye Olabilen Konsantre),6
PENTAN (İMAL),150 g/l Penoxsulam + 75 g/l Florasulam,SC (Akıcı Konsantre/Süspansiyon Konsantre),6
KERION 10 EC (İMAL),100 g/l Tetraconazole,EC (Emülsiye Olabilen Konsantre),6
ROYTAZONE 320 SC (İMAL),200 g/l Tebuconazole + 120 g/l Azoxystrobin,SC (Akıcı Konsantre/Süspansiyon Konsantre),6
FİGARO 50 EC (İMAL),500 g/l Pirimiphos methyl,EC (Emülsiye Olabilen Konsantre),6
AXALOT 10 EC (İMAL),100 g/l Tetraconazole,EC (Emülsiye Olabilen Konsantre),6
BİLBAO (İMAL),375 g/l Fluazinam + 150 g/l Azoxystrobin,SC (Akıcı Konsantre/Süspansiyon Konsantre),6
DERDEST 50 SP (İMAL),%50 Formetanate hydrochloride,SP (Suda Çözünen Toz),6
EXPELER (İTHAL),110 g/l Etoxazole,SC (Akıcı Konsantre/Süspansiyon Konsantre),6
OSO (İMAL),342 g/l Oxaziclomefone,SC (Akıcı Konsantre/Süspansiyon Konsantre),6
PİL-SPEED (İMAL),100 g/l Spirotetramat,SC (Akıcı Konsantre/Süspansiyon Konsantre),6
EQUAL-PRO (İMAL),"%30 Cymoxanil + %22,5 Famoxadone",WG (Suda Dağılabilen Granül),6
ABUSGAL (İMAL),500 g/l Imazalil,EC (Emülsiye Olabilen Konsantre),6
VİOLENCEE 500 SC (İMAL),500 g/l Metrafenone,SC (Akıcı Konsantre/Süspansiyon Konsantre),6
MİDGARD (İMAL),350 g/l Meptyldinocap,EC (Emülsiye Olabilen Konsantre),6
FRSSPUTNIC (İMAL),300 g/l Spiroxamine + 160 g/l Prothioconazole,EC (Emülsiye Olabilen Konsantre),6
FLAOS (İMAL),%76 Ziram,WG (Suda Dağılabilen Granül),6
LİBERAL OD 66 (İMAL),44 g/l Tembotrione + 22 g/l Isoxadifen-ethyl (safener),OD (Yağda Dağılabilen),6
KUITO 125 FS (İMAL),"75 g/l Azoxystrobin + 37,5 g/l Metalaxyl-m + 12,5 g/l Fludioxonil",FS (Tohum İlaçlaması İçin Akıcı Konsantre),6
SYNASTRY (İMAL),"75 g/l Azoxystrobin + 37,5 g/l Metalaxyl-m + 12,5 g/l Fludioxonil",FS (Tohum İlaçlaması İçin Akıcı Konsantre),6
FORLEPS 400 (İMAL),400 g/l Phosphorous Acid (mono ve di-potasyum tuzları),SL (Suda Çözünen Konsantre),6
POINTRON SC (İMAL),"228,6 g/l Spiromesifen + 11,4 g/l Abamectin",SC (Akıcı Konsantre/Süspansiyon Konsantre),6
PRONG (İMAL),150 g/L Prochloraz+ 42 g/L Prothioconazole,EC (Emülsiye Olabilen Konsantre),6
MERİLİNE (İMAL),%10 Acetamiprid + %3 Lambda-cyhalothrin,WG (Suda Dağılabilen Granül),6
SAFA PLANCK (İMAL),%10 Acetamiprid + %3 Lambda-cyhalothrin,WG (Suda Dağılabilen Granül),6
BİELSON (İMAL),375 g/l Pyrimethanil +125 g/l Fluopyram,SC (Akıcı Konsantre/Süspansiyon Konsantre),6
VALERIO SE (İMAL),233 g/l Thiophanate-methyl + 70 g/l Tetraconazole,SE (Suspo-Emülsiyon),6
MELODİM (İMAL),"116,2 g/l Clethodim",EC (Emülsiye Olabilen Konsantre),6
SAVARİA (İTHAL),450 g/l Pendimethalin,CS (Kapsül Süspansiyon),6
YUCCA (İMAL),100 g/l Clopyralid,SL (Suda Çözünen Konsantre),6
LADEX (İMAL),20 g/L Lambda-cyhalothrin + 5 g/L Emamectin Benzoate,OD (Yağda Dağılabilen),6
PORIRUA (İMAL),60 g/l Carfentrazone-ethyl,ME (Mikro-Emülsiyon),6
VİT HALİS (İTHAL),"100 mg Murgantiol+80 mg Methyl-E,E,Z-2,4,6 -decatrienoate",--- (-),6
POEM (İMAL),25 g/l Fludioxonil + 10 g/l Metalaxyl-m,FS (Tohum İlaçlaması İçin Akıcı Konsantre),6
CHELTRICK (İMAL),150 g/l Quinclorac + 60 g/l Clomazone,OD (Yağda Dağılabilen),6
MESONE 240 EW (İMAL),240 g/l Tau-fluvalinate,"EW (Emülsiyon, Suda Yağ)",6
CORİANA 720 SL (İMAL),720 g/l Ethephon,SL (Suda Çözünen Konsantre),6
EFDAL TAKES (İMAL),"%28 Metamitron + %6,5 Phenmedipham + %6,5 Ethofumesate",WG (Suda Dağılabilen Granül),6
TANUSELLA (İTHAL),400 g/l Kükürt + 15 g/l Penconazole,SC (Akıcı Konsantre/Süspansiyon Konsantre),6
MONAST 300 EC (İMAL),300 g/l Cyprodinil,EC (Emülsiye Olabilen Konsantre),6
STELLUM 400 SC (İMAL),400 g/l Fluopyram,SC (Akıcı Konsantre/Süspansiyon Konsantre),6
PENAT (İMAL),500 g/l Metrafenone,SC (Akıcı Konsantre/Süspansiyon Konsantre),6
GERONİMO OD 66 (İMAL),44 g/l Tembotrione + 22 g/l Isoxadifen-ethyl (safener),OD (Yağda Dağılabilen),6
BOOKER 400 SC (İMAL),400 g/l Fluopyram,SC (Akıcı Konsantre/Süspansiyon Konsantre),6
LUNAREX FS 170 (İMAL),150 g/l Prothioconazole + 20 g/l Tebuconazole,FS (Tohum İlaçlaması İçin Akıcı Konsantre),6
ONSUVAR (İMAL),200 g/l Chlorantraniliprole,SC (Akıcı Konsantre/Süspansiyon Konsantre),6
EFDAL WAR (İMAL),"100 g/l Cyhalofop-butyl + 13,3 g/l Penoxsulam",OD (Yağda Dağılabilen),6
MANZİN 35 FS (İMAL),25 g/l Fludioxonil + 10 g/l Metalaxyl-m,FS (Tohum İlaçlaması İçin Akıcı Konsantre),6
ZWEİG (İMAL),270 g/l Terbuthylazine + 64 g/l Pendimethalin,SE (Suspo-Emülsiyon),6
TROİS-P (İMAL),270 g/l Terbuthylazine + 64 g/l Pendimethalin,SE (Suspo-Emülsiyon),6
FALACER 25 WP (İMAL),%25 Tebuconazole,WP (Islanabilir Toz),6
CYMAZER 400 EW (İMAL),267 g/l Prochloraz + 133 g/l Tebuconazole,"EW (Emülsiyon, Suda Yağ)",6
TOPWHİT (İMAL),150 g/l Prochloraz + 42 g/l Epoxiconazole,DC (Disperse Olabilen Konsantre),6
BEMOL (İMAL),"%25,2 Boscalid + %12,8 Pyraclostrobin",WG (Suda Dağılabilen Granül),6
"ENDROAD 687,5 SC (İMAL)","625 g/l Propamocarb-hydrochloride + 62,5 g/l Fluopicolide",SC (Akıcı Konsantre/Süspansiyon Konsantre),6
EFDAL BORDO SC (İMAL),124 g/l Metalik bakıra eşdeğer bordo bulamacı,SC (Sadece bakırlı preparatlar) ( (Akıcı Konsantre/Süspansiyon Konsantre)),6
TOTALEX 24 EC (İMAL),240 g/l Carfentrazone-ethyl,EC (Emülsiye Olabilen Konsantre),6
LACTUNA 100 (İMAL),100 g/l Clopyralid,SL (Suda Çözünen Konsantre),6
ASTRAKON 263 SC (İMAL),175 g/l Prothioconazole + 88 g/l Trifloxystrobin,SC (Akıcı Konsantre/Süspansiyon Konsantre),6
TONDELA SC (İMAL),310 g/l Thiophanate-methyl + 187 g/l Epoxiconazole,SC (Akıcı Konsantre/Süspansiyon Konsantre),6
FATCAT (İMAL),"116,2 g/l Clethodim",EC (Emülsiye Olabilen Konsantre),6
CORTESİA 240 EC (İMAL),240 g/l Oxyfluorfen,EC (Emülsiye Olabilen Konsantre),6
SPİFEZİN (İTHAL),200 g/l Azoxystrobin + 125 g/l Difenoconazole,SC (Akıcı Konsantre/Süspansiyon Konsantre),6
FRS RUGER (İMAL),"51,3 g/l Cyflufenamid","EW (Emülsiyon, Suda Yağ)",6
ORTOVERO 800 SC (İMAL),800 g/l Kükürt,SC (Akıcı Konsantre/Süspansiyon Konsantre),6
CALABRO 460 EC (İMAL),300 g/l Spiroxamine + 160 g/l Prothioconazole,EC (Emülsiye Olabilen Konsantre),6
ESTİVAL SC 400 (İMAL),400 g/l Fluopyram,SC (Akıcı Konsantre/Süspansiyon Konsantre),6
SILVERGRID (İMAL),270 g/l Terbuthylazine + 64 g/l Pendimethalin,SE (Suspo-Emülsiyon),6
VEFCOVER SC (İMAL),200 g/l Chlorantraniliprole,SC (Akıcı Konsantre/Süspansiyon Konsantre),6
LUTTE (İMAL),250 g/l Fluopyram+ 250 g/l Trifloxystrobin,SC (Akıcı Konsantre/Süspansiyon Konsantre),6
EFDAL DELMAC FS (İMAL),"75 g/l Azoxystrobin + 37,5 g/l Metalaxyl-m + 12,5 g/l Fludioxonil",FS (Tohum İlaçlaması İçin Akıcı Konsantre),6
FREEDOM (İMAL),296 g/l Azoxystrobin + 218 g/l Flutriafol,SC (Akıcı Konsantre/Süspansiyon Konsantre),6
SPEDMAN (İMAL),400 g/l Cyazofamid,SC (Akıcı Konsantre/Süspansiyon Konsantre),6
PALATİNE XL 350 ES (İMAL),350 g/l Metalaxyl-m,ES (Emülsiyon Tohum İlacı),6
SAFRİNA (İMAL),%50 Flonicamid,WG (Suda Dağılabilen Granül),6
NERETVA 50 WG (İMAL),%50 Cyprodinil,WG (Suda Dağılabilen Granül),6
OFELYA 525 SC (İMAL),375 g/l Fluazinam + 150 g/l Azoxystrobin,SC (Akıcı Konsantre/Süspansiyon Konsantre),6
DİMİLİN 25 WP (İMAL),%25 Diflubenzuron,WP (Islanabilir Toz),6
IMACULATE 300 EC (İTHAL),300 g/l Imazalil,EC (Emülsiye Olabilen Konsantre),6
LIBERTA (İMAL),150 g/l Cyprodinil + 100 g/l Fludioxonil,SC (Akıcı Konsantre/Süspansiyon Konsantre),6
BUSSO 5 EC (İMAL),50 g/l Hexythiazox,EC (Emülsiye Olabilen Konsantre),6
EFDAL GREAT SC (İMAL),136 g/l Metalik bakıra eşdeğer bakır hidroksit + 136 g/l Metalik bakıra eşdeğer bakır oksiklorid,SC (Sadece bakırlı preparatlar) ( (Akıcı Konsantre/Süspansiyon Konsantre)),6
TEMUCO 330 EC (İMAL),330 g/l Pendimethalin,EC (Emülsiye Olabilen Konsantre),6
METADEX 6 (İMAL),%6 Metaldehyde,GB (Granül Yem),6
PEİDRA 240 SC (İMAL),240 g/l Spinosad,SC (Akıcı Konsantre/Süspansiyon Konsantre),6
SANVİTO (İMAL),"625 g/l Propamocarb-hydrochloride + 62,5 g/l Fluopicolide",SC (Akıcı Konsantre/Süspansiyon Konsantre),6
EMEXİM FS (İTHAL),25 g/l Fludioxonil + 10 g/l Metalaxyl-m,FS (Tohum İlaçlaması İçin Akıcı Konsantre),6
SECTOJEN 20 SC (İMAL),200 g/l Chlorantraniliprole,SC (Akıcı Konsantre/Süspansiyon Konsantre),6
HUBLE SC (İMAL),250 g/l Glyphosate asite eşdeğer Glyphosate Isopropylamin Tuzu + 40 g/l Diflufenican,SC (Akıcı Konsantre/Süspansiyon Konsantre),6
PAITA (İMAL),175 g/l Prothioconazole + 88 g/l Trifloxystrobin,SC (Akıcı Konsantre/Süspansiyon Konsantre),6
HAYALET (İMAL),240 g/l Carfentrazone-ethyl,EC (Emülsiye Olabilen Konsantre),6
BARKIN 10 SL (İMAL),10 g/l Gibberellin A4/A7,SL (Suda Çözünen Konsantre),6
TİBESTİ (İMAL),"452,42 g/l 2,4-D 2-Ethylhexyl ester + 6,25 g/l Florasulam",SE (Suspo-Emülsiyon),6
AGROFARM PRIZMA (İMAL),200 g/l Diquat dibromide,SL (Suda Çözünen Konsantre),6
ROVELLS (İMAL),"%25,2 Boscalid + %12,8 Pyraclostrobin",WG (Suda Dağılabilen Granül),6
"KARDELTA 2,5 EC (İMAL)",25 g/l Deltamethrin,EC (Emülsiye Olabilen Konsantre),6
RAVEN 500 SC (İMAL),250 g/l Dithianon + 250 g/l Pyrimethanil,SC (Akıcı Konsantre/Süspansiyon Konsantre),6
KAMPOS 80 WP (İMAL),%80 Fosetyl-Al,WP (Islanabilir Toz),6
BOLLENTE (İMAL),25 g/l Fludioxonil + 10 g/l Metalaxyl-m,FS (Tohum İlaçlaması İçin Akıcı Konsantre),6
HARKOLİN (İMAL),650 g/l Malathion,EC (Emülsiye Olabilen Konsantre),6
FLASHPOİNT WG 50 (İMAL),%50 Trifloxystrobin,WG (Suda Dağılabilen Granül),6
KILLHERB 330 EC (İMAL),330 g/l Pendimethalin,EC (Emülsiye Olabilen Konsantre),6
HODOR EC 460 (İMAL),300 g/l Spiroxamine + 160 g/l Prothioconazole,EC (Emülsiye Olabilen Konsantre),6
ER-TUTER (İTHAL),"0,76 mg E3-Z8-Z11 Tetradecatrien-1-yl acetate + 0,04 mg E3-Z8 Tetradecadien-1-yl acetate+Su Tuzağı",--- (-),6
IQ TU-TEX (İTHAL),"0,238 mg E3-Z8-Z11 Tetradecatrien-1-yl acetate + 0,012 mg E3-Z8 Tetradecadien-1-yl acetate+Su Tuzağı",--- (-),6
ORİENTE (İMAL),85 g/l Pyroxasulfone,OD (Yağda Dağılabilen),6
ROOT MASTER (İMAL),"%0,52 1-naphthylacetic acid (NAA) + %0,51 4-indol-3-ylbutyric acid (IBA)",WP (Islanabilir Toz),6
EFDAL PERFİM 75 WG (İMAL),"%7,5 Pyroxsulam + %7,5 Cloquintocet-mexyl (safener)",WG (Suda Dağılabilen Granül),6
FLUMYZIN 50 WG (İTHAL),%50 Flumioxazin,WG (Suda Dağılabilen Granül),6
FRAGMAN 300 EC (İMAL),300 g/l Cyprodinil,EC (Emülsiye Olabilen Konsantre),6
PENTHİUM DF (İMAL),%70 Metiram,DF (Kuru Akışkan),6
MAİRA (İMAL),30 g/l Mesosulfuron methyl + 6 g/l Iodosulfuron-methyl-sodium + 90 g/l Mefenpyr diethyl (safener),OD (Yağda Dağılabilen),6
PROTADİS 225 EC (İTHAL),150 g/l Prothioconazole + 75 g/l Fluxapyroxad,EC (Emülsiye Olabilen Konsantre),6
ZIPCIK (İMAL),"361,1 g/l Metalik bakıra eşdeğer bakır hidroksit",SC (Sadece bakırlı preparatlar) ( (Akıcı Konsantre/Süspansiyon Konsantre)),6
RHANİS 65 EM (İMAL),650 g/l Malathion,EC (Emülsiye Olabilen Konsantre),6
İNFAAL (İMAL),125 g/l Azoxystrobin + 125 g/l Difenoconazole,SC (Akıcı Konsantre/Süspansiyon Konsantre),6
SATRE 800 SC (İMAL),800 g/l Kükürt,SC (Akıcı Konsantre/Süspansiyon Konsantre),6
HECUBA (İMAL),18 g/l Abamectin,EC (Emülsiye Olabilen Konsantre),6
HAGRID 50 SC (İMAL),50 g/l Abamectin,SC (Akıcı Konsantre/Süspansiyon Konsantre),6
CLAYMORE (İMAL),"116,2 g/l Clethodim",EC (Emülsiye Olabilen Konsantre),6
ARROGANT 50 EC (İMAL),50 g/l Hexythiazox,EC (Emülsiye Olabilen Konsantre),6
BEYSİPAN (İMAL),%20 Acetamiprid,SP (Suda Çözünen Toz),6
LAROXX (İMAL),480 g/l Glyphosate Isopropylamin Tuzu,SL (Suda Çözünen Konsantre),6
FLOMAK (İMAL),"452,42 g/l 2,4-D 2-Ethylhexyl ester + 6,25 g/l Florasulam",SE (Suspo-Emülsiyon),6
PENNAMINE (İMAL),300 g/l Pyrimethanil,SC (Akıcı Konsantre/Süspansiyon Konsantre),6
MAKUSOL (İMAL),200 g/l Tebuconazole + 120 g/l Azoxystrobin,SC (Akıcı Konsantre/Süspansiyon Konsantre),6
ANTVON (İMAL),50 g/l Deltamethrin,SC (Akıcı Konsantre/Süspansiyon Konsantre),6
PENTAGOR (İMAL),435 g/l Pendimethalin,EC (Emülsiye Olabilen Konsantre),6
VOLANTİS 425 EC (İMAL),224 g/l Spiroxamine + 148 g/l Tebuconazole + 53 g/l Prothioconazole,EC (Emülsiye Olabilen Konsantre),6
MAKAZOX CST (İMAL),"75 g/l Azoxystrobin + 37,5 g/l Metalaxyl-m + 12,5 g/l Fludioxonil",FS (Tohum İlaçlaması İçin Akıcı Konsantre),6
RADİUS (İTHAL),150 g/l Prothioconazole + 75 g/l Benzovindiflupyr,EC (Emülsiye Olabilen Konsantre),6
PULSO 480 EC (İMAL),480 g/l Metalaxyl-M,EC (Emülsiye Olabilen Konsantre),6
ADEQUETE 110 SC (İMAL),110 g/l Etoxazole,SC (Akıcı Konsantre/Süspansiyon Konsantre),6
HEXUS (İMAL),"25 g/l Clodinafop-propargyl + 25 g/l Pinoxaden + 6,25 g/l Cloquintocet-mexyl (safener)",EC (Emülsiye Olabilen Konsantre),6
"TANARO 116,2 EC (İMAL)","116,2 g/l Clethodim",EC (Emülsiye Olabilen Konsantre),6
MICALE (İTHAL),200 g/l Boscalid + 100 g/l Kresoxim-methyl,SC (Akıcı Konsantre/Süspansiyon Konsantre),6
ARBİTRO 480 SC (İMAL),240 g/l Isoxaflutole +240 g/l Cyprosulfamide (safener),SC (Akıcı Konsantre/Süspansiyon Konsantre),6
KABARTAY (İMAL),220 g/l Etoxazole + 72 g/l Abamectin,CS (Kapsül Süspansiyon),6
BLİSS (İMAL),%20 Metalik bakıra eşdeğer bordo bulamacı,WP (Bordo Bulamacı) (Islanabilir Toz),6
EFDAL VOLO SC (İMAL),400 g/l Fluopyram,SC (Akıcı Konsantre/Süspansiyon Konsantre),6
EFDAL SINGIL WG (İMAL),"%26,7 Boscalid + %6,7 Pyraclostrobin",WG (Suda Dağılabilen Granül),6
BENVİOLA 5.7 WG (İTHAL),% 5.7 Emamectin benzoate,WG (Suda Dağılabilen Granül),6
EMATİN OPTİ WG (İTHAL),% 5.7 Emamectin benzoate,WG (Suda Dağılabilen Granül),6
WILBER (İMAL),250 g/l Glyphosate asite eşdeğer Glyphosate Isopropylamin Tuzu + 40 g/l Diflufenican,SC (Akıcı Konsantre/Süspansiyon Konsantre),6
SECPRİME SC 400 (İMAL),400 g/l Fluopyram,SC (Akıcı Konsantre/Süspansiyon Konsantre),6
FOZAT 2E (İMAL),240 g/l Oxyfluorfen,EC (Emülsiye Olabilen Konsantre),6
KORZAMOX 25 SL (İMAL),25 g/l Imazamox,SL (Suda Çözünen Konsantre),6
NAPOSTA (İMAL),%50 Tebuconazole + %25 Trifloxystrobin,WG (Suda Dağılabilen Granül),6
RAUL (İMAL),200 g/l Diquat dibromide,SL (Suda Çözünen Konsantre),6
SAFFAT 3.1 SP (İMAL),"%3,1 Gibberellic Acid",SP (Suda Çözünen Toz),6
PEİDRA 480 SC (İMAL),480 g/l Spinosad,SC (Akıcı Konsantre/Süspansiyon Konsantre),6
ENVİX 400 SC (İMAL),330 g/l Terbuthylazine + 70 g/l Mesotrione,SC (Akıcı Konsantre/Süspansiyon Konsantre),6
SRİLİS 400 SC (İMAL),330 g/l Terbuthylazine + 70 g/l Mesotrione,SC (Akıcı Konsantre/Süspansiyon Konsantre),6
EGESTA (İMAL),240 g/l Spirodiclofen,SC (Akıcı Konsantre/Süspansiyon Konsantre),6
ORCHEX 050 EC (İMAL),"50 g/l Pinoxaden + 12,5 g/l Cloquintocet-mexyl (Safener)",EC (Emülsiye Olabilen Konsantre),6
ARMİDALE 250 EC (İMAL),250 g/l Difenoconazole,EC (Emülsiye Olabilen Konsantre),6
SUDLER WG (İMAL),"%26,7 Boscalid + %6,7 Pyraclostrobin",WG (Suda Dağılabilen Granül),6
FRS TENDRA (İMAL),%20 Tebufenpyrad,WP (Islanabilir Toz),6
HAMAYO 250 EC (İMAL),125 g/l Prothioconazole + 125 g/l Tebuconazole,EC (Emülsiye Olabilen Konsantre),6
MAKROLEN 20 SC (İMAL),200 g/l Chlorantraniliprole,SC (Akıcı Konsantre/Süspansiyon Konsantre),6
AKUTAN 35 WG (İMAL),%35 Chlorantraniliprole,WG (Suda Dağılabilen Granül),6
QISHT (İMAL),250 g/l Azoxystrobin,SC (Akıcı Konsantre/Süspansiyon Konsantre),6
THORN (İMAL),"37,5 g/l Mesotrione + 15 g/l Nicosulfuron",OD (Yağda Dağılabilen),6
FRSVASTOC (İMAL),240 g/l Spirodiclofen,SC (Akıcı Konsantre/Süspansiyon Konsantre),6
TRUNFO T (İTHAL),200 g/l Azoxystrobin + 200 g/l Tebuconazole,SC (Akıcı Konsantre/Süspansiyon Konsantre),6
SAVAŞAN 5 SG (İMAL),%5 Emamectin benzoate,SG (Suda Çözünen Granül),6
SPİRİT OD (İMAL),30 g/l Mesosulfuron-methyl + 90 g/l Mefenpyr-diethyl (safener),OD (Yağda Dağılabilen),6
GUSTAVO SC (İMAL),200 g/l Boscalid + 100 g/l Kresoxim-methyl,SC (Akıcı Konsantre/Süspansiyon Konsantre),6
CATCH UP 800 (İMAL),800 g/l Mineral Yağ,EC (Emülsiye Olabilen Konsantre),6
AŞKABAT (İMAL),300 g/l Methoxyfenozide + 60 g/l Spinetoram,SC (Akıcı Konsantre/Süspansiyon Konsantre),6
CHEMNEMO 20 WP (İMAL),%20 Metalik bakıra eşdeğer bordo bulamacı,WP (Bordo Bulamacı) (Islanabilir Toz),6
SHERADER (İMAL),"65,82 g/l Metalik bakıra eşdeğer bakır sülfat",SC (Akıcı Konsantre/Süspansiyon Konsantre),6
ESSUGO 35 WG (İMAL),%35 Chlorantraniliprole,WG (Suda Dağılabilen Granül),6
AVOXA (İTHAL),"33,30 g/l Pinoxaden + 8,33 g/l Pyroxsulam + 8,33 g/l Cloquintocet mexyl (Safener)",EC (Emülsiye Olabilen Konsantre),6
YOGİTA 20 SC (İMAL),200 g/l Cyflumetofen,SC (Akıcı Konsantre/Süspansiyon Konsantre),6
MIRANDA 20 SC (İMAL),200 g/l Cyflumetofen,SC (Akıcı Konsantre/Süspansiyon Konsantre),6
ESSUGO 20 SC (İMAL),200 g/l Chlorantraniliprole,SC (Akıcı Konsantre/Süspansiyon Konsantre),6
LORTAMA (İTHAL),5 g/l Florpyrauxifen-benzyl + 40 g/l Nicosulfuron + 10 g/l Thifensulfuron-methyl + 10 g/l Isoxadifen-ethyl (safener),OD (Yağda Dağılabilen),6
ARMED 900 EC (İMAL),900 g/l Fosthiazate,EC (Emülsiye Olabilen Konsantre),6
ANSIL 050 EC (İMAL),"50 g/l Pinoxaden + 12,5 g/l Cloquintocet-mexyl (Safener)",EC (Emülsiye Olabilen Konsantre),6
CHAKIR 10 EC (İMAL),100 g/l Tetraconazole,EC (Emülsiye Olabilen Konsantre),6
COSPİRON (İMAL),"228,6 g/l Spiromesifen + 11,4 g/l Abamectin",SC (Akıcı Konsantre/Süspansiyon Konsantre),6
SUFLER (İMAL),125 g/l Flutriafol,SC (Akıcı Konsantre/Süspansiyon Konsantre),6
MANAMID 100 SC (İTHAL),100 g/L Cyazofamid,SC (Akıcı Konsantre/Süspansiyon Konsantre),6
ASTROY 35 WG (İMAL),%35 Chlorantraniliprole,WG (Suda Dağılabilen Granül),6
SAFA LUMİNA 200 SC (İMAL),100 g/l Lambda-cyhalothrin + 100 g/l Lufenuron,SC (Akıcı Konsantre/Süspansiyon Konsantre),6
SACRON 45 WG (İTHAL),%45 Cymoxanil,WG (Suda Dağılabilen Granül),6
SAFA AKİLA 280 SC (İMAL),200 g/l Picoxystrobin + 80 g/l Cyproconazole,SC (Akıcı Konsantre/Süspansiyon Konsantre),6
SORELLA (İMAL),310 g/l Pyrimethanil + 95 g/l Trifloxystrobin,SC (Akıcı Konsantre/Süspansiyon Konsantre),6
PUNO EC (İMAL),300 g/l Cyprodinil,EC (Emülsiye Olabilen Konsantre),6
TARMA 460 EC (İMAL),300 g/l Spiroxamine + 160 g/l Prothioconazole,EC (Emülsiye Olabilen Konsantre),6
VEGLIS (İMAL),%50 Phosmet,WP (Islanabilir Toz),6
MELANCHOLY (İMAL),"312,5 g/l S-Metolachlor + 187,5 g/l Terbuthylazine",SC (Akıcı Konsantre/Süspansiyon Konsantre),6
REGATON (İMAL),%35 Chlorantraniliprole,WG (Suda Dağılabilen Granül),6
"KURGAN 687,5 SC (İMAL)","625 g/l Propamocarb-hydrochloride + 62,5 g/l Fluopicolide",SC (Akıcı Konsantre/Süspansiyon Konsantre),6
MAVERA 45 OD (İMAL),45 g/l Pyroxsulam + 90 g/l Cloquintocet-mexyl (safener),OD (Yağda Dağılabilen),6
GIBBROVAP (İTHAL),20 g/l Gibberellic acid,SL (Suda Çözünen Konsantre),6
BASRADEF (İMAL),%50 Flonicamid,WG (Suda Dağılabilen Granül),6
GRAINGUARD PRO (İMAL),50 g/l Deltamethrin,EC (Emülsiye Olabilen Konsantre),6
MEROPE SE (İMAL),"375 g/l S-Metolachlor + 125 g/l Terbuthylazine + 37,5 g/l Mesotrione",SE (Suspo-Emülsiyon),6
ALDONA 400 SL (İMAL),400 g/l MCPA,SL (Suda Çözünen Konsantre),6
AGROASISTE (İMAL),200 g/l Carfentrazone-ethyl + 30 g/l Diuron,SE (Suspo-Emülsiyon),6
GOELDA 465 SC (İMAL),225 g/l Isoxaflutole + 90 g/l Thiencarbazone-methyl + 150 g/l Cyprosulfamide (safener),SC (Akıcı Konsantre/Süspansiyon Konsantre),6
UMTAS 200 SC (İMAL),200 g/l Chlorantraniliprole,SC (Akıcı Konsantre/Süspansiyon Konsantre),6
EGGMEN 200 SC (İMAL),200 g/l Chlorantraniliprole,SC (Akıcı Konsantre/Süspansiyon Konsantre),6
ESPERA 85 OD (İMAL),"70,8 g/l Pyroxsulam + 14,2 g/l Florasulam + 70,8 g/l Cloquintocet-mexyl (Safener)",OD (Yağda Dağılabilen),6
PENBOTEC 400 SC (İTHAL),400 g/l Pyrimethanil,SC (Akıcı Konsantre/Süspansiyon Konsantre),6
INTARA 376 SC (İMAL),326 g/l Terbuthylazine + 50 g/l Mesotrione,SC (Akıcı Konsantre/Süspansiyon Konsantre),6
INTARA 400 SC (İMAL),330 g/l Terbuthylazine + 70 g/l Mesotrione,SC (Akıcı Konsantre/Süspansiyon Konsantre),6
CATTRAL (İMAL),250 g/l Quinclorac,SC (Akıcı Konsantre/Süspansiyon Konsantre),6
WORDEN 300 EC (İMAL),300 g/l Cyprodinil,EC (Emülsiye Olabilen Konsantre),6
CİMEGRA SC (İTHAL),100 g/l Broflanilide,SC (Akıcı Konsantre/Süspansiyon Konsantre),6
PLOW 35 WG (İMAL),%35 Chlorantraniliprole,WG (Suda Dağılabilen Granül),6
EFDAL MOKİTA 25 SL (İMAL),25 g/l Imazamox,SL (Suda Çözünen Konsantre),6
METAPHOR 25 WP (İMAL),%25 Malathion,WP (Islanabilir Toz),6
AXLERON (İMAL),200 g/l Chlorantraniliprole,SC (Akıcı Konsantre/Süspansiyon Konsantre),6
DİNEROL (İMAL),200 g/l Esfenvalerate,EC (Emülsiye Olabilen Konsantre),6
BELLOCA 450 CS (İMAL),450 g/l Pendimethalin,CS (Kapsül Süspansiyon),6
EFDAL FUMASTE SC (İMAL),156 g/l Acequinocyl,SC (Akıcı Konsantre/Süspansiyon Konsantre),6
LESBOS (İMAL),200 g/l Azoxystrobin + 125 g/l Difenoconazole,SC (Akıcı Konsantre/Süspansiyon Konsantre),6
SILVIO 125 FS (İMAL),"75 g/l Azoxystrobin + 37,5 g/l Metalaxyl-m + 12,5 g/l Fludioxonil",FS (Tohum İlaçlaması İçin Akıcı Konsantre),6
LOAVİSE (İMAL),310 g/l Pyrimethanil + 95 g/l Trifloxystrobin,SC (Akıcı Konsantre/Süspansiyon Konsantre),6
KURTUL 800 SC (İMAL),800 g/l Kükürt,SC (Akıcı Konsantre/Süspansiyon Konsantre),6
DENGERE 250 WG (İMAL),%25 Spinetoram,WG (Suda Dağılabilen Granül),6
CARTONES (İMAL),326 g/l Terbuthylazine + 50 g/l Mesotrione,SC (Akıcı Konsantre/Süspansiyon Konsantre),6
EFDAL REMİ WG (İMAL),%10 Acetamiprid + %3 Lambda-cyhalothrin,WG (Suda Dağılabilen Granül),6
OZANİL MC (İMAL),300 g/l Bromoxynil + 300 g/l MCPA,EC (Emülsiye Olabilen Konsantre),6
AGENDA 240 SC (İMAL),240 g/l Metaflumizone,SC (Akıcı Konsantre/Süspansiyon Konsantre),6
CAMARO 565 SC (İMAL),525 g/l Metamitron + 40 g/l Quinmerac,SC (Akıcı Konsantre/Süspansiyon Konsantre),6
FİESTA 0.24 CB (İMAL),"0,24 g/l Spinosad",CB (Konsantre Yem),6
SAYADA 400 SC (İMAL),400 g/l Fluopyram,SC (Akıcı Konsantre/Süspansiyon Konsantre),6
KUMİX SC 480 (İMAL),240 g/l Isoxaflutole +240 g/l Cyprosulfamide (safener),SC (Akıcı Konsantre/Süspansiyon Konsantre),6
ARHAVİS (İMAL),120 g/l Spinetoram,SC (Akıcı Konsantre/Süspansiyon Konsantre),6
ROSİNY 25 EC (İMAL),250 g/l Flurochloridone,EC (Emülsiye Olabilen Konsantre),6
KRONOS 50 W (İMAL),%50 Propyzamide,WP (Islanabilir Toz),6
CEPRID (İTHAL),%20 Acetamiprid,SP (Suda Çözünen Toz),6
PİRETRO VERDE 5 EC (İTHAL),"46,5 g/l Pyrethrin",EC (Emülsiye Olabilen Konsantre),6
JUTSU 20 SP (İMAL),%20 Acetamiprid,SP (Suda Çözünen Toz),6
SULFLEKS 800 SC (İMAL),800 g/l Kükürt,SC (Akıcı Konsantre/Süspansiyon Konsantre),6
DECCO OPP (İTHAL),100 g/l 2-Phenylphenol,EC (Emülsiye Olabilen Konsantre),6
ESTEVA FS (İMAL),150 g/l Prothioconazole + 20 g/l Tebuconazole,FS (Tohum İlaçlaması İçin Akıcı Konsantre),6
CORKİ 300 EC (İMAL),300 g/l Cyprodinil,EC (Emülsiye Olabilen Konsantre),6
LUPIN (İMAL),30 g/l Mesosulfuron methyl + 6 g/l Iodosulfuron-methyl-sodium + 90 g/l Mefenpyr diethyl (safener),OD (Yağda Dağılabilen),6
SECRAC 240 EC (İMAL),240 g/l Oxyfluorfen,EC (Emülsiye Olabilen Konsantre),6
MONTES (İMAL),"62,5 g/l Rimsulfuron",OD (Yağda Dağılabilen),6
NAFALOL 80 WP (İMAL),%80 Fosetyl-Al,WP (Islanabilir Toz),6
DOLORES (İMAL),150 g/l Fosthiazate,EC (Emülsiye Olabilen Konsantre),6
MAPUMOL 240 SC (İMAL),240 g/l Spirodiclofen,SC (Akıcı Konsantre/Süspansiyon Konsantre),6
PULLZER (İMAL),%76 Ziram,WG (Suda Dağılabilen Granül),6
KLAXONE 20 SC (İMAL),200 g/l Chlorantraniliprole,SC (Akıcı Konsantre/Süspansiyon Konsantre),6
SRİLİS 376 SC (İMAL),326 g/l Terbuthylazine + 50 g/l Mesotrione,SC (Akıcı Konsantre/Süspansiyon Konsantre),6
ALDAVEN 20 SC (İMAL),200 g/l Chlorantraniliprole,SC (Akıcı Konsantre/Süspansiyon Konsantre),6
VANEBU 222 SC (İMAL),222 g/l Flubendiamide,SC (Akıcı Konsantre/Süspansiyon Konsantre),6
CCFLY-HP (İMAL),72 g/l Hidrolize Protein,SL (Suda Çözünen Konsantre),6
ADRIAN 400 SC (İMAL),200 g/l Fluopyram + 200 g/l Tebuconazole,SC (Akıcı Konsantre/Süspansiyon Konsantre),6
NEBUTO 100 SC (İMAL),100 g/l Spirotetramat,SC (Akıcı Konsantre/Süspansiyon Konsantre),6
AGROSTRİKE 240 SC (İMAL),240 g/l Spinosad,SC (Akıcı Konsantre/Süspansiyon Konsantre),6
MAK-PIXS (İMAL),200 g/l Cyhalofop-butyl,EC (Emülsiye Olabilen Konsantre),6
TWİN HİT (İMAL),571 g/l Metamitron + 71 g/l Quinmerac,SC (Akıcı Konsantre/Süspansiyon Konsantre),6
SERİTOR SC (İMAL),800 g/l Kükürt,SC (Akıcı Konsantre/Süspansiyon Konsantre),6
VAİNEST 20 SC (İMAL),200 g/l Chlorantraniliprole,SC (Akıcı Konsantre/Süspansiyon Konsantre),6
OLMERT 20 SC (İTHAL),200 g/l Chlorantraniliprole,SC (Akıcı Konsantre/Süspansiyon Konsantre),6
CYPERMAT (İTHAL),250 g/l Cypermethrin,EC (Emülsiye Olabilen Konsantre),6
VEFARON (İMAL),%20 Pyridaben,WP (Islanabilir Toz),6
EFDAL SİMUSED FS 170 (İMAL),150 g/l Prothioconazole + 20 g/l Tebuconazole,FS (Tohum İlaçlaması İçin Akıcı Konsantre),6
ARF (İMAL),296 g/l Azoxystrobin + 218 g/l Flutriafol,SC (Akıcı Konsantre/Süspansiyon Konsantre),6
AQUERO 80 WP (İMAL),%80 Fosetyl-Al,WP (Islanabilir Toz),6
DORENE (İMAL),300 g/l Cyprodinil,EC (Emülsiye Olabilen Konsantre),6
DORENE 50 WG (İMAL),%50 Cyprodinil,WG (Suda Dağılabilen Granül),6
MARYON 222 SC (İMAL),222 g/l Flubendiamide,SC (Akıcı Konsantre/Süspansiyon Konsantre),6
PARANA (İMAL),216 g/L Methoxyfenozide + 76 g/L Flubendiamide,SC (Akıcı Konsantre/Süspansiyon Konsantre),6
CAFEDINE (İMAL),250 g/l Azoxystrobin,SC (Akıcı Konsantre/Süspansiyon Konsantre),6
FURCO 35 WG (İMAL),%35 Chlorantraniliprole,WG (Suda Dağılabilen Granül),6
DEVOR (İMAL),800 g/l Prosulfocarb + 80 g/l Metribuzin,EC (Emülsiye Olabilen Konsantre),6
NEPHİS (İMAL),600 g/l Phosphorous Acid (mono ve di-potasyum tuzları),SL (Suda Çözünen Konsantre),6
CUMİL 20 EC (İMAL),200 g/l Esfenvalerate,EC (Emülsiye Olabilen Konsantre),6
ALUSHTA 240 EC (İMAL),240 g/l Clethodim,EC (Emülsiye Olabilen Konsantre),6
TRABALHOS 45 EC (İMAL),"22,5 g/l Pinoxaden + 22,5 g/l Clodinafop-propargyl + 5,63 g/l Cloquintocet-mexyl (safener)",EC (Emülsiye Olabilen Konsantre),6
DELTOID (İMAL),25 g/l Deltamethrin,EC (Emülsiye Olabilen Konsantre),6
KHIRONA (İMAL),240 g/l Spirodiclofen,SC (Akıcı Konsantre/Süspansiyon Konsantre),6
CYCAT (İTHAL),%10 Triclopyr,ST (Suda Çözünen Tablet),6
CUPRASUL (İTHAL),640 g/l Kükürt + 80 g/l Metalik Bakıra Eşdeğer Tribazik Bakır Sülfat,SC (Akıcı Konsantre/Süspansiyon Konsantre),6
HAMLE 250 SC (İMAL),250 g/l Flutriafol,SC (Akıcı Konsantre/Süspansiyon Konsantre),6
NACHO 250 SC (İMAL),250 g/l Flutriafol,SC (Akıcı Konsantre/Süspansiyon Konsantre),6
SELENİCA 50 EC (İMAL),500 g/l Pirimiphos methyl,EC (Emülsiye Olabilen Konsantre),6
VISICOR 70 WG (İTHAL),%70 Chlorantraniliprole,WG (Suda Dağılabilen Granül),6
CYPERHARD 25 EC (İMAL),250 g/l Cypermethrin,EC (Emülsiye Olabilen Konsantre),6
SLICE 400 SC (İMAL),400 g/l Buprofezin,SC (Akıcı Konsantre/Süspansiyon Konsantre),6
ARMİ (İMAL),250 g/l Cypermethrin,EC (Emülsiye Olabilen Konsantre),6
BRYTE (İMAL),480 g/l Spinosad,SC (Akıcı Konsantre/Süspansiyon Konsantre),6
EFDAL ROKSAN M60 (İMAL),400 g/l Bentazone + 60 g/l MCPA,SL (Suda Çözünen Konsantre),6
ADEAL 10 EW (İTHAL),100 g/l Pyriproxyfen,"EW (Emülsiyon, Suda Yağ)",6
TIAMAT (İMAL),50 g/l Lufenuron,EC (Emülsiye Olabilen Konsantre),6
ASTRATOP 450 CS (İTHAL),450 g/l Pendimethalin,CS (Kapsül Süspansiyon),6
ZUCRADEX® (İMAL),100 g/l Pyraclostrobin + 100 g/l Flutriafol + 50 g/l Penconazole,EC (Emülsiye Olabilen Konsantre),6
KAPRALE EC (İMAL),300 g/l Spiroxamine + 160 g/l Prothioconazole,EC (Emülsiye Olabilen Konsantre),6
ECLİPSO 20 SC (İMAL),200 g/l Chlorantraniliprole,SC (Akıcı Konsantre/Süspansiyon Konsantre),6
ASTRALAN 35 WG (İMAL),%35 Chlorantraniliprole,WG (Suda Dağılabilen Granül),6
RAUCH (İTHAL),%50 Tebuconazole + %25 Trifloxystrobin,WG (Suda Dağılabilen Granül),6
ELATHAN (İTHAL),200 g/l Azoxystrobin + 125 g/l Difenoconazole,SC (Akıcı Konsantre/Süspansiyon Konsantre),6
VEDİRAL (İMAL),150 g/l Penoxsulam + 75 g/l Florasulam,SC (Akıcı Konsantre/Süspansiyon Konsantre),6
KÖYPAN (İMAL),100 g/l Clopyralid,SL (Suda Çözünen Konsantre),6
ERTALEN 50 WG (İMAL),%50 Flonicamid,WG (Suda Dağılabilen Granül),6
NUADO 500 SC (İMAL),500 g/l Fluazinam,SC (Akıcı Konsantre/Süspansiyon Konsantre),6
SCOUT 50 WG (İMAL),%50 Flonicamid,WG (Suda Dağılabilen Granül),6
ECLİPSO 35 WG (İMAL),%35 Chlorantraniliprole,WG (Suda Dağılabilen Granül),6
EXOZINE (İMAL),310 g/l Thiophanate-methyl + 187 g/l Epoxiconazole,SC (Akıcı Konsantre/Süspansiyon Konsantre),6
LOBETEC (İTHAL),"210 mg (E,Z)-7,9-Dodecadien-1-yl-acetate Feromon çubuğu",--- (-),6
SAFA FIXER WP (İMAL),%80 Fosetyl-Al,WP (Islanabilir Toz),6
CONAXIS (İTHAL),400 g/l Dimethenamid-p + 50 g/l Clomazone,CS (Kapsül Süspansiyon),6
RUMBA 880 EC (İMAL),800 g/l Prosulfocarb + 80 g/l Metribuzin,EC (Emülsiye Olabilen Konsantre),6
GAMORA (İMAL),44 g/l Tembotrione + 22 g/l Isoxadifen-ethyl (safener),OD (Yağda Dağılabilen),6
BELLOCA 330 EC (İMAL),330 g/l Pendimethalin,EC (Emülsiye Olabilen Konsantre),6
KARVİNA (İMAL),"75 g/l Azoxystrobin + 37,5 g/l Metalaxyl-m + 12,5 g/l Fludioxonil",FS (Tohum İlaçlaması İçin Akıcı Konsantre),6
KANEKON 250 SC (İMAL),250 g/l Azoxystrobin,SC (Akıcı Konsantre/Süspansiyon Konsantre),6
NASUS 75 WG (İMAL),%50 Tebuconazole + %25 Trifloxystrobin,WG (Suda Dağılabilen Granül),6
KARDİM (İMAL),"116,2 g/l Clethodim",EC (Emülsiye Olabilen Konsantre),6
LEPHA (İMAL),100 g/l Flonicamid + 60 g/l Pyriproxyfen,OD (Yağda Dağılabilen),6
NOVİLADE FORTE (İMAL),150 g/l Fluazifop-p-butyl,EC (Emülsiye Olabilen Konsantre),6
MONSER (İMAL),20 g/l Gibberellic acid,SL (Suda Çözünen Konsantre),6
PARRHISIA (İTHAL),240 g/l Methoxyfenozide,SC (Akıcı Konsantre/Süspansiyon Konsantre),6
SICLOR (İMAL),200 g/l Cyflumetofen,SC (Akıcı Konsantre/Süspansiyon Konsantre),6
QUARTA 250 EC (İMAL),250 g/l Flurochloridone,EC (Emülsiye Olabilen Konsantre),6
VALDES 20 WG (İMAL),%20 Flubendiamide,WG (Suda Dağılabilen Granül),6
LETRA 100 SC (İMAL),100 g/l Spirotetramat,SC (Akıcı Konsantre/Süspansiyon Konsantre),6
HEKTAŞ KHİLON (İMAL),50 g/l Difenoconazole + 50 g/l Fludioxonil + 40 g/l Azoxystrobin,FS (Tohum İlaçlaması İçin Akıcı Konsantre),6
VAPNIL (İTHAL),%50 Cyprodinil,WG (Suda Dağılabilen Granül),6
EFECE (İMAL),200 g/l Spirotetramat+150 g/l Flonicamid,SC (Akıcı Konsantre/Süspansiyon Konsantre),6
SPOROFF (İMAL),280 g/l Dithianon + 50 g/l Myclobutanil,SC (Akıcı Konsantre/Süspansiyon Konsantre),6
LARAFAB (İMAL),%25 Tebuconazole,WP (Islanabilir Toz),6
EFDAL RIVA SC 240 (İMAL),222 g/l Spirodiclofen + 18 g/l Abamectin,SC (Akıcı Konsantre/Süspansiyon Konsantre),6
ABG CURE 25 WP (İMAL),%25 Tebuconazole,WP (Islanabilir Toz),6
DETORIN 105 OD (İMAL),75 g/l Mesotrione + 30 g/l Nicosulfuron,OD (Yağda Dağılabilen),6
COMPADRE 25 EC (İMAL),250 g/l Difenoconazole,EC (Emülsiye Olabilen Konsantre),6
VENTURE 465 SC (İMAL),225 g/l Isoxaflutole + 90 g/l Thiencarbazone-methyl + 150 g/l Cyprosulfamide (safener),SC (Akıcı Konsantre/Süspansiyon Konsantre),6
TOPSET 240 EC (İMAL),240 g/l Clodinafop-propargyl + 60 g/l Cloquintocet-mexyl (safener),EC (Emülsiye Olabilen Konsantre),6
CONCRETE 20 WP (İMAL),%20 Metalik bakıra eşdeğer bordo bulamacı,WP (Bordo Bulamacı) (Islanabilir Toz),6
AGROLYA 25 WG (İMAL),%25 Spinetoram,WG (Suda Dağılabilen Granül),6
CALCULUS (İMAL),"700 g/l Mineral Yağ + 17,3 g/l Buprofezin",OD (Yağda Dağılabilen),6
KİTİNEX CAPSÜL (İMAL),50 g/l Lambda-cyhalothrin,CS (Kapsül Süspansiyon),6
AGROFARM SLOGAN CAPSÜL (İMAL),450 g/l Pendimethalin,CS (Kapsül Süspansiyon),6
MAKFAST 62.5 WG (İMAL),"%37,5 Cyprodinil + %25 Fludioxonil",WG (Suda Dağılabilen Granül),6
ENPOLİ (İMAL),500 g/l Fluometuron,SC (Akıcı Konsantre/Süspansiyon Konsantre),6
NORCAREN (İMAL),44 g/l Tembotrione + 22 g/l Isoxadifen-ethyl (safener),OD (Yağda Dağılabilen),6
NATUGREN 20 SC (İMAL),200 g/l Chlorantraniliprole,SC (Akıcı Konsantre/Süspansiyon Konsantre),6
SOLADO (İMAL),90 g/l Indoxacarb+30 g/l Emamectin benzoate,EC (Emülsiye Olabilen Konsantre),6
CAMDALE 5 EC (İMAL),50 g/l Lufenuron,EC (Emülsiye Olabilen Konsantre),6
TİTHİSO 240 EW (İMAL),240 g/l Tau-fluvalinate,"EW (Emülsiyon, Suda Yağ)",6
KINGDOM SC (İMAL),156 g/l Acequinocyl,SC (Akıcı Konsantre/Süspansiyon Konsantre),6
ARMATÖR 25 WP (İMAL),%25 Tebuconazole,WP (Islanabilir Toz),6
LASSO (İMAL),75 g/l Indoxacarb + 18 g/l Abamectin,SC (Akıcı Konsantre/Süspansiyon Konsantre),6
SENCY (İMAL),156 g/l Acequinocyl,SC (Akıcı Konsantre/Süspansiyon Konsantre),6
PATRIA 376 SC (İMAL),326 g/l Terbuthylazine + 50 g/l Mesotrione,SC (Akıcı Konsantre/Süspansiyon Konsantre),6
PATRIA 400 SC (İMAL),330 g/l Terbuthylazine + 70 g/l Mesotrione,SC (Akıcı Konsantre/Süspansiyon Konsantre),6
MADARAME SC (İMAL),200 g/l Azoxystrobin + 125 g/l Difenoconazole,SC (Akıcı Konsantre/Süspansiyon Konsantre),6
COPERNİC 75 WG (İMAL),%75 Metalik bakıra eşdeğer bakır oksit,"WG ""Sadece bakırlı preparatlar"" (Suda Dağılabilen Granül)",6
DEAVANTEOS 100 EC (İMAL),100 g/l Penconazole,EC (Emülsiye Olabilen Konsantre),6
BUNCH® 500 SC (İMAL),375 g/l Pyrimethanil +125 g/l Fluopyram,SC (Akıcı Konsantre/Süspansiyon Konsantre),6
ASTRADAN 100 EC (İMAL),100 g/l Alpha-cypermethrin,EC (Emülsiye Olabilen Konsantre),6
DEVIPON 150 SC (İMAL),150 g/l Indoxacarb,SC (Akıcı Konsantre/Süspansiyon Konsantre),6
FIRSTPOINT 590 SC (İTHAL),300 g/l Pendimethalin + 250 g/l Chlorotoluron + 40 g/l Diflufenican,SC (Akıcı Konsantre/Süspansiyon Konsantre),6
NARUTOL WP (İMAL),%20 Metalik bakıra eşdeğer bordo bulamacı,WP (Bordo Bulamacı) (Islanabilir Toz),6
PERSİE T24 SC (İTHAL),240 g/l Isoxaflutole +240 g/l Cyprosulfamide (safener),SC (Akıcı Konsantre/Süspansiyon Konsantre),6
TERBAN - P (İMAL),270 g/l Terbuthylazine + 64 g/l Pendimethalin,SE (Suspo-Emülsiyon),6
SEMELE SE (İMAL),"375 g/l S-Metolachlor + 125 g/l Terbuthylazine + 37,5 g/l Mesotrione",SE (Suspo-Emülsiyon),6
DIONISOS (İMAL),240 g/l Metaflumizone,SC (Akıcı Konsantre/Süspansiyon Konsantre),6
LINETTI 465 SC (İMAL),225 g/l Isoxaflutole + 90 g/l Thiencarbazone-methyl + 150 g/l Cyprosulfamide (safener),SC (Akıcı Konsantre/Süspansiyon Konsantre),6
AGROFARM GERMON (İMAL),375 g/l Pyrimethanil +125 g/l Fluopyram,SC (Akıcı Konsantre/Süspansiyon Konsantre),6
ISONET LTT (İTHAL),"375 mg (E,Z)-7,9-Dodecadienyl acetate Feromon çubuğu",--- (-),6
COSAZOX SC (İTHAL),840 g/l Kükürt + 60 g/l Azoxystrobin,SC (Akıcı Konsantre/Süspansiyon Konsantre),6
DE İNN PUTE (İMAL),300 g/l Spiroxamine + 160 g/l Prothioconazole,EC (Emülsiye Olabilen Konsantre),6
NELLY 40 SL (İMAL),40 g/l Imazamox,SL (Suda Çözünen Konsantre),6
FERTİLİTATİS WG (İMAL),"%25,2 Boscalid + %12,8 Pyraclostrobin",WG (Suda Dağılabilen Granül),6
MURRAY (İMAL),75 g/l Fenoxaprop-p-ethyl + 69 g/l Mefenpyr-diethyl (safener),"EW (Emülsiyon, Suda Yağ)",6
CAYUNIS EC 325 (İTHAL),150 g/l Spiroxamine + 100 g/l Trifloxystrobin + 75 g/l Bixafen,EC (Emülsiye Olabilen Konsantre),6
ABG BANN® 50 WP (İMAL),%50 Metalik bakıra eşdeğer bakır oksiklorid,WP(Sadece bakırlı preparatlar) (Islanabilir toz),6
SAFA PERFOLA (İMAL),200 g/l Ethofumesate + 200 g/l Phenmedipham,SC (Akıcı Konsantre/Süspansiyon Konsantre),6
BKS YELLOW 25 CM X 40 CM (İMAL),25 cm x 40 cm sarı yapışkan tuzak,--- (-),6
BKS MALEX-CC 25 CM X 40 CM (İMAL),25 cm x 40 cm siyah yapışkan tuzak,--- (-),6
ABRACADABRA (İMAL),200 g/l Carfentrazone-ethyl + 30 g/l Diuron,SE (Suspo-Emülsiyon),6
JACINTO 45 OD (İMAL),45 g/l Pyroxsulam + 90 g/l Cloquintocet-mexyl (safener),OD (Yağda Dağılabilen),6
EFDAL FUTSAL (İMAL),500 g/l Fluometuron,SC (Akıcı Konsantre/Süspansiyon Konsantre),6
PANİNYAL 500 SC (İMAL),500 g/l Fluometuron,SC (Akıcı Konsantre/Süspansiyon Konsantre),6
SAFA SAFKAN WG (İMAL),"%15 Triflumizole + %3,4 Cyflufenamid",WG (Suda Dağılabilen Granül),6
KUMRASAN 40 SL (İMAL),40 g/l Imazamox,SL (Suda Çözünen Konsantre),6
LUENA 250 EC (İMAL),250 g/l Flurochloridone,EC (Emülsiye Olabilen Konsantre),6
SAFA HYRELLA (İMAL),400 g/l Metamitron + 55 g/l Ethofumesate + 35 g/l Phenmedipham,SC (Akıcı Konsantre/Süspansiyon Konsantre),6
TANKART 125 FS (İMAL),"75 g/l Azoxystrobin + 37,5 g/l Metalaxyl-m + 12,5 g/l Fludioxonil",FS (Tohum İlaçlaması İçin Akıcı Konsantre),6
MYTASTY 125 FS (İMAL),"75 g/l Azoxystrobin + 37,5 g/l Metalaxyl-m + 12,5 g/l Fludioxonil",FS (Tohum İlaçlaması İçin Akıcı Konsantre),6
TARGERON 192 EC (İMAL),150 g/L Prochloraz+ 42 g/L Prothioconazole,EC (Emülsiye Olabilen Konsantre),6
SHEILA EXPERT 400 SC (İMAL),200 g/l Fluopyram + 200 g/l Tebuconazole,SC (Akıcı Konsantre/Süspansiyon Konsantre),6
VINTIME 105 OD (İMAL),75 g/l Mesotrione + 30 g/l Nicosulfuron,OD (Yağda Dağılabilen),6
SATANAY WG (İMAL),"%15 Triflumizole + %3,4 Cyflufenamid",WG (Suda Dağılabilen Granül),6
UMERTA SC (İMAL),300 g/l Ametoctradin + 225 g/l Dimethomorph,SC (Akıcı Konsantre/Süspansiyon Konsantre),6
ESAME® (İMAL),267 g/l Prochloraz + 133 g/l Tebuconazole,"EW (Emülsiyon, Suda Yağ)",6
ENLIST ONE (İTHAL),"669 g/l 2,4 Dichlorophenox acetic acid, choline tuzu",SL (Suda Çözünen Konsantre),6
SKYWALK (İTHAL),700 g/l Metamitron,SC (Akıcı Konsantre/Süspansiyon Konsantre),6
PALAMO (İTHAL),"267,9 g/l Pendimethalin + 110,3 g/l Clomazone",SC (Akıcı Konsantre/Süspansiyon Konsantre),6
SKUBİC EC (İMAL),45 g/l Pinoxaden + 20 g/l Cloquintocet-mexyl (safener),EC (Emülsiye Olabilen Konsantre),6
BENSİCA (İMAL),500 g/l Fluazinam,SC (Akıcı Konsantre/Süspansiyon Konsantre),6
ORKESTRA 250 EC (İMAL),250 g/l Bupirimate,EC (Emülsiye Olabilen Konsantre),6
EFREN (İMAL),%50 Trifloxystrobin,WG (Suda Dağılabilen Granül),6
HEKTAŞ DESTHIO® (İMAL),175 g/l Prothioconazole + 88 g/l Trifloxystrobin,SC (Akıcı Konsantre/Süspansiyon Konsantre),6
OPSIN 80 WG (İMAL),%80 Captan,WG (Suda Dağılabilen Granül),6
ELRİC 2 DS (İMAL),%2 Tebuconazole,DS (Kuru Tohum İlacı),6
FUNGUARD (İMAL),"65,82 g/l Metalik bakıra eşdeğer bakır sülfat",SC (Sadece bakırlı preparatlar) ( (Akıcı Konsantre/Süspansiyon Konsantre)),6
HERMIS 42 OD (İMAL),10 g/l Mesosulfuron methyl + 2 g/l Iodosulfuron-methyl sodium + 30 g/l Mefenpyr-diethyl (safener),OD (Yağda Dağılabilen),6
DEMBA (İMAL),%6 Metaldehyde,GB (Granül Yem),6
ERPİLO OD (İMAL),30 g/l Mesosulfuron-methyl + 90 g/l Mefenpyr-diethyl (safener),OD (Yağda Dağılabilen),6
SALAZAR 720 SL (İMAL),720 g/l Ethephon,SL (Suda Çözünen Konsantre),6
HENDRİX (İMAL),20 g/l 6-Benzyladenine,SL (Suda Çözünen Konsantre),6
PANOPA® SC (İMAL),"357,5 g/l Metalik bakıra eşdeğer bakır oksiklorid",SC (Sadece bakırlı preparatlar) ( (Akıcı Konsantre/Süspansiyon Konsantre)),6
DAGROXANİL (İMAL),60 g/l Tebuconazole,FS (Tohum İlaçlaması İçin Akıcı Konsantre),6
KİNGSTON 200 SC (İMAL),200 g/l Chlorantraniliprole,SC (Akıcı Konsantre/Süspansiyon Konsantre),6
TURENG (İMAL),250 g/l Quinclorac,SC (Akıcı Konsantre/Süspansiyon Konsantre),6
LUMIPOSA (İTHAL),625 g/l Cyantraniliprole,FS (Tohum İlaçlaması İçin Akıcı Konsantre),6
FLYPACK (İTHAL),"28 g Ammonium bicarbonate + 0,08 g 1,7-dioxaspiro (5,5) undecane + 0,015 g Deltamethrin / Funnel tuzak",--- (-),6
LENOK 50 EC (İMAL),500 g/l Pyridalyl,EC (Emülsiye Olabilen Konsantre),6
MOVİMEC SC (İTHAL),240 g/l Spirotetramat + 40 g/l Abamectin,SC (Akıcı Konsantre/Süspansiyon Konsantre),6
EVOHE 77 WP (İMAL),%50 Metalik bakıra eşdeğer bakır hidroksit,WP(Sadece bakırlı preparatlar) (Islanabilir toz),6
ACCELERATE 320 SC (İMAL),200 g/l Tebuconazole + 120 g/l Azoxystrobin,SC (Akıcı Konsantre/Süspansiyon Konsantre),6
VALLEDRIS (İTHAL),200 g/l Azoxystrobin + 125 g/l Difenoconazole,SC (Akıcı Konsantre/Süspansiyon Konsantre),6
TUTARİPS (İMAL),250 g/l Etofenprox + 100 g/l Pyriproxyfen,EC (Emülsiye Olabilen Konsantre),6
MASHİROL SE (İMAL),"452,42 g/l 2,4-D 2-Ethylhexyl ester + 6,25 g/l Florasulam",SE (Suspo-Emülsiyon),6
PYGAS 125 FS (İMAL),"75 g/l Azoxystrobin + 37,5 g/l Metalaxyl-m + 12,5 g/l Fludioxonil",FS (Tohum İlaçlaması İçin Akıcı Konsantre),6
"SAMASSA 62,5 WG (İMAL)","%37,5 Cyprodinil + %25 Fludioxonil",WG (Suda Dağılabilen Granül),6
METLARUS (İMAL),"%0,52 1-naphthylacetic acid (NAA) + %0,51 4-indol-3-ylbutyric acid (IBA)",WP (Islanabilir Toz),6
ROMULUS FS (İMAL),"75 g/l Azoxystrobin + 37,5 g/l Metalaxyl-m + 12,5 g/l Fludioxonil",FS (Tohum İlaçlaması İçin Akıcı Konsantre),6
PIKOMAX 500 SC (İMAL),350 g/l Metamitron + 150 g/l Ethofumesate,SC (Akıcı Konsantre/Süspansiyon Konsantre),6
CEDRO (İMAL),340 g/l MCPA + 80 g/l Dicamba,SL (Suda Çözünen Konsantre),6
TRİDİ (İTHAL),1000 g/l Dimethyl Disulfide,EC (Emülsiye Olabilen Konsantre),6
EFDAL TONGRA SC (İMAL),200 g/l Chlorantraniliprole,SC (Akıcı Konsantre/Süspansiyon Konsantre),6
BUENO 300 SC (İMAL),225 g/l Tebuconazole + 75 g/l Flutriafol,SC (Akıcı Konsantre/Süspansiyon Konsantre),6
SAFA MONDE 500 SC (İMAL),500 g/l Fluazinam,SC (Akıcı Konsantre/Süspansiyon Konsantre),6
UMKİTAN 50 EW (İMAL),50 g/l Quizalofop-p-ethyl,"EW (Emülsiyon, Suda Yağ)",6
MÜREN 500 SC (İMAL),350 g/l Metamitron + 150 g/l Ethofumesate,SC (Akıcı Konsantre/Süspansiyon Konsantre),6
INHABİTENT EC (İMAL),679 g/l N-Decanol,EC (Emülsiye Olabilen Konsantre),6
HİYASOM 330 EC (İMAL),330 g/l Pendimethalin,EC (Emülsiye Olabilen Konsantre),6
BEVEREN (İMAL),150 g/l Cyprodinil + 100 g/l Fludioxonil,SC (Akıcı Konsantre/Süspansiyon Konsantre),6
BRANTAR 300 EC (İMAL),300 g/l Cyprodinil,EC (Emülsiye Olabilen Konsantre),6
TEKFUR 800 EC (İMAL),800 g/l Prosulfocarb,EC (Emülsiye Olabilen Konsantre),6
ABURRO 880 EC (İMAL),800 g/l Prosulfocarb + 80 g/l Metribuzin,EC (Emülsiye Olabilen Konsantre),6
BONGO WG (İMAL),"%57 Metiram + %4,8 Cymoxanil",WG (Suda Dağılabilen Granül),6
HEMYROL OD (İMAL),"37,5 g/l Mesotrione + 15 g/l Nicosulfuron",OD (Yağda Dağılabilen),6
FAJA 800 EC (İMAL),800 g/l Prosulfocarb,EC (Emülsiye Olabilen Konsantre),6
OSBORENDABLUE (İMAL),25 cm X 10 cm ebatında mavi yapışkan tuzak,--- (-),6
PRIMERO 450 CS (İMAL),450 g/l Pendimethalin,CS (Kapsül Süspansiyon),6
BIOSOFT (İMAL),10 cm*25 cm Mavi Renkli Yapışkan Tuzak,--- (-),6
SOFT LIFE (İMAL),10 cm*25 cm Sarı Renkli Yapışkan Tuzak,--- (-),6
MAKALFA 100 EC (İMAL),100 g/l Alpha-cypermethrin,EC (Emülsiye Olabilen Konsantre),6
EDN (İTHAL),% 97 Ethandinitril,GA (Gaz),6
OSBORENDAYELLOW (İMAL),25 cm X 10 cm ebatında sarı yapışkan tuzak,--- (-),6
MERWİDOR 500 SC (İMAL),500 g/l Fluazinam,SC (Akıcı Konsantre/Süspansiyon Konsantre),6
SİDNAY SE (İMAL),100 g/l Azoxystrobin + 80 g/l Tetraconazole,SE (Suspo-Emülsiyon),6
GENCOL WG (İMAL),"%26,7 Boscalid + %6,7 Pyraclostrobin",WG (Suda Dağılabilen Granül),6
TELEDE® (İMAL),400 g/l Phosphorous Acid (mono ve di-potasyum tuzları),SL (Suda Çözünen Konsantre),6
MANDALOR (İMAL),240 g/l Isoxaflutole +240 g/l Cyprosulfamide (safener),SC (Akıcı Konsantre/Süspansiyon Konsantre),6
VALESCO 240 EC (İMAL),240 g/l Clodinafop-propargyl + 60 g/l Cloquintocet-mexyl (safener),EC (Emülsiye Olabilen Konsantre),6
NUROMIX 75 DF (İMAL),%50 Thifensulfuron-methyl + %25 Tribenuron-methyl,WG (Suda Dağılabilen Granül),6
SAROS 400 SC (İMAL),330 g/l Terbuthylazine + 70 g/l Mesotrione,SC (Akıcı Konsantre/Süspansiyon Konsantre),6
ADAGA COP (İMAL),"65,82 g/l Metalik bakıra eşdeğer bakır sülfat",SC (Sadece bakırlı preparatlar) ( (Akıcı Konsantre/Süspansiyon Konsantre)),6
GLEASON WG (İMAL),%55 Metiram + %5 Pyraclostrobin,WG (Suda Dağılabilen Granül),6
SATBOL (İTHAL),37 g/l Dichlorprop-p EHE (25 g/l Dichlorprop-p aside eşdeğer),EC (Emülsiye Olabilen Konsantre),6
GRANGER SC (İMAL),500 g/l Metrafenone,SC (Akıcı Konsantre/Süspansiyon Konsantre),6
KAPAR KMG (İMAL),"1 mg Z9,E12- Tetradecadien-1-ol acetate/Dispenser",--- (-),6
GANICE 480 EC (İMAL),480 g/l Metalaxyl-M,EC (Emülsiye Olabilen Konsantre),6
FERRATO 50 WP (İMAL),%50 Captan,WP (Islanabilir Toz),6
SNORLANT 5 EC (İMAL),50 g/l Hexythiazox,EC (Emülsiye Olabilen Konsantre),6
PRETTYMARK (İMAL),30 cm x 100 m ebatında sarı yapışkan şerit tuzak,Sarı Yapışkan Tuzak (-),6
NANOLUX (İMAL),30 cm x 100 m Ebatında Mavi Renkli Yapışkan Şerit Tuzak,Mavi Yapışkan Tuzak (-),6
REXADE 275 WG (İTHAL),"%18,75 pyroxsulam + % 5,21 Halauxifen-methyl + %3,75 Florasulam + % 26,6 cloquintocet-asit (safener)",WG (Suda Dağılabilen Granül),6
SEVİLLE 50 EC (İMAL),50 g/l Hexythiazox,EC (Emülsiye Olabilen Konsantre),6
ADONCIA 66 OD (İMAL),44 g/l Tembotrione + 22 g/l Isoxadifen-ethyl (safener),OD (Yağda Dağılabilen),6
SUMENA 70 WG (İMAL),%70 Metiram,WG (Suda Dağılabilen Granül),6
MAKMAN 65 EC (İMAL),650 g/l Malathion,EC (Emülsiye Olabilen Konsantre),6
LOVELAND 537.5 SE (İMAL),"375 g/l S-Metolachlor + 125 g/l Terbuthylazine + 37,5 g/l Mesotrione + 18,5 g/l Benoxacor (Safener)",SE (Suspo-Emülsiyon),6
FASTENG SE (İMAL),"452,42 g/l 2,4-D 2-Ethylhexyl ester + 6,25 g/l Florasulam",SE (Suspo-Emülsiyon),6
ETRUSANA (İMAL),30 g/l Mesosulfuron methyl + 6 g/l Iodosulfuron-methyl-sodium + 90 g/l Mefenpyr diethyl (safener),OD (Yağda Dağılabilen),6
GENUATION PRO (İMAL),"%30 Cymoxanil + %22,5 Famoxadone",WG (Suda Dağılabilen Granül),6
ERRANDO 480 SC (İMAL),240 g/l Isoxaflutole +240 g/l Cyprosulfamide (safener),SC (Akıcı Konsantre/Süspansiyon Konsantre),6
MIZRAK 75 DF (İMAL),%50 Thifensulfuron-methyl + %25 Tribenuron-methyl,WG (Suda Dağılabilen Granül),6
ACS PENCOS 100 EC (İMAL),100 g/l Penconazole,EC (Emülsiye Olabilen Konsantre),6
YAMAGINOL SE (İMAL),"85 g/l Pyraclostrobin + 62,5 g/l Epoxiconazole",SE (Suspo-Emülsiyon),6
REVYONA (İTHAL),75 g/l Mefentrifluconazole,SC (Akıcı Konsantre/Süspansiyon Konsantre),6
PROTECTOR FS 060 (İMAL),60 g/l Tebuconazole,FS (Tohum İlaçlaması İçin Akıcı Konsantre),6
CLOMAZUL (İTHAL),360 g/l Clomazone,CS (Kapsül Süspansiyon),6
ZAXUS (İMAL),25 g/l Imazamox,SL (Suda Çözünen Konsantre),6
KUNT 400 SC (İMAL),330 g/l Terbuthylazine + 70 g/l Mesotrione,SC (Akıcı Konsantre/Süspansiyon Konsantre),6
ELGON 45 EC (İMAL),45 g/l Pinoxaden + 20 g/l Cloquintocet-mexyl (safener),EC (Emülsiye Olabilen Konsantre),6
PROBENDAZ 600 SC (İTHAL),600 g/l Thiabendazole,SC (Akıcı Konsantre/Süspansiyon Konsantre),6
BERTOLIN (İTHAL),%6 Metaldehyde,GB (Granül Yem),6
ABURRO 800 EC (İMAL),800 g/l Prosulfocarb,EC (Emülsiye Olabilen Konsantre),6
SETOFF 250 EW (İMAL),250 g/l Tebuconazole,"EW (Emülsiyon, Suda Yağ)",6
VERAOLAN (İMAL),%25 Thiophanate-methyl + %15 Etridiazole,WP (Islanabilir Toz),6
MENSTOP CS (İTHAL),450 g/l Pendimethalin,CS (Kapsül Süspansiyon),6
AGRİ CHAMP WG (İMAL),%50 Metalik bakıra eşdeğer bakır hidroksit,WG (Suda Dağılabilen Granül),6
TİENDA (İMAL),700 g/l Mineral Yağ,"EW (Emülsiyon, Suda Yağ)",6
CUPPA SC (İMAL),"357,5 g/l Metalik bakıra eşdeğer bakır oksiklorid",SC (Sadece bakırlı preparatlar) ( (Akıcı Konsantre/Süspansiyon Konsantre)),6
TAFFY WG (İMAL),%35 Metalik bakıra eşdeğer bakır hidroksit,"WG ""Sadece bakırlı preparatlar"" (Suda Dağılabilen Granül)",6
GREMEC 5 EC (İMAL),50 g/l Hexythiazox,EC (Emülsiye Olabilen Konsantre),6
MAKANTO SC 100 (İMAL),100 g/l Spirotetramat,SC (Akıcı Konsantre/Süspansiyon Konsantre),6
TRELLİS WG (İMAL),"%15 Triflumizole + %3,4 Cyflufenamid",WG (Suda Dağılabilen Granül),6
EFDAL FİN 50 WG (İMAL),%50 Trifloxystrobin,WG (Suda Dağılabilen Granül),6
TARKİM MESOD 500 SL (İTHAL),500 g/l Metam Sodium,SL (Suda Çözünen Konsantre),6
TUMAYS (İMAL),400 g/l MCPA,SL (Suda Çözünen Konsantre),6
GENALAN 464 SL (İMAL),"344 g/l 2,4-D asite eşdeğer dimethyl amonyum tuzu + 120 g/l Dicamba",SL (Suda Çözünen Konsantre),6
WOPROSULF SC (İMAL),700 g/l Kükürt,SC (Akıcı Konsantre/Süspansiyon Konsantre),6
HUBRAT 330 EC (İMAL),330 g/l Pendimethalin,EC (Emülsiye Olabilen Konsantre),6
INTAKE 460 EC (İMAL),300 g/l Spiroxamine + 160 g/l Prothioconazole,EC (Emülsiye Olabilen Konsantre),6
TANGO 460 EC (İMAL),300 g/l Spiroxamine + 160 g/l Prothioconazole,EC (Emülsiye Olabilen Konsantre),6
MASTERSON 40 SL (İMAL),40 g/l Imazamox,SL (Suda Çözünen Konsantre),6
COLORADO (İTHAL),"843,2 g/l Orange oil",HN (Sıcak Sisleme İlacı),6
NUTRAL 75 WG (İMAL),%50 Tebuconazole + %25 Trifloxystrobin,WG (Suda Dağılabilen Granül),6
TAİDO CS (İTHAL),50 g/l Lambda-cyhalothrin,CS (Kapsül Süspansiyon),6
CADDIFEL 500 SC (İMAL),500 g/l Fluometuron,SC (Akıcı Konsantre/Süspansiyon Konsantre),6
TUKAN 500 SC (İMAL),500 g/l Fluometuron,SC (Akıcı Konsantre/Süspansiyon Konsantre),6
BİANOL (İMAL),"%30 Cymoxanil + %22,5 Famoxadone",WG (Suda Dağılabilen Granül),6
SUMOVIL OD (İMAL),65 g/l Pyriproxyfen,OD (Yağda Dağılabilen),6
LORİENT OD (İMAL),"100 g/l Cyhalofop-butyl + 13,3 g/l Penoxsulam",OD (Yağda Dağılabilen),6
SULFOTAN 80 WG (İTHAL),%80 Kükürt,WG (Suda Dağılabilen Granül),6
EFDAL NYMERİA (İMAL),500 g/l Metrafenone,SC (Akıcı Konsantre/Süspansiyon Konsantre),6
MAKPLAN 20 SP (İMAL),%20 Acetamiprid,SP (Suda Çözünen Toz),6
CLIOPHAR (İTHAL),100 g/l Clopyralid,SL (Suda Çözünen Konsantre),6
MOREVİLLE 125 FS (İMAL),"75 g/l Azoxystrobin + 37,5 g/l Metalaxyl-m + 12,5 g/l Fludioxonil",FS (Tohum İlaçlaması İçin Akıcı Konsantre),6
PLATHORIN 90 EC (İMAL),900 g/l Fosthiazate,EC (Emülsiye Olabilen Konsantre),6
MORATA (İMAL),30 g/l Mesosulfuron-methyl + 90 g/l Mefenpyr-diethyl (safener),OD (Yağda Dağılabilen),6
ASTRAVAX 50 SC (İMAL),500 g/l Tolclofos-methyl,SC (Akıcı Konsantre/Süspansiyon Konsantre),6
KAROLINE 480 SC (İMAL),480 g/l Mesotrione,SC (Akıcı Konsantre/Süspansiyon Konsantre),6
YOMA® (İMAL),375 g/l Fluazinam + 150 g/l Azoxystrobin,SC (Akıcı Konsantre/Süspansiyon Konsantre),6
ALTUR 192 EC (İMAL),150 g/L Prochloraz+ 42 g/L Prothioconazole,EC (Emülsiye Olabilen Konsantre),6
KARDRİS (İMAL),200 g/l Azoxystrobin + 125 g/l Difenoconazole,SC (Akıcı Konsantre/Süspansiyon Konsantre),6
EFDAL LOKSBİN WG 75 (İMAL),%50 Tebuconazole + %25 Trifloxystrobin,WG (Suda Dağılabilen Granül),6
POLYDOCTOR ® (İTHAL),"Pythium oligandrum strain M1, 1x10 üzeri 6 oospor/1 gr",WP (Islanabilir Toz),6
KARCOP (İMAL),"65,82 g/l Metalik bakıra eşdeğer bakır sülfat",SC (Akıcı Konsantre/Süspansiyon Konsantre),6
ACCEPT EC (İTHAL),200 g/l Cyprodinil,EC (Emülsiye Olabilen Konsantre),6
CUPRALUX (İTHAL),%20 Metalik Bakıra Eşdeğer Bordo Bulamacı + %4 Cymoxanil,WG (Suda Dağılabilen Granül),6
SAHARA 0.24 CB (İMAL),"0,24 g/l Spinosad",CB (Konsantre Yem),6
ENYO (İTHAL),100 g/l Spirotetramat,SC (Akıcı Konsantre/Süspansiyon Konsantre),6
FİPROSİL (İMAL),%25 Spinetoram,WG (Suda Dağılabilen Granül),6
BKS BLACK GUARD 30 CM X100 M (İMAL),30 cm x 100 m Ebatında Siyah Renkli Yapışkan Tuzak,--- (-),6
BKS BLACK GUARD 15 CM X 100 M (İMAL),15 cm x 100 m Ebatında Siyah Renkli Yapışkan Tuzak,--- (-),6
AYEW 240 SC (İMAL),240 g/l Metaflumizone,SC (Akıcı Konsantre/Süspansiyon Konsantre),6
MONTION SC 100 (İMAL),100 g/l Spirotetramat,SC (Akıcı Konsantre/Süspansiyon Konsantre),6
BOWFİN (İMAL),%80 Kükürt,WG (Suda Dağılabilen Granül),6
PİELDESA (İMAL),240 g/l Spinosad,SC (Akıcı Konsantre/Süspansiyon Konsantre),6
SAFA CARETTE 35 WG (İMAL),%35 Chlorantraniliprole,WG (Suda Dağılabilen Granül),6
PERENE ® (İMAL),25 g/l Fludioxonil + 10 g/l Metalaxyl-m,FS (Tohum İlaçlaması İçin Akıcı Konsantre),6
MATHİLDA (İMAL),45 g/l Chlorantraniliprole + 18 g/l Abamectin,SC (Akıcı Konsantre/Süspansiyon Konsantre),6
KADIRGA 063 SC (İMAL),45 g/l Chlorantraniliprole + 18 g/l Abamectin,SC (Akıcı Konsantre/Süspansiyon Konsantre),6
MAKFOS 80 WP (İMAL),%80 Fosetyl-Al,WP (Islanabilir Toz),6
EPPET (İMAL),200 g/l Chlorantraniliprole,SC (Akıcı Konsantre/Süspansiyon Konsantre),6
BONTREF (İMAL),180 g/l Benfluralin,EC (Emülsiye Olabilen Konsantre),6
ROZİER EC (İMAL),45 g/l Pinoxaden + 20 g/l Cloquintocet-mexyl (safener),EC (Emülsiye Olabilen Konsantre),6
PHLEGETHON (İTHAL),45 g/l Chlorantraniliprole + 18 g/l Abamectin,SC (Akıcı Konsantre/Süspansiyon Konsantre),6
EFDAL NARCOS 500 SC (İMAL),"312,5 g/l S-Metolachlor + 187,5 g/l Terbuthylazine",SC (Akıcı Konsantre/Süspansiyon Konsantre),6
COHARS 200 EC (İMAL),200 g/l Cyhalofop-butyl,EC (Emülsiye Olabilen Konsantre),6
KERNEL 400 SC (İMAL),400 g/l Propyzamide,SC (Akıcı Konsantre/Süspansiyon Konsantre),6
SECTORİMA 40 SL (İMAL),40 g/l Imazamox,SL (Suda Çözünen Konsantre),6
BLUSH (İTHAL),"118,5 g/l Prohydrojasmon",EC (Emülsiye Olabilen Konsantre),6
CONELLA 20 SC (İMAL),200 g/l Chlorantraniliprole,SC (Akıcı Konsantre/Süspansiyon Konsantre),6
PRESTICOR 600 SC (İTHAL),600 g/l Chlorantraniliprole,SC (Akıcı Konsantre/Süspansiyon Konsantre),6
ALDOSİVİ (İMAL),"375 g/l S-Metolachlor + 125 g/l Terbuthylazine + 37,5 g/l Mesotrione",SE (Suspo-Emülsiyon),6
METRİTE (İMAL),"116,2 g/l Clethodim",EC (Emülsiye Olabilen Konsantre),6
LUSAKA 500 SC (İMAL),500 g/l Fluometuron,SC (Akıcı Konsantre/Süspansiyon Konsantre),6
BILLBOARD (İMAL),200 g/l Chlorantraniliprole,SC (Akıcı Konsantre/Süspansiyon Konsantre),6
KUUM SC (İMAL),45 g/l Chlorantraniliprole + 18 g/l Abamectin,SC (Akıcı Konsantre/Süspansiyon Konsantre),6
COMMENT 800 EC (İMAL),800 g/l Mineral Yağ,EC (Emülsiye Olabilen Konsantre),6
BİSECT 20 SC (İMAL),200 g/l Chlorantraniliprole,SC (Akıcı Konsantre/Süspansiyon Konsantre),6
KİMBRO 35 FS (İMAL),25 g/l Fludioxonil + 10 g/l Metalaxyl-m,FS (Tohum İlaçlaması İçin Akıcı Konsantre),6
RYNO-A 200 SC (İTHAL),200 g/l Chlorantraniliprole,SC (Akıcı Konsantre/Süspansiyon Konsantre),6
SOLEA ® (İMAL),"12,5 g/l Fludioxonil + 5 g/l Metalaxyl",SC (Akıcı Konsantre/Süspansiyon Konsantre),6
GROCEL (İTHAL),%15 Aminoethoxyvinylglycine Hidrokloride (AVG),SP (Suda Çözünen Toz),6
BLUE SHIELD SC (İMAL),"357,5 g/l Metalik bakıra eşdeğer bakır oksiklorid",SC (Akıcı Konsantre/Süspansiyon Konsantre),6
MELANGE SC (İMAL),136 g/l Metalik bakıra eşdeğer bakır hidroksit + 136 g/l Metalik bakıra eşdeğer bakır oksiklorid,SC (Akıcı Konsantre/Süspansiyon Konsantre),6
MASTERTAN (İMAL),"65,82 g/l Metalik bakıra eşdeğer bakır sülfat",SC (Akıcı Konsantre/Süspansiyon Konsantre),6
ASTARONS 25 EC (İMAL),250 g/l Difenoconazole,EC (Emülsiye Olabilen Konsantre),6
ACS ACCUPANT PRO (İMAL),"%30 Cymoxanil + %22,5 Famoxadone",WG (Suda Dağılabilen Granül),6
TORTUGA (İMAL),"75 g/l Azoxystrobin + 37,5 g/l Metalaxyl-m + 12,5 g/l Fludioxonil",FS (Tohum İlaçlaması İçin Akıcı Konsantre),6
NANODAX (İMAL),300 g/l Azoxystrobin + 60 g/l Kresoxim-methyl,SC (Akıcı Konsantre/Süspansiyon Konsantre),6
TANCHON 100 EC (İMAL),100 g/l Penconazole,EC (Emülsiye Olabilen Konsantre),6
BAUKİS 360 SL (İMAL),360 g/l Hymexazole,SL (Suda Çözünen Konsantre),6
CLERMONT 035 FS (İMAL),25 g/l Fludioxonil + 10 g/l Metalaxyl-m,FS (Tohum İlaçlaması İçin Akıcı Konsantre),6
SAFA PRİZM (İMAL),"312,5 g/l S-Metolachlor + 187,5 g/l Terbuthylazine",SC (Akıcı Konsantre/Süspansiyon Konsantre),6
FERDOCK 500 SC (İMAL),"312,5 g/l S-Metolachlor + 187,5 g/l Terbuthylazine",SC (Akıcı Konsantre/Süspansiyon Konsantre),6
CARİUS SC (İMAL),200 g/l Boscalid + 100 g/l Kresoxim-methyl,SC (Akıcı Konsantre/Süspansiyon Konsantre),6
MALERBA 20 WP (İMAL),%20 Pyridaben,WP (Islanabilir Toz),6
JOYA 480 SC (İTHAL),480 g/l Flumioxazin,SC (Akıcı Konsantre/Süspansiyon Konsantre),6
HOKUTO (İTHAL),250 g/l Ipfencarbazone,SC (Akıcı Konsantre/Süspansiyon Konsantre),6
PELENON (İMAL),%3 Ferric Phosphate,GB (Granül Yem),6
TREVİSO 20 WP (İMAL),%20 Pyridaben,WP (Islanabilir Toz),6
WAİF 330 EC (İMAL),330 g/l Pendimethalin,EC (Emülsiye Olabilen Konsantre),6
ESPRİTO OD (İMAL),"25,2 g/l Penoxsulam",OD (Yağda Dağılabilen),6
EFDAL KATİZÖR (İMAL),480 g/l Mesotrione,SC (Akıcı Konsantre/Süspansiyon Konsantre),6
LAPORTA (İMAL),800 g/l Prosulfocarb,EC (Emülsiye Olabilen Konsantre),6
ROZARM 537.5 SE (İMAL),"375 g/l S-Metolachlor + 125 g/l Terbuthylazine + 37,5 g/l Mesotrione",SE (Suspo-Emülsiyon),6
KHIAL (İTHAL),50 g/l Lambda-cyhalothrin,EC (Emülsiye Olabilen Konsantre),6
KİSUKE WG (İMAL),%20 Flubendiamide,WG (Suda Dağılabilen Granül),6
EMORTANİL 240 EC (İTHAL),240 g/l Clodinafop-propargyl + 60 g/l Cloquintocet-mexyl (safener),EC (Emülsiye Olabilen Konsantre),6
SEDİGRO (İTHAL),%71.4 Tritosulfuron + %5.4 Florasulam,WG (Suda Dağılabilen Granül),6
ROUEN EW (İMAL),"69 g/l Fenoxaprop-p-ethyl + 34,5 g/l Cloquintocet-mexyl (safener)","EW (Emülsiyon, Suda Yağ)",6
HUSKY 5 SG (İMAL),%5 Emamectin benzoate,SG (Suda Çözünen Granül),6
EFDAL KAPİYO (İMAL),75 g/l Indoxacarb + 18 g/l Abamectin,OD (Yağda Dağılabilen),6
ASALONİ (İMAL),%20 Flubendiamide,WG (Suda Dağılabilen Granül),6
RASAT 93 SC (İMAL),75 g/l Indoxacarb + 18 g/l Abamectin,SC (Akıcı Konsantre/Süspansiyon Konsantre),6
VEFMAN 150 EC (İMAL),150 g/l Indoxacarb,EC (Emülsiye Olabilen Konsantre),6
CHEPEN 20 WG (İMAL),%20 Flubendiamide,WG (Suda Dağılabilen Granül),6
NAOMİ (İMAL),%20 Flubendiamide,WG (Suda Dağılabilen Granül),6
ARMANTY 20 SL (İMAL),20 g/l Gibberellic acid,SL (Suda Çözünen Konsantre),6
VİMBOO® (İMAL),200 g/l Proquinazid,EC (Emülsiye Olabilen Konsantre),6
FELİSHA® (İMAL),"625 g/l Propamocarb-hydrochloride + 62,5 g/l Fluopicolide",SC (Akıcı Konsantre/Süspansiyon Konsantre),6
PELIAS® (İMAL),"361,1 g/l Metalik bakıra eşdeğer bakır hidroksit",SC (Akıcı Konsantre/Süspansiyon Konsantre),6
SOMBRA 93 SC (İMAL),75 g/l Indoxacarb + 18 g/l Abamectin,SC (Akıcı Konsantre/Süspansiyon Konsantre),6
ŞÖVALYE (İMAL),225 g/l Tebuconazole + 75 g/l Flutriafol,SC (Akıcı Konsantre/Süspansiyon Konsantre),6
ACS FOSETAL 80 WP (İMAL),%80 Fosetyl-Al,WP (Islanabilir Toz),6
TABİAN 70 WG (İMAL),%70 Dithianon,WG (Suda Dağılabilen Granül),6
ALEECE® 100 EC (İMAL),100 g/l Penconazole,EC (Emülsiye Olabilen Konsantre),6
BLIN (İTHAL),200 g/l Tebuconazole + 120 g/l Azoxystrobin,SC (Akıcı Konsantre/Süspansiyon Konsantre),6
RİNCH (İMAL),400 g/l Quinclorac + 40 g/l Imazamox,SC (Akıcı Konsantre/Süspansiyon Konsantre),6
CRIMON 250 SC (İMAL),250 g/l Quinclorac,SC (Akıcı Konsantre/Süspansiyon Konsantre),6
PELIX 250 SC (İMAL),250 g/l Quinclorac,SC (Akıcı Konsantre/Süspansiyon Konsantre),6
GHEZZAL OF 120 (İMAL),30 g/l Mesosulfuron-methyl + 90 g/l Mefenpyr-diethyl (safener),OD (Yağda Dağılabilen),6
ACS PYRI-TOS 300 SC (İMAL),300 g/l Pyrimethanil,SC (Akıcı Konsantre/Süspansiyon Konsantre),6
VALDES 222 SC (İMAL),222 g/l Flubendiamide,SC (Akıcı Konsantre/Süspansiyon Konsantre),6
STK YARDEN (İTHAL),150 g/l Tea tree oil + 100 g/l Fludioxonil,EC (Emülsiye Olabilen Konsantre),6
CHEPEN 222 SC (İMAL),222 g/l Flubendiamide,SC (Akıcı Konsantre/Süspansiyon Konsantre),6
VOLİERS 240 SC (İMAL),222 g/l Spirodiclofen + 18 g/l Abamectin,SC (Akıcı Konsantre/Süspansiyon Konsantre),6
AGRIPHOS PLATE (İTHAL),%56 Magnesium Phosphide,PB (Tabaka Yem),6
BKS BLUE ROLL 15 CM X100 M (İMAL),15 cm x 100 m Ebatında Mavi Renkli Yapışkan Tuzak,--- (-),6
BKS BLUE ROLL 30 CM X100 M (İMAL),30 cm x 100 m Ebatında Mavi Renkli Yapışkan Şerit Tuzak,--- (-),6
TIVMETIX 500 SC (İTHAL),500 g/l Lenacil,SC (Akıcı Konsantre/Süspansiyon Konsantre),6
ERNESTO (İMAL),480 g/l Spinosad,SC (Akıcı Konsantre/Süspansiyon Konsantre),6
ACS ACETAM 20 SP (İMAL),%20 Acetamiprid,SP (Suda Çözünen Toz),6
GANDECO 65 EC (İMAL),650 g/l Malathion,EC (Emülsiye Olabilen Konsantre),6
BKS YELLOW ROLL 30 CM X100 M (İMAL),30 cm x 100 m ebatında sarı yapışkan şerit tuzak,--- (-),6
BKS YELLOW ROLL 15CM X100 M (İMAL),15 cm x 100 m Ebatında Sarı Renkli Yapışkan Tuzak,--- (-),6
LUTHER 76 WG (İMAL),%76 Ziram,WG (Suda Dağılabilen Granül),6
FARAZA 2 DS (İMAL),%2 Tebuconazole,DS (Kuru Tohum İlacı),6
CYPERSUL 25 EC (İMAL),250 g/l Cypermethrin,EC (Emülsiye Olabilen Konsantre),6
VİNOSH (İMAL),50 g/l Quizalofop-p-ethyl,EC (Emülsiye Olabilen Konsantre),6
BANDERILLA 600 SC (İMAL),600 g/l Metribuzin,SC (Akıcı Konsantre/Süspansiyon Konsantre),6
EMERGE (İTHAL),350 g/l Metamitron + 150 g/l Ethofumesate,SC (Akıcı Konsantre/Süspansiyon Konsantre),6
SAFA SONIC (İMAL),720 g/l Ethephon,SL (Suda Çözünen Konsantre),6
VERKALİN (İMAL),18 g/l Abamectin,"EW (Emülsiyon, Suda Yağ)",6
VELGIBBER (İMAL),20 g/l Gibberellic acid,SL (Suda Çözünen Konsantre),6
FARADAY (İMAL),"452,42 g/l 2,4-D 2-Ethylhexyl ester + 6,25 g/l Florasulam",SE (Suspo-Emülsiyon),6
AGEDA® (İMAL),124 g/l Metalik bakıra eşdeğer bordo bulamacı,SC (Akıcı Konsantre/Süspansiyon Konsantre),6
DE BARADA (İMAL),222 g/l Spirodiclofen + 18 g/l Abamectin,SC (Akıcı Konsantre/Süspansiyon Konsantre),6
EXZONE (İMAL),"0,3 g/l Azadirachtin A + 0,5 g/l Pyrethrin",OD (Yağda Dağılabilen),6
DİSPOSE (İMAL),500 g/l Pirimiphos methyl,EC (Emülsiye Olabilen Konsantre),6
LORİNET (İMAL),%6 Metaldehyde,GB (Granül Yem),6
NOUCAMP 10 SC (İMAL),110 g/l Etoxazole,SC (Akıcı Konsantre/Süspansiyon Konsantre),6
CAMBER (İTHAL),"116,2 g/l Clethodim",EC (Emülsiye Olabilen Konsantre),6
LUMIVIA (İTHAL),625 g/l Chlorantraniliprole,FS (Tohum İlaçlaması İçin Akıcı Konsantre),6
NUKUS GB (İMAL),%3 Ferric Phosphate,GB (Granül Yem),6
NOVTEX (İTHAL),%6 Metaldehyde,GB (Granül Yem),6
PURONTO 500 SC (İMAL),500 g/l Clofentezine,SC (Akıcı Konsantre/Süspansiyon Konsantre),6
MUMSY ® (İMAL),310 g/l Pyrimethanil + 95 g/l Trifloxystrobin,SC (Akıcı Konsantre/Süspansiyon Konsantre),6
SAFA THEWIN EC (İMAL),130 g/l Pyraclostrobin + 80 g/l Metconazole,EC (Emülsiye Olabilen Konsantre),6
ZİPSTAR (İTHAL),"%56,25 Tribenuron- methyl+ %18,75 Thifensulfuron-methyl",WG (Suda Dağılabilen Granül),6
PROPAZATE (İMAL),400 g/l Propamocarb-hydrochloride + 50 g/l Cymoxanil,SC (Akıcı Konsantre/Süspansiyon Konsantre),6
SEDNA® 250 SC (İMAL),250 g/l Flutriafol,SC (Akıcı Konsantre/Süspansiyon Konsantre),6
ECHELON® (İMAL),300 g/l Pyrimethanil,SC (Akıcı Konsantre/Süspansiyon Konsantre),6
CORİTİBA (İMAL),350 g/l Metamitron + 150 g/l Ethofumesate,SC (Akıcı Konsantre/Süspansiyon Konsantre),6
CICERON® (İMAL),150 g/l Cyprodinil + 100 g/l Fludioxonil,SC (Akıcı Konsantre/Süspansiyon Konsantre),6
DIREN 50 WP (İMAL),%50 Cymoxanil,WP (Islanabilir Toz),6
AGRONOM NAFTOCINE 31 SL (İMAL),25 g/l Sodium s-Naphthaline Acetate + 3 g/l Sodium Para Nitrophenolate + 2 g/l Sodium Ortho Nitrophenolate + 1 g/l Sodium Penta Nitroguaiacolate,SL (Suda Çözünen Konsantre),6
AGRONOM BESTONİK 6 SL (İMAL),3 g/l Sodium para nitropheonolate + 2 g/l Sodium ortho nitrophenolate + 1 g/l Sodium penta nitroguaiacolate,SL (Suda Çözünen Konsantre),6
LİVO (İTHAL),600 g/l Orange oil,EC (Emülsiye Olabilen Konsantre),6
SABADELL 250 WG (İMAL),%25 Spinetoram,WG (Suda Dağılabilen Granül),6
ROPAS 100 EC (İMAL),100 g/l Penconazole,EC (Emülsiye Olabilen Konsantre),6
VENZATE (İMAL),"18,8 g/l 6-Benzyladenine + 18,5 g/l Gibberellin A4/A7",SL (Suda Çözünen Konsantre),6
FRS MUST-İ 65 EC (İMAL),650 g/l Malathion,EC (Emülsiye Olabilen Konsantre),6
TANİTA (İMAL),"18,8 g/l 6-Benzyladenine + 18,5 g/l Gibberellin A4/A7",SL (Suda Çözünen Konsantre),6
PLEDGE 50 WP (İTHAL),%50 Flumioxazin,WP (Islanabilir Toz),6
CEREALMUST EC 460 (İMAL),300 g/l Spiroxamine + 160 g/l Prothioconazole,EC (Emülsiye Olabilen Konsantre),6
PENDIKILL 330 EC (İTHAL),330 g/l Pendimethalin,EC (Emülsiye Olabilen Konsantre),6
GENERAL AMİN 500 SL (İMAL),"500 g/l 2,4-D asite eşdeğer dimethyl amin tuzu",SL (Suda Çözünen Konsantre),6
PASANDRO 75 WG (İMAL),%75 Halosulfuron-methyl,WG (Suda Dağılabilen Granül),6
FORMAT 600 EC (İMAL),"400 g/L Fluazinam+193,6 g/L Metalaxyl-M",EC (Emülsiye Olabilen Konsantre),6
CARNOT 100 EC (İMAL),100 g/l Alpha-cypermethrin,EC (Emülsiye Olabilen Konsantre),6
MATHIAS (İMAL),"%25,2 Boscalid + %12,8 Pyraclostrobin",WG (Suda Dağılabilen Granül),6
GELUER (İMAL),240 g/l Clopyralid + 80 g/l Picloram + 40 g/l Aminopyralid,SL (Suda Çözünen Konsantre),6
ACS PENDIM 330 EC (İMAL),330 g/l Pendimethalin,EC (Emülsiye Olabilen Konsantre),6
BANEGA (İMAL),200 g/l Cyhalofop-butyl,EC (Emülsiye Olabilen Konsantre),6
MATURİTY (İMAL),150 g/L Prochloraz+ 42 g/L Prothioconazole,EC (Emülsiye Olabilen Konsantre),6
UNDEKA 75 WG (İMAL),%75 Tribenuron-methyl,WG (Suda Dağılabilen Granül),6
AGRONOM GIBBEST 20 SL (İMAL),20 g/l Gibberellic acid,SL (Suda Çözünen Konsantre),6
LEONİS (İMAL),"186,5 g/l Maleic Hydrazide",SL (Suda Çözünen Konsantre),6
EVOLVE 480 SC (İTHAL),240 g/l Azoxystrobin + 240 g/l Fludioxonil,SC (Akıcı Konsantre/Süspansiyon Konsantre),6
MEZİFOL EW (İMAL),"51,3 g/l Cyflufenamid","EW (Emülsiyon, Suda Yağ)",6
MEİSSA® (İMAL),259 g/l Metalik bakıra eşdeğer bakır hidroksit + 49 g/l Metalaxyl,SC (Akıcı Konsantre/Süspansiyon Konsantre),6
GENAMO 240 SC (İMAL),240 g/l Spirodiclofen,SC (Akıcı Konsantre/Süspansiyon Konsantre),6
RAMIRUS (İTHAL),800 g/l Prosulfocarb + 120 g/l S-Metolachlor,EC (Emülsiye Olabilen Konsantre),6
SUPHRA-MET (İMAL),296 g/l Azoxystrobin + 218 g/l Flutriafol,SC (Akıcı Konsantre/Süspansiyon Konsantre),6
SAFA ACCESS (İMAL),45 g/l Pinoxaden + 20 g/l Cloquintocet-mexyl (safener),EC (Emülsiye Olabilen Konsantre),6
TREZAC 55 EC (İTHAL),"31,27 g/l halauxifen-methyl+ 26,3 g/l aminopyralid+ 30 g/l cloquintocet-mexyl (safener)",EC (Emülsiye Olabilen Konsantre),6
AGROFARM TRANSFER (İMAL),45 g/l Pyroxsulam + 90 g/l Cloquintocet-mexyl (safener),OD (Yağda Dağılabilen),6
LACARON 465 SC (İMAL),420 g/l Metamitron + 45 g/l Quinmerac,SC (Akıcı Konsantre/Süspansiyon Konsantre),6
TOBLERON 240 SC (İMAL),240 g/l Spiromesifen,SC (Akıcı Konsantre/Süspansiyon Konsantre),6
SEGUEL 880 EC (İMAL),800 g/l Prosulfocarb + 80 g/l Metribuzin,EC (Emülsiye Olabilen Konsantre),6
SANTİS WG (İMAL),"%7,08 Pyroxsulam + %1,42 Florasulam + %7,08 Cloquintocet-mexyl (safener)",WG (Suda Dağılabilen Granül),6
PİRİNOVA (İMAL),250 g/l Quinclorac,SC (Akıcı Konsantre/Süspansiyon Konsantre),6
ACS AZOXRIS 250 SC (İMAL),250 g/l Azoxystrobin,SC (Akıcı Konsantre/Süspansiyon Konsantre),6
MERGER 85 WG (İMAL),"%7,08 Pyroxsulam + %1,42 Florasulam + %7,08 Cloquintocet-mexyl (safener)",WG (Suda Dağılabilen Granül),6
SAFA LASTQUEEN (İMAL),"250 g/l Quinclorac + 150 g/l Dicamba + 120 g/l 2,4-D",SC (Akıcı Konsantre/Süspansiyon Konsantre),6
TEBERDE (İMAL),20 g/l 6-Benzyladenine,SL (Suda Çözünen Konsantre),6
KARTRİL (İMAL),300 g/l Bromoxynil + 300 g/l MCPA,EC (Emülsiye Olabilen Konsantre),6
EXTANG 48 SL (İMAL),480 g/l Ethephon,SL (Suda Çözünen Konsantre),6
ERKEEN (İMAL),300 g/l Bromoxynil + 300 g/l MCPA,EC (Emülsiye Olabilen Konsantre),6
COSMOLUX 720 SL (İTHAL),720 g/l Ethephon,SL (Suda Çözünen Konsantre),6
BAELİSH 5 EC (İMAL),50 g/l Lambda-cyhalothrin,EC (Emülsiye Olabilen Konsantre),6
SENSUW OD 120 (İMAL),30 g/l Mesosulfuron-methyl + 90 g/l Mefenpyr-diethyl (safener),OD (Yağda Dağılabilen),6
MIZONA® (İTHAL),200 g/l Pyraclostrobin + 30 g/l Fluxapyroxad,EC (Emülsiye Olabilen Konsantre),6
PENDIKILL 455 CS (İTHAL),455 g/l Pendimethalin,CS (Kapsül Süspansiyon),6
SPONSOR AQUA (İMAL),455 g/l Pendimethalin,CS (Kapsül Süspansiyon),6
MADDOG 70 WP (İMAL),%70 Metamitron,WP (Islanabilir Toz),6
PİL-CONTROL (İMAL),400 g/l Buprofezin,SC (Akıcı Konsantre/Süspansiyon Konsantre),6
KİLLMEC (İTHAL),18 g/l Abamectin,EC (Emülsiye Olabilen Konsantre),6
NOO-MITE (İMAL),500 g/l (%49) Yağ asitlerinin potasyum tuzları,SL (Suda Çözünen Konsantre),6
MİXFORTEX (İMAL),"50 g/l Diflufenican+ 7,5 g/l Mesosulfuron methyl + 2,5 g/l Iodosulfuron methyl sodium + 22,5 g/l Mefenpyr diethyl (safener)",OD (Yağda Dağılabilen),6
TUTATEC (İTHAL),"0,185 g (E,Z,Z)-(3,8,11)-tetradecatrien -1-yl acetate + (E,Z)-(3,8) tetradecadien-1-yl acetate / Feromon çubuğu",--- (-),6
MİRALON (İTHAL),75 g/l Azoxystrobin + 50 g/l Fluxapyroxad,EC (Emülsiye Olabilen Konsantre),6
ESMURY SC 240 (İMAL),222 g/l Spirodiclofen + 18 g/l Abamectin,SC (Akıcı Konsantre/Süspansiyon Konsantre),6
DEBASCO (İTHAL),600 g/l Pethoxamid,EC (Emülsiye Olabilen Konsantre),6
AGNOTORİN 10 G (İTHAL),%10 Fosthiazate,GR (Granül),6
ACS CYHALOF 200 EC (İMAL),200 g/l Cyhalofop-butyl,EC (Emülsiye Olabilen Konsantre),6
COSAGRAN (İTHAL),%80 Kükürt,WG (Suda Dağılabilen Granül),6
SUMATRA (İMAL),200 g/l Azoxystrobin + 80 g/l Cyproconazole,SC (Akıcı Konsantre/Süspansiyon Konsantre),6
PLASTEAM (İMAL),%35 Metalaxyl,DS (Kuru Tohum İlacı),6
MISTRICOLLE (İTHAL),%10 Fosthiazate,GR (Granül),6
TACNA-P (İMAL),270 g/l Terbuthylazine + 64 g/l Pendimethalin,SE (Suspo-Emülsiyon),6
CUBELS (İMAL),%6 Metaldehyde,GB (Granül Yem),6
ISOCOD-C (İTHAL),"380 mg ((E,E)-8,10-Dodecadienol,dodecanol,tetradecanol) / Feromon çubuğu",--- (-),6
EXENTIS 350 SC (İTHAL),200 g/l Azoxystrobin + 150 g/l Prothioconazole,SC (Akıcı Konsantre/Süspansiyon Konsantre),6
CHUCK (İMAL),80 g/l Triticonazole + 40 g/l Pyraclostrobin,FS (Tohum İlaçlaması İçin Akıcı Konsantre),6
SHIZUKU (İTHAL),124 g/l Spirotetramat + 31 g/l Abamectin,SC (Akıcı Konsantre/Süspansiyon Konsantre),6
CEKAT (İTHAL),%24 Methoxyfenozide + %15 Acetamiprid,WG (Suda Dağılabilen Granül),6
KARCYPER 25 EC (İMAL),250 g/l Cypermethrin,EC (Emülsiye Olabilen Konsantre),6
BARTİCOR (İTHAL),25 g/l Difenoconazole + 25 g/l Fludioxonil,FS (Tohum İlaçlaması İçin Akıcı Konsantre),6
NOTEREN (İMAL),800 g/l Prosulfocarb + 80 g/l Metribuzin,EC (Emülsiye Olabilen Konsantre),6
SAFA KAYLE 400 SL (İMAL),"240 g/l Glyphosate Asit (323,9 g/l Glyphosate Isopropylamin Tuzuna eşdeğer) + 160 g/l 2,4-D Asit (371 g/l Alkylamidopropyl Dimethil Amin Tuzuna eşdeğer))",SL (Suda Çözünen Konsantre),6
TURMALİN (İMAL),"18,8 g/l 6-Benzyladenine + 18,5 g/l Gibberellin A4/A7",SL (Suda Çözünen Konsantre),6
SNABB (İMAL),10 g/l Gibberellin A4/A7,SL (Suda Çözünen Konsantre),6
HENTROM 75 WG (İTHAL),%50 Thifensulfuron-methyl + %25 Tribenuron-methyl,WG (Suda Dağılabilen Granül),6
VAPAM (İTHAL),500 g/l Metam Sodium,SL (Suda Çözünen Konsantre),6
LIGABIS 25 WG (İTHAL),%25 Rimsulfuron,WG (Suda Dağılabilen Granül),6
TALADRO (İMAL),"%7,5 Pyroxsulam + %7,5 Cloquintocet-mexyl (safener)",WG (Suda Dağılabilen Granül),6
SHIFA 18 EW (İTHAL),18 g/l Abamectin,"EW (Emülsiyon, Suda Yağ)",6
EWADEL SC (İMAL),88 g/l Mepiquat Chloride + 22 g/l Cyclanilide,SC (Akıcı Konsantre/Süspansiyon Konsantre),6
LİPİNSKİ 720 SL (İMAL),720 g/l Ethephon,SL (Suda Çözünen Konsantre),6
USANBO 360 CS (İMAL),360 g/l Clomazone,CS (Kapsül Süspansiyon),6
SCRAPE 100 SL (İMAL),100 g/l Clopyralid,SL (Suda Çözünen Konsantre),6
GİBBELEX 20 SL (İMAL),20 g/l Gibberellic acid,SL (Suda Çözünen Konsantre),6
ADENIS WG (İMAL),"%3 Mesosulfuron-methyl + %0,6 Iodosulfuron-methyl sodium + %9 Mefenpeyr-diethyl (safener)",WG (Suda Dağılabilen Granül),6
KARALFA 100 EC (İMAL),100 g/l Alpha-cypermethrin,EC (Emülsiye Olabilen Konsantre),6
AMIPLAN (İMAL),%20 Acetamiprid,SP (Suda Çözünen Toz),6
ARKADYA (İMAL),600 g/l Aclonifen,SC (Akıcı Konsantre/Süspansiyon Konsantre),6
COCPIT SE (İMAL),240 g/l Glyphosate IPA + 200 g/l Carfentrazone-ethyl + 30 g/l Diuron,SE (Suspo-Emülsiyon),6
MENTA FRİDA (İMAL),500 g/l Fenhexamid,SC (Akıcı Konsantre/Süspansiyon Konsantre),6
LONGMİRE SC (İMAL),"625 g/l Propamocarb-hydrochloride + 62,5 g/l Fluopicolide",SC (Akıcı Konsantre/Süspansiyon Konsantre),6
AGNODATE (İMAL),60 g/l Tebuconazole,FS (Tohum İlaçlaması İçin Akıcı Konsantre),6
NOVAGARD (İMAL),"237,5 g/L Spirotetramat + 32,5 g/L Abamectin",CS (Kapsül Süspansiyon),6
ACS IPRORAL 100 EC (İMAL),100 g/l Pyriproxyfen,EC (Emülsiye Olabilen Konsantre),6
KAMELOT 320 SC (İMAL),200 g/l Tebuconazole + 120 g/l Azoxystrobin,SC (Akıcı Konsantre/Süspansiyon Konsantre),6
DE CONSETA (İMAL),%50 Trifloxystrobin,WG (Suda Dağılabilen Granül),6
TOGEPİ 35 FS (İMAL),25 g/l Fludioxonil + 10 g/l Metalaxyl-m,FS (Tohum İlaçlaması İçin Akıcı Konsantre),6
EFDAL KUTSO (İMAL),%30 Metalik bakıra eşdeğer bakır hidroksit,WG (Suda Dağılabilen Granül),6
SONJAK 500 SC (İMAL),500 g/l Dodine,SC (Akıcı Konsantre/Süspansiyon Konsantre),6
MEDUS (İMAL),%30 Metalik bakıra eşdeğer bakır hidroksit,WG (Suda Dağılabilen Granül),6
MUVETTOO SC 100 (İMAL),100 g/l Spirotetramat,SC (Akıcı Konsantre/Süspansiyon Konsantre),6
SALTOOK (İMAL),120 g/l Spinetoram,SC (Akıcı Konsantre/Süspansiyon Konsantre),6
ACS IGUANA 240 SC (İMAL),240 g/l Spirodiclofen,SC (Akıcı Konsantre/Süspansiyon Konsantre),6
KAYRİS (İMAL),267 g/l Prochloraz + 133 g/l Tebuconazole,"EW (Emülsiyon, Suda Yağ)",6
ZYRGON (İMAL),222 g/l Flubendiamide,SC (Akıcı Konsantre/Süspansiyon Konsantre),6
LİSTO SC (İMAL),250 g/l Quinclorac + 144 g/l Dicamba,SC (Akıcı Konsantre/Süspansiyon Konsantre),6
U-46 (İTHAL),"345 g/l 2,4-D + 345 g/l MCPA",SL (Suda Çözünen Konsantre),6
INTEGRITY (İTHAL),600 g/l Dimethenamid-p + 68 g/l Saflufenacil,EC (Emülsiye Olabilen Konsantre),6
DECCOPYR POT® (İTHAL),%30 Pyrimethanil,GE (Gaz Üreten İlaç),6
FEROTABA (İMAL),10 cm*25 cm Sarı Renkli Yapışkan Tuzak,Sarı Yapışkan Tuzak (-),6
APRIL (İMAL),%50 Flonicamid,WG (Suda Dağılabilen Granül),6
BELT SC 480 (İTHAL),480 g/l Flubendiamide,SC (Akıcı Konsantre/Süspansiyon Konsantre),6
ECOLIA® 300 EC (İTHAL),175 g/l Prothioconazole + 125 g/l Difenoconazole,EC (Emülsiye Olabilen Konsantre),6
TIRPAN (İMAL),250 g/l Glyphosate asite eşdeğer Glyphosate Isopropylamin Tuzu + 40 g/l Diflufenican,SC (Akıcı Konsantre/Süspansiyon Konsantre),6
KASTRUP (İMAL),156 g/l Acequinocyl,SC (Akıcı Konsantre/Süspansiyon Konsantre),6
REVYPACT (İTHAL),100 g/l Mefentrifluconazole + 50 g/l Fluxapyroxad,EC (Emülsiye Olabilen Konsantre),6
RUFUS (İMAL),110 g/l Etoxazole,SC (Akıcı Konsantre/Süspansiyon Konsantre),6
MERİTA (İMAL),%50 Tebuconazole + %25 Trifloxystrobin,WG (Suda Dağılabilen Granül),6
PROTONIC (İMAL),3 g/l Sodium para nitropheonolate + 2 g/l Sodium ortho nitrophenolate + 1 g/l Sodium penta nitroguaiacolate,SL (Suda Çözünen Konsantre),6
SPITFIRE 500 SL (İTHAL),500 g/l Metam Sodium,SL (Suda Çözünen Konsantre),6
PLAZOL 80 WP (İMAL),%80 Diuron,WP (Islanabilir Toz),6
TAPPUTİ (İMAL),233 g/l Thiophanate-methyl + 70 g/l Tetraconazole,SE (Suspo-Emülsiyon),6
SAFA GUARD (İMAL),220 g/l Dicamba + 50 g/l Nicosulfuron,OD (Yağda Dağılabilen),6
DEBET (İMAL),200 g/l Cyhalofop-butyl + 100 g/l Quinclorac,SC (Akıcı Konsantre/Süspansiyon Konsantre),6
TANOKA (İMAL),220 g/l Dicamba + 50 g/l Nicosulfuron,OD (Yağda Dağılabilen),6
GRABBER (İMAL),200 g/l Carfentrazone-ethyl + 30 g/l Diuron,SE (Suspo-Emülsiyon),6
WİKİLİS OD (İMAL),10 g/l Mesosulfuron methyl + 2 g/l Iodosulfuron-methyl sodium + 30 g/l Mefenpyr-diethyl (safener),OD (Yağda Dağılabilen),6
SUGARO (İMAL),350 g/l Metamitron + 150 g/l Ethofumesate,SC (Akıcı Konsantre/Süspansiyon Konsantre),6
HEKTAŞ ANTIO (İMAL),300 g/l Spiroxamine + 160 g/l Prothioconazole,EC (Emülsiye Olabilen Konsantre),6
WINONA® (İTHAL),22.5 g/L Fludioxonil+ 15 g/L Sedaxane+15 g/L Metalaxyl-M,FS (Tohum İlaçlaması İçin Akıcı Konsantre),6
YUTAKA (İMAL),250 g/l Prochloraz+75 g/l Trifloxystrobin+50 g/l Cyproconazole,SE (Suspo-Emülsiyon),6
"SPIN WG 41,5 (İMAL)","%24 Flufenacet + %17,5 Metribuzin",WG (Suda Dağılabilen Granül),6
ASTRACOP (İMAL),"65,82 g/l Metalik bakıra eşdeğer bakır sülfat",SC (Akıcı Konsantre/Süspansiyon Konsantre),6
LONTREL 600 (İTHAL),600 g/l Clopyralid,SL (Suda Çözünen Konsantre),6
İZBIRAKAN (İMAL),%50 Flonicamid,WG (Suda Dağılabilen Granül),6
AMETRİNE (İMAL),25 g/l Deltamethrin,EC (Emülsiye Olabilen Konsantre),6
KUNDUZ (İMAL),230 g/l Pendimethalin + 150 g/l Flurochloridone,EC (Emülsiye Olabilen Konsantre),6
EMDİT (İTHAL),%50 Kresoxim-methyl,WG (Suda Dağılabilen Granül),6
SAUPOLO 80 WG (İTHAL),%80 Kükürt,WG (Suda Dağılabilen Granül),6
SANTOR (İTHAL),"%30 Cymoxanil + %22,5 Famoxadone",WG (Suda Dağılabilen Granül),6
DE JALOKIN (İMAL),"%25,2 Boscalid + %12,8 Pyraclostrobin",WG (Suda Dağılabilen Granül),6
CODE BLACK (İMAL),720 g/l Ethephon + 45 g/l Cyclanilide,SC (Akıcı Konsantre/Süspansiyon Konsantre),6
SAFA SOLİD 85 WG (İMAL),"%7,08 Pyroxsulam + %1,42 Florasulam + %7,08 Cloquintocet-mexyl (safener)",WG (Suda Dağılabilen Granül),6
NORASAC® (İTHAL),267 g/l Prochloraz + 133 g/l Tebuconazole,"EW (Emülsiyon, Suda Yağ)",6
SEABELL (İMAL),"85 g/l Pyraclostrobin + 62,5 g/l Epoxiconazole",SE (Suspo-Emülsiyon),6
AMANGEL SL (İMAL),421 g/l Hidrolize Protein,SL (Suda Çözünen Konsantre),6
BOSTRİO (İMAL),240 g/l Spinosad,SC (Akıcı Konsantre/Süspansiyon Konsantre),6
LESCANO (İMAL),"312,5 g/l S-Metolachlor + 187,5 g/l Terbuthylazine",SC (Akıcı Konsantre/Süspansiyon Konsantre),6
ELDORA 40 OD (İMAL),40 g/l Nicosulfuron,OD (Yağda Dağılabilen),6
PIRECRIS (İTHAL),20 g/l Pyrethrin,EC (Emülsiye Olabilen Konsantre),6
ALURA 120 OD (İMAL),30 g/l Mesosulfuron-methyl + 90 g/l Mefenpyr-diethyl (safener),OD (Yağda Dağılabilen),6
FİTOZİN (İMAL),200 g/l Tebuconazole + 120 g/l Azoxystrobin,SC (Akıcı Konsantre/Süspansiyon Konsantre),6
CLARETA (İMAL),600 g/l Aclonifen,SC (Akıcı Konsantre/Süspansiyon Konsantre),6
SYMIRNA (İTHAL),%40 Diflufenican + %5 Iodosulfuron methyl-sodium + %2 Florasulam + %10 Cloquintocet-mexyl (Safener),WG (Suda Dağılabilen Granül),6
ABANA SC (İMAL),375 g/l Pyrimethanil +125 g/l Fluopyram,SC (Akıcı Konsantre/Süspansiyon Konsantre),6
FEROİPSE (İMAL),15 cm x 100 m Ebatında Mavi Renkli Yapışkan Tuzak,Mavi Yapışkan Tuzak (-),6
FEROPİTCU (İMAL),15 cm x 100 m Ebatında Sarı Renkli Yapışkan Tuzak,Sarı Yapışkan Tuzak (-),6
STILLO 700 SC (İMAL),700 g/l Metamitron,SC (Akıcı Konsantre/Süspansiyon Konsantre),6
FEROPALM (İMAL),10 cm*25 cm Mavi Renkli Yapışkan Tuzak,Mavi Yapışkan Tuzak (-),6
KINPLAN (İTHAL),%20 Acetamiprid,SP (Suda Çözünen Toz),6
NOCAUT EC (İTHAL),250 g/l Spirodiclofen,EC (Emülsiye Olabilen Konsantre),6
HACHIMAN 50 WG (İTHAL),%50 Flonicamid,WG (Suda Dağılabilen Granül),6
GROUND (İMAL),75 g/l Indoxacarb + 18 g/l Abamectin,SC (Akıcı Konsantre/Süspansiyon Konsantre),6
DAGROLİNT 20 EC (İMAL),20 g/l Emamectin benzoate,EC (Emülsiye Olabilen Konsantre),6
HYDROMİCRON (İMAL),"361,1 g/l Metalik bakıra eşdeğer bakır hidroksit",SC (Akıcı Konsantre/Süspansiyon Konsantre),6
UNİMURON 500 SC (İTHAL),500 g/l Fluometuron,SC (Akıcı Konsantre/Süspansiyon Konsantre),6
CAPRENO SC 547 (İTHAL),345 g/l Tembotrione + 68 g/l Thiencarbazone-methyl-sodium + 134 g/l Isoxadifen- ethyl,SC (Akıcı Konsantre/Süspansiyon Konsantre),6
ESSEN'CIEL (İTHAL),60 g/l Orange oil,ME (Mikro-Emülsiyon),6
QUAKE® 112.5 EC (İTHAL),62.5 g/l Pyraclostrobin + 50 g/l Fenpicoxamid,EC (Emülsiye Olabilen Konsantre),6
NAKAVT 5 EC (İMAL),50 g/l Lambda-cyhalothrin,EC (Emülsiye Olabilen Konsantre),6
RANGE KING (İMAL),5 g/l Abamectin,OD (Yağda Dağılabilen),6
SHINYA (İMAL),50 g/l Lambda-cyhalothrin,EC (Emülsiye Olabilen Konsantre),6
FRSBORDO (İMAL),%20 Metalik bakıra eşdeğer bordo bulamacı,WP (Bordo Bulamacı) (Islanabilir Toz),6
CANAMİRAL 80 WP (İMAL),%80 Fosetyl-Al,WP (Islanabilir Toz),6
KADMOS (İTHAL),% 98 Dazomet,MG (Mikro Granül),6
DE BELMORE (İMAL),%20 Tebufenpyrad,WP (Islanabilir Toz),6
HUSAF 25 SL (İMAL),25 g/l Imazamox,SL (Suda Çözünen Konsantre),6
KUASA (İMAL),%20 Flubendiamide,WG (Suda Dağılabilen Granül),6
DAGROLİNT 5.7 SG (İTHAL),% 5.7 Emamectin benzoate,SG (Suda Çözünen Granül),6
HELLBOY (İMAL),200 g/l Glufosinate-ammonium tuzu,SL (Suda Çözünen Konsantre),6
HADES 45 WG (İMAL),%30 Aminopyralid + %15 Florasulam,WG (Suda Dağılabilen Granül),6
NANOK (İTHAL),125 g/l Azoxystrobin + 125 g/l Flutriafol,SC (Akıcı Konsantre/Süspansiyon Konsantre),6
AZAMOUR 320 SC (İMAL),200 g/l Tebuconazole + 120 g/l Azoxystrobin,SC (Akıcı Konsantre/Süspansiyon Konsantre),6
OTOUT (İMAL),%25 Rimsulfuron,SG (Suda Çözünen Granül),6
SALİDA 880 EC (İMAL),800 g/l Prosulfocarb + 80 g/l Metribuzin,EC (Emülsiye Olabilen Konsantre),6
CORAZON 25 WP (İMAL),%25 Tebuconazole,WP (Islanabilir Toz),6
ENTIRE 50 EC (İTHAL),50 g/l Quizalofop-p-ethyl,EC (Emülsiye Olabilen Konsantre),6
ACADEMİ (İMAL),200 g/l Tebuconazole + 120 g/l Azoxystrobin,SC (Akıcı Konsantre/Süspansiyon Konsantre),6
MİHAL (İMAL),%6 Metaldehyde,GB (Granül Yem),6
DA VİNCİ (İMAL),"228,6 g/l Spiromesifen + 11,4 g/l Abamectin",SC (Akıcı Konsantre/Süspansiyon Konsantre),6
GARNAT 700 (İMAL),700 g/l Mineral Yağ,"EW (Emülsiyon, Suda Yağ)",6
ROSEMAT (İMAL),700 g/l Mineral Yağ,"EW (Emülsiyon, Suda Yağ)",6
BİRBEN OD 140 (İTHAL),100 g/l Mesotrione + 40 g/l Nicosulfuron,OD (Yağda Dağılabilen),6
CASSİNİ (İMAL),240 g/l Spinosad,SC (Akıcı Konsantre/Süspansiyon Konsantre),6
NERIA 25 SL (İMAL),25 g/l Imazamox,SL (Suda Çözünen Konsantre),6
PIURA-P (İMAL),270 g/l Terbuthylazine + 64 g/l Pendimethalin,SE (Suspo-Emülsiyon),6
PRİN (İMAL),33 g/l Imazamox +10 g/l Penoxsulam,SC (Akıcı Konsantre/Süspansiyon Konsantre),6
EFDAL STRANGER OF 120 (İMAL),30 g/l Mesosulfuron-methyl + 90 g/l Mefenpyr-diethyl (safener),OD (Yağda Dağılabilen),6
ETERNİTY (İMAL),%50 Flonicamid,WG (Suda Dağılabilen Granül),6
FOREHAND (İMAL),75 g/l Mesotrione + 30 g/l Nicosulfuron,OD (Yağda Dağılabilen),6
ZORVEC VINABRIA® (İTHAL),500 g/L Folpet+ 10 g/L Oxathiapiprolin,SC (Akıcı Konsantre/Süspansiyon Konsantre),6
FRS HENNA (İMAL),300 g/l Ametoctradin + 225 g/l Dimethomorph,SC (Akıcı Konsantre/Süspansiyon Konsantre),6
FRUCAST 50 WP (İMAL),%50 Cymoxanil,WP (Islanabilir Toz),6
EMANTARA (İTHAL),480 g/l Ethephon,SL (Suda Çözünen Konsantre),6
CAMENTA (İMAL),915 g/l S-Metolachlor + 45 g/l Benoxacor (safener),EC (Emülsiye Olabilen Konsantre),6
SAFA MULTİWİN 225 SC (İMAL),190 g/l Metalik Bakıra eşdeğer bazik bakır sülfat + 35 g/l Cymoxanil,SC (Akıcı Konsantre/Süspansiyon Konsantre),6
SALİDA 800 EC (İMAL),800 g/l Prosulfocarb,EC (Emülsiye Olabilen Konsantre),6
FLYBE (İTHAL),1 g/tb Gibberellic Acid,ST (Suda Çözünen Tablet),6
PHASMA® (İTHAL),50 g/L Fludioxonil+ 40 g/L Sedaxane,FS (Tohum İlaçlaması İçin Akıcı Konsantre),6
CAMPARE® (İMAL),%50 Captan,WP (Islanabilir Toz),6
MONOGARD (İMAL),230 g/l Metaflumizone+16 g/l Abamectin,CS (Kapsül Süspansiyon),6
DELFIN OD (İMAL),Bacillus thuringiensis var. kurstaki (16.000 IU/mg),OD (Yağda Dağılabilen),6
INSPY EC 460 (İMAL),300 g/l Spiroxamine + 160 g/l Prothioconazole,EC (Emülsiye Olabilen Konsantre),6
GLADIUS (İTHAL),106 g/l Flometoquin,SC (Akıcı Konsantre/Süspansiyon Konsantre),6
DATCOM (İMAL),100 g/l Tetraconazole,EC (Emülsiye Olabilen Konsantre),6
CELLCON (İMAL),375 g/l Phosphorous Acid (mono ve di-potasyum tuzları) + 125 g/L Dithianon,SC (Akıcı Konsantre/Süspansiyon Konsantre),6
GRAFIMAX (İTHAL),"271,49 g/L 2,4-D EHE + 11,8 g/L Aminopyralid + 5 g/l Florasulam",SE (Suspo-Emülsiyon),6
LİMUZİN 70 WG (İMAL),%70 Metribuzin,WG (Suda Dağılabilen Granül),6
MAKRON (İMAL),%12 Dithianon + %4 Pyraclostrobin,WG (Suda Dağılabilen Granül),6
PRINCIPAL (İTHAL),"% 56,2 Dicamba sodyum tuzu (%51,04 Dicamba asite eşdeğer) + % 6,25 Nicosulfuron + % 3,13 Rimsulfuron + % 3,13 Isoxadifen-ethyl (safener)",WG (Suda Dağılabilen Granül),6
ACENA® 450 EC (İMAL),450 g/l Prochloraz,EC (Emülsiye Olabilen Konsantre),6
ISADOR® (İMAL),150 g/l Prothioconazole + 20 g/l Tebuconazole,FS (Tohum İlaçlaması İçin Akıcı Konsantre),6
EFDAL KRESDİT 50 WG (İMAL),%50 Kresoxim-methyl,WG (Suda Dağılabilen Granül),6
TENACE ® WG (İTHAL),"%60 Kükürt + %1,5 Tetraconazole",WG (Suda Dağılabilen Granül),6
TETRAMET 222 SC (İMAL),222 g/l Flubendiamide,SC (Akıcı Konsantre/Süspansiyon Konsantre),6
ELVERA (İMAL),150 g/l Indoxacarb,OD (Yağda Dağılabilen),6
ASTOUND® (İMAL),150 g/l Prothioconazole + 20 g/l Tebuconazole,FS (Tohum İlaçlaması İçin Akıcı Konsantre),6
FEROPİTYO (İMAL),30 cm x 100 m ebatında sarı yapışkan şerit tuzak,Sarı Yapışkan Tuzak (-),6
FEROTOPİ (İMAL),30 cm x 100 m Ebatında Mavi Renkli Yapışkan Şerit Tuzak,Mavi Yapışkan Tuzak (-),6
KADRAN 500 SC (İMAL),250 g/l Dithianon + 250 g/l Pyrimethanil,SC (Akıcı Konsantre/Süspansiyon Konsantre),6
ELEVATOR (İMAL),75 g/l Mesotrione + 30 g/l Nicosulfuron,OD (Yağda Dağılabilen),6
DIGNA (İMAL),69 g/l Fenoxaprop-p-ethyl + 33 g/l Cloquintocet-mexyl (safener),"EW (Emülsiyon, Suda Yağ)",6
GREENKILLER (İMAL),480 g/l Glyphosate Isopropylamin Tuzu,SL (Suda Çözünen Konsantre),6
VALDORIO (İTHAL),"% 24 Foramsulfuron + % 2,4 Iodosulfuron-methyl sodium + %10 Thiencarbazone-methyl",WG (Suda Dağılabilen Granül),6
EMRECİNE 200 EC (İTHAL),200 g/l Cyhalofop-butyl,EC (Emülsiye Olabilen Konsantre),6
LUTEA (İMAL),240 g/l Clodinafop-propargyl + 60 g/l Cloquintocet-mexyl (safener),EC (Emülsiye Olabilen Konsantre),6
ABALANCE (İMAL),18 g/l Abamectin,EC (Emülsiye Olabilen Konsantre),6
TENUES 240 SC (İMAL),240 g/l Spirodiclofen,SC (Akıcı Konsantre/Süspansiyon Konsantre),6
EFDAL FARMIR SC (İMAL),400 g/l Cyazofamid,SC (Akıcı Konsantre/Süspansiyon Konsantre),6
SUNABMECT 1.8 EC (İMAL),18 g/l Abamectin,EC (Emülsiye Olabilen Konsantre),6
ERTOWER EC (İMAL),45 g/l Pinoxaden + 20 g/l Cloquintocet-mexyl (safener),EC (Emülsiye Olabilen Konsantre),6
ERASMO (İMAL),600 g/l Metribuzin,SC (Akıcı Konsantre/Süspansiyon Konsantre),6
ALBERT 75 WG (İMAL),"%7,5 Pyroxsulam + %7,5 Cloquintocet-mexyl (safener)",WG (Suda Dağılabilen Granül),6
CHOFA (İMAL),"37,5 g/l Mesotrione + 15 g/l Nicosulfuron",OD (Yağda Dağılabilen),6
DAXUR® (İTHAL),150 g/l Kresoxim-methyl + 100 g/l Mefentrifluconazole,SC (Akıcı Konsantre/Süspansiyon Konsantre),6
MARKİN (İMAL),200 g/l Azoxystrobin + 125 g/l Difenoconazole,SC (Akıcı Konsantre/Süspansiyon Konsantre),6
EGNİT (İTHAL),60 g/l Carfentrazone-ethyl,ME (Mikro-Emülsiyon),6
SAFAİ 320 SC (İMAL),300 g/l Aclonifen + 20 g/l İmazamox,SC (Akıcı Konsantre/Süspansiyon Konsantre),6
NATURASİN (İMAL),28 g/l Pyrethrin + 24 g/l Azadirachtin,DC (Disperse Olabilen Konsantre),6
BERSA EW 240 (İMAL),240 g/l Tau-fluvalinate,"EW (Emülsiyon, Suda Yağ)",6
CAMARO (İMAL),571 g/l Metamitron + 71 g/l Quinmerac,SC (Akıcı Konsantre/Süspansiyon Konsantre),6
KARBALE (İMAL),"85 g/l Pyraclostrobin + 62,5 g/l Epoxiconazole",SE (Suspo-Emülsiyon),6
BUFFY (İMAL),722 g/l Propamocarb-hydrochloride,SL (Suda Çözünen Konsantre),6
OVERRULE (İMAL),150 g/l Prochloraz + 42 g/l Epoxiconazole,DC (Disperse Olabilen Konsantre),6
TERMINATOR (İMAL),45 g/l Pyroxsulam + 90 g/l Cloquintocet-mexyl (safener),OD (Yağda Dağılabilen),6
SAFA HOLOGRAM (İMAL),375 g/l Pyrimethanil +125 g/l Fluopyram,SC (Akıcı Konsantre/Süspansiyon Konsantre),6
BOSCOTT 210 SC (İTHAL),168 g/l Etoxazole + 42 g/l Abamectin,SC (Akıcı Konsantre/Süspansiyon Konsantre),6
SAFETY (İMAL),150 g/L Prochloraz+ 42 g/L Prothioconazole,EC (Emülsiye Olabilen Konsantre),6
NİKOSH (İMAL),350 g/l Metamitron + 150 g/l Ethofumesate,SC (Akıcı Konsantre/Süspansiyon Konsantre),6
BELENUS (İMAL),30 g/l Mesosulfuron-methyl + 90 g/l Mefenpyr-diethyl (safener),OD (Yağda Dağılabilen),6
TOZTATE 900 EC (İMAL),900 g/l Fosthiazate,EC (Emülsiye Olabilen Konsantre),6
MULTIGUARD (İMAL),"625 g/l Propamocarb-hydrochloride + 62,5 g/l Fluopicolide",SC (Akıcı Konsantre/Süspansiyon Konsantre),6
ARMADA-S (İMAL),915 g/l S-Metolachlor + 45 g/l Benoxacor (safener),EC (Emülsiye Olabilen Konsantre),6
ACS ACLON 48 SL (İMAL),480 g/l Bentazone,SL (Suda Çözünen Konsantre),6
ACS SAXON (İMAL),40 g/l Nicosulfuron,OD (Yağda Dağılabilen),6
X-PERTAN (İMAL),"%39,75 Metalik bakıra eşdeğer bakır oksiklorid + %4,2 Cymoxanil",WP (Islanabilir Toz),6
DESCALZOS (İMAL),441 g/l Glyphosate Potasyum Tuzu,SL (Suda Çözünen Konsantre),6
AKITA 45 EC (İMAL),45 g/l Pinoxaden + 20 g/l Cloquintocet-mexyl (safener),EC (Emülsiye Olabilen Konsantre),6
SAFA TONILITE 25 SL (İMAL),"18 g/l 2-(1-Naphthyl)acetamide (NAD) + 6,75 g/l 1-Naphthylacetic acid (NAA)",SL (Suda Çözünen Konsantre),6
VERBEN® (İTHAL),200 g/l Prothioconazole+50 g/l Proquinazid,EC (Emülsiye Olabilen Konsantre),6
COMPAQ (İTHAL),250 g/l Azoxystrobin,SC (Akıcı Konsantre/Süspansiyon Konsantre),6
KAFKA (İTHAL),%80 Kükürt,WG (Suda Dağılabilen Granül),6
SUNIDOX 150 SC (İMAL),150 g/l Indoxacarb,SC (Akıcı Konsantre/Süspansiyon Konsantre),6
SUNALDA 50 EC (İMAL),50 g/l Lambda-cyhalothrin,EC (Emülsiye Olabilen Konsantre),6
INSAI (İTHAL),150 g/l Indoxacarb,SC (Akıcı Konsantre/Süspansiyon Konsantre),6
AFORS 700 (İMAL),700 g/l Mineral Yağ,"EW (Emülsiyon, Suda Yağ)",6
HEKTAŞ EXCALIBUR (İTHAL),720 g/l Tribufos,EC (Emülsiye Olabilen Konsantre),6
SAFA BOND (İMAL),"33,3 g/l Imazamox",SL (Suda Çözünen Konsantre),6
BRONTES® WG (İMAL),"%39,75 Metalik bakıra eşdeğer bakır oksiklorid + %4,2 Cymoxanil",WG (Suda Dağılabilen Granül),6
KANSURİN (İMAL),"361,1 g/l Metalik bakıra eşdeğer bakır hidroksit",SC (Akıcı Konsantre/Süspansiyon Konsantre),6
STOMMİN CS (İMAL),450 g/l Pendimethalin,CS (Kapsül Süspansiyon),6
EFDAL IPAX (İMAL),50 g/l Mepiquat Chloride,SL (Suda Çözünen Konsantre),6
PERCEPTIO 250 EC (İMAL),250 g/l Cypermethrin,EC (Emülsiye Olabilen Konsantre),6
EFDAL ETANOP (İMAL),%70 Thiophanate-methyl,WP (Islanabilir Toz),6
CONORO 50 WG (İMAL),%50 Flonicamid,WG (Suda Dağılabilen Granül),6
BALYOZE 45 EC (İMAL),"22,5 g/l Pinoxaden + 22,5 g/l Clodinafop-propargyl + 5,63 g/l Cloquintocet-mexyl (safener)",EC (Emülsiye Olabilen Konsantre),6
PERICLES (İMAL),10 g/l Forchlorfenuron,EC (Emülsiye Olabilen Konsantre),6
GALLOPER 3 SC (İTHAL),20 g/l Lufenuron + 10 g/l Emamectin benzoate,SC (Akıcı Konsantre/Süspansiyon Konsantre),6
EFDAL AKAVA (İMAL),%20 Flubendiamide,WG (Suda Dağılabilen Granül),6
OVERSİDE SC (İTHAL),64 g/l Indoxacarb+43 g/l Emamectin benzoate,SC (Akıcı Konsantre/Süspansiyon Konsantre),6
AGROFARM LECTOR 250 EC (İMAL),250 g/l Trinexapac-ethyl,EC (Emülsiye Olabilen Konsantre),6
CİRCLE 100 SL (İTHAL),100 g/l Clopyralid,SL (Suda Çözünen Konsantre),6
MARCAM 6 GB (İTHAL),%6 Metaldehyde,GB (Granül Yem),6
FİESTA 240 SC (İMAL),240 g/l Spinosad,SC (Akıcı Konsantre/Süspansiyon Konsantre),6
ASTROC 480 SC (İMAL),480 g/l Spinosad,SC (Akıcı Konsantre/Süspansiyon Konsantre),6
KARVENTO SC 100 (İMAL),100 g/l Spirotetramat,SC (Akıcı Konsantre/Süspansiyon Konsantre),6
DENSKA (İMAL),"15,7 g/l Deltamethrin",SC (Akıcı Konsantre/Süspansiyon Konsantre),6
DECCO TBZ 500 SC (İTHAL),500 g/l Thiabendazole,SC (Akıcı Konsantre/Süspansiyon Konsantre),6
MAGAN® (İTHAL),250 g/l Prothioconazole,EC (Emülsiye Olabilen Konsantre),6
SAFA GRANADA (İMAL),%75 Tribenuron-methyl,WG (Suda Dağılabilen Granül),6
ERVINDO (İMAL),200 g/l Boscalid + 100 g/l Kresoxim-methyl,SC (Akıcı Konsantre/Süspansiyon Konsantre),6
BAYTORE WİDE (İMAL),25 g/l Imazamox,SL (Suda Çözünen Konsantre),6
ZEPPLİN 100 EC (İTHAL),100 g/l Alpha-cypermethrin,EC (Emülsiye Olabilen Konsantre),6
MOULDEX™ 10 EC (İTHAL),100 g/l 2-Phenylphenol,EC (Emülsiye Olabilen Konsantre),6
OPTIMIST SC (İMAL),75 g/l Mesotrione + 30 g/l Nicosulfuron,SC (Akıcı Konsantre/Süspansiyon Konsantre),6
STRANO (İMAL),720 g/l Ethephon,SL (Suda Çözünen Konsantre),6
UNIVERSUM 250 SC (İMAL),250 g/l Azoxystrobin,SC (Akıcı Konsantre/Süspansiyon Konsantre),6
AXOLOT (İMAL),%30 Aminopyralid + %15 Florasulam,WG (Suda Dağılabilen Granül),6
DAZIDE ENHANCE (İTHAL),%85 Daminozide,SG (Suda Çözünen Granül),6
RELAXIA (İTHAL),218 g/l Acetamiprid + 37 g/l Emamectin Benzoate,DC (Disperse Olabilen Konsantre),6
ANTHOLOGY WG (İTHAL),"% 4,5 Mesosulfuron-methyl + %1,5 Thiencarbazone-methyl + % 0,9 Iodosulfuron-methyl- sodium + % 13,5 Mefenpyr-diethyl (Safener)",WG (Suda Dağılabilen Granül),6
VARIANO EC 400 (İTHAL),250 g/l Spiroxamine + 100 g/l Prothioconazole + 50 g/l Bixafen,EC (Emülsiye Olabilen Konsantre),6
MERLOT (İMAL),15 g/l Mesosulfuron methyl + 15 g/l Pyroxsulam + 90 g/l Mefenpyr-diethyl (Safener),OD (Yağda Dağılabilen),6
REGEV (İTHAL),400 g/l Tea tree oil + 200 g/l Difenoconazole,EC (Emülsiye Olabilen Konsantre),6
DECCO FLUDY® (İTHAL),230 g/l Fludioxonil,SC (Akıcı Konsantre/Süspansiyon Konsantre),6
EFDAL SAVAGE (İMAL),"%37,5 Cyprodinil + %25 Fludioxonil",WG (Suda Dağılabilen Granül),6
AFFIX 20 SP (İTHAL),%20 Acetamiprid,SP (Suda Çözünen Toz),6
NEOGOAL (İMAL),%30 Aminopyralid + %15 Florasulam,WG (Suda Dağılabilen Granül),6
CYMORSİ 300 (İMAL),300 g/l Pyrimethanil,SC (Akıcı Konsantre/Süspansiyon Konsantre),6
BLUTONIK (İMAL),3 g/l Sodium para nitropheonolate + 2 g/l Sodium ortho nitrophenolate + 1 g/l Sodium penta nitroguaiacolate,SL (Suda Çözünen Konsantre),6
VERRAZANO (İMAL),"25,2 g/l Penoxsulam",OD (Yağda Dağılabilen),6
AMARNA 70 WP (İMAL),%70 Metribuzin,WP (Islanabilir Toz),6
ACUITY 25 EC (İTHAL),25 g/l Deltamethrin,EC (Emülsiye Olabilen Konsantre),6
DISCIPLINE (İMAL),"50 g/l Diflufenican+ 7,5 g/l Mesosulfuron methyl + 2,5 g/l Iodosulfuron methyl sodium + 22,5 g/l Mefenpyr diethyl (safener)",OD (Yağda Dağılabilen),6
EXPIRE 440 SC (İTHAL),400 g/l Pendimethalin + 40 g/l Diflufenican,SC (Akıcı Konsantre/Süspansiyon Konsantre),6
NAGA 2000 (İMAL),%35 Metalik bakıra eşdeğer bakır hidroksit,WG (Suda Dağılabilen Granül),6
ARYA (İMAL),700 g/l Metalik bakıra eşdeğer bakır oksiklorid,SC (Akıcı Konsantre/Süspansiyon Konsantre),6
RESPOND 125 SC (İTHAL),125 g/l Flutriafol,SC (Akıcı Konsantre/Süspansiyon Konsantre),6
JANTRİS (İMAL),250 g/l Azoxystrobin,SC (Akıcı Konsantre/Süspansiyon Konsantre),6
ERTAROİD OD (İMAL),6 g/l Abamectin,OD (Yağda Dağılabilen),6
PARDALİS 325 SC (İMAL),200 g/l Azoxystrobin + 125 g/l Difenoconazole,SC (Akıcı Konsantre/Süspansiyon Konsantre),6
PLONJON 75 WG (İMAL),"%7,5 Pyroxsulam + %7,5 Cloquintocet-mexyl (safener)",WG (Suda Dağılabilen Granül),6
FRS PAUNT (İMAL),100 g/l Penconazole,EC (Emülsiye Olabilen Konsantre),6
KARKİM BORDO 20 WP (İMAL),%20 Metalik bakıra eşdeğer bordo bulamacı,WP (Bordo Bulamacı) (Islanabilir Toz),6
CHAFE 25 EC (İMAL),250 g/l Cypermethrin,EC (Emülsiye Olabilen Konsantre),6
VINABEL® (İTHAL),300 g/L Zoxamide+ 40 g/L Oxathiapiprolin,SE (Suspo-Emülsiyon),6
AQUAFIT (İTHAL),360 g/l Clomazone,CS (Kapsül Süspansiyon),6
DECCO PIRY® (İTHAL),400 g/l Pyrimethanil,SC (Akıcı Konsantre/Süspansiyon Konsantre),6
EVARDO 800 SC (İMAL),800 g/l Kükürt,SC (Akıcı Konsantre/Süspansiyon Konsantre),6
THIOPRON (İTHAL),825 g/l Kükürt,SC (Akıcı Konsantre/Süspansiyon Konsantre),6
SPIRATO 285 FS (İTHAL),160 g/l Metalaxyl + 100 g/l Thiophanate-methyl + 25 g/l Fludioxonil,FS (Tohum İlaçlaması İçin Akıcı Konsantre),6
ANIMOSER (İMAL),200 g/l Tebuconazole + 120 g/l Azoxystrobin,SC (Akıcı Konsantre/Süspansiyon Konsantre),6
VİATER SC (İMAL),240 g/l Spinosad,SC (Akıcı Konsantre/Süspansiyon Konsantre),6
TROPAL (İMAL),200 g/l Diquat dibromide,SL (Suda Çözünen Konsantre),6
WEATUS EC (İMAL),300 g/l Spiroxamine + 160 g/l Prothioconazole,EC (Emülsiye Olabilen Konsantre),6
EFDAL TUMAN SL (İMAL),"18,8 g/l 6-Benzyladenine + 18,5 g/l Gibberellin A4/A7",SL (Suda Çözünen Konsantre),6
CIDECO SC (İMAL),310 g/l Pyrimethanil + 95 g/l Trifloxystrobin,SC (Akıcı Konsantre/Süspansiyon Konsantre),6
BIOX -M (İTHAL),%100 Spearmint Oil,HN (Sıcak Sisleme İlacı),6
SHİRMA SC (İTHAL),500 g/l Fluazinam,SC (Akıcı Konsantre/Süspansiyon Konsantre),6
DAGRO CORS CS (İTHAL),450 g/l Pendimethalin,CS (Kapsül Süspansiyon),6
AGROCHARGER (İMAL),350 g/l Metamitron + 150 g/l Ethofumesate,SC (Akıcı Konsantre/Süspansiyon Konsantre),6
COYOTE (İTHAL),400 g/l S-Metolachlor + 40 g/l Mesotrione + 18 g/l Benoxacor (safener),SE (Suspo-Emülsiyon),6
ALCANCE (İTHAL),298 g/l Pendimethalin + 43 g/l Clomazone,CS (Kapsül Süspansiyon),6
KORBOND (İTHAL),250 g/l Quinclorac,SC (Akıcı Konsantre/Süspansiyon Konsantre),6
HEKTAŞ ADONİS® (İMAL),125 g/l Prothioconazole+90 g/l Azoxystrobin,SC (Akıcı Konsantre/Süspansiyon Konsantre),6
PARSAV (İMAL),300 g/l Lambda-cyhalothrin + 80 g/l Emamectin Benzoate,OD (Yağda Dağılabilen),6
BALBOA (İMAL),800 g/l Mineral Yağ,EC (Emülsiye Olabilen Konsantre),6
VENTİGRA (İTHAL),100 g/l Afidopyropen,DC (Disperse Olabilen Konsantre),6
LITHCO (İTHAL),50 g/l Lambda-cyhalothrin,EC (Emülsiye Olabilen Konsantre),6
EFDAL NAVUR (İMAL),200 g/l Acetamiprid,SL (Suda Çözünen Konsantre),6
SHELTER (İTHAL),500 g/l Spiroxamine,EC (Emülsiye Olabilen Konsantre),6
SHEGMİ OF 120 (İMAL),30 g/l Mesosulfuron-methyl + 90 g/l Mefenpyr-diethyl (safener),OD (Yağda Dağılabilen),6
CUPROXAT (İTHAL),190 g/l Metalik Bakıra eşdeğer tribazik bakır sülfat,SC (Akıcı Konsantre/Süspansiyon Konsantre),6
OPTİUS (İTHAL),%5 Emamectin benzoate,SG (Suda Çözünen Granül),6
"DELTATEC 2,5 EC (İMAL)",25 g/l Deltamethrin,EC (Emülsiye Olabilen Konsantre),6
REVYCARE® TR (İTHAL),200 g/l Pyraclostrobin+40 g/l Fluxapyroxad+30 g/l Mefentrifluconazole,EC (Emülsiye Olabilen Konsantre),6
İNDİGO 5 SG (İMAL),%5 Emamectin benzoate,SG (Suda Çözünen Granül),6
BARBOROSSA (İMAL),350 g/l Metalik bakıra eşdeğer bakır hidroksit,SC (Akıcı Konsantre/Süspansiyon Konsantre),6
HEKTAŞ GALOİS (İMAL),240 g/l Cyprodinil + 40 g/l Azoxystrobin,SE (Suspo-Emülsiyon),6
MENTACHLOR (İMAL),915 g/l S-Metolachlor + 45 g/l Benoxacor (safener),EC (Emülsiye Olabilen Konsantre),6
SAFA RESISTANS 36 CS (İMAL),360 g/l Clomazone,CS (Kapsül Süspansiyon),6
SAFA LAMET OD 66 (İMAL),44 g/l Tembotrione + 22 g/l Isoxadifen-ethyl (safener),OD (Yağda Dağılabilen),6
RONIN 25 SG (İMAL),%25 Rimsulfuron,SG (Suda Çözünen Granül),6
YUNONA ME (İTHAL),50 g/l Emamectin benzoate,ME (Mikro-Emülsiyon),6
MARROW (İMAL),%50 Cymoxanil,WP (Islanabilir Toz),6
AVSHAR® (İMAL),60 g/l Metconazole,SL (Suda Çözünen Konsantre),6
ACBARCE EC (İTHAL),100 g/l Alpha-cypermethrin,EC (Emülsiye Olabilen Konsantre),6
EPAULET (İMAL),300 g/l Spiroxamine + 160 g/l Prothioconazole,EC (Emülsiye Olabilen Konsantre),6
AZAMAX (İTHAL),280 g/l Azoxystrobin + 120 g/l Prothioconazole,SC (Akıcı Konsantre/Süspansiyon Konsantre),6
EFDAL DRAV 120 SC (İMAL),120 g/l Spinetoram,SC (Akıcı Konsantre/Süspansiyon Konsantre),6
IQ CERA F (İTHAL),"7,8 g Amonyum Asetat + 0,737 g Trimetilamin Hidroklorid + 0,034 g Kadaverin / Huni Tipi Tuzak",--- (-),6
ABAMAX 50 SC (İTHAL),50 g/l Abamectin,SC (Akıcı Konsantre/Süspansiyon Konsantre),6
MAİCO (İMAL),200 g/l Tebuconazole + 120 g/l Azoxystrobin,SC (Akıcı Konsantre/Süspansiyon Konsantre),6
MELODİKA WG 49 (İTHAL),"%40,6 Metalik Bakıra Eşdeğer Bakır Oksiklorid + %8,4 Iprovalicarb",WG (Suda Dağılabilen Granül),6
ZYLO (İTHAL),452 g/l Ipconazole,FS (Tohum İlaçlaması İçin Akıcı Konsantre),6
MENTAMİN 500 SL (İMAL),"500 g/l 2,4-D asite eşdeğer dimethyl amin tuzu",SL (Suda Çözünen Konsantre),6
BOHEMİAN (İMAL),240 g/l Bifenazate,SC (Akıcı Konsantre/Süspansiyon Konsantre),6
LIMITLESS OD (İMAL),10 g/l Mesosulfuron methyl + 2 g/l Iodosulfuron-methyl sodium + 30 g/l Mefenpyr-diethyl (safener),OD (Yağda Dağılabilen),6
KARZOLE 10 SC (İMAL),110 g/l Etoxazole,SC (Akıcı Konsantre/Süspansiyon Konsantre),6
ZARAGOZ (İMAL),%25 Rimsulfuron,SG (Suda Çözünen Granül),6
CLOMAVAP (İTHAL),480 g/l Clomazone,EC (Emülsiye Olabilen Konsantre),6
FIORA 120 OD (İMAL),30 g/l Mesosulfuron-methyl + 90 g/l Mefenpyr-diethyl (safener),OD (Yağda Dağılabilen),6
DANSİLİ® (İMAL),"85 g/l Pyraclostrobin + 62,5 g/l Epoxiconazole",SE (Suspo-Emülsiyon),6
EFDAL SEDEFİN 150 EC (İMAL),150 g/l Fosthiazate,EC (Emülsiye Olabilen Konsantre),6
SILDART SC (İMAL),"228,6 g/l Spiromesifen + 11,4 g/l Abamectin",SC (Akıcı Konsantre/Süspansiyon Konsantre),6
KORFOSAT 74.8 SG (İMAL),"%74,8 Glyphosate Ammonium Tuzu",SG (Suda Çözünen Granül),6
DOOKU® (İTHAL),25 g/L Fludioxonil+ 25 g/L Sedaxane,FS (Tohum İlaçlaması İçin Akıcı Konsantre),6
HIROSHIMA (İMAL),175 g/l Prothioconazole + 88 g/l Trifloxystrobin,SC (Akıcı Konsantre/Süspansiyon Konsantre),6
BOND 320 SC (İMAL),200 g/l Tebuconazole + 120 g/l Azoxystrobin,SC (Akıcı Konsantre/Süspansiyon Konsantre),6
EFDAL JOVİS (İMAL),"%25,2 Boscalid + %12,8 Pyraclostrobin",WG (Suda Dağılabilen Granül),6
INSTAG® 100 EC (İMAL),100 g/l Penconazole,EC (Emülsiye Olabilen Konsantre),6
DEFEAT SC (İMAL),"361,1 g/l Metalik bakıra eşdeğer bakır hidroksit",SC (Akıcı Konsantre/Süspansiyon Konsantre),6
EFDAL DULCET 500 SC (İMAL),500 g/l Dodine,SC (Akıcı Konsantre/Süspansiyon Konsantre),6
CARESTAR (İMAL),300 g/l Spiroxamine + 160 g/l Prothioconazole,EC (Emülsiye Olabilen Konsantre),6
TOCA SL (İMAL),"480 g/l Bentazone + 22,4 g/l Imazamox",SL (Suda Çözünen Konsantre),6
LISTECO (İMAL),%30 Aminopyralid + %15 Florasulam,WG (Suda Dağılabilen Granül),6
EFDAL DOKARB (İMAL),%12 Dithianon + %4 Pyraclostrobin,WG (Suda Dağılabilen Granül),6
EFDAL KAMP 320 SC (İMAL),200 g/l Tebuconazole + 120 g/l Azoxystrobin,SC (Akıcı Konsantre/Süspansiyon Konsantre),6
EFDAL CEXAN (İMAL),"65,82 g/l Metalik bakıra eşdeğer bakır sülfat",SC (Akıcı Konsantre/Süspansiyon Konsantre),6
SAFA ALEGRIA SC (İMAL),106 g/l Indoxacarb+53 g/l Emamectin benzoate,SC (Akıcı Konsantre/Süspansiyon Konsantre),6
LOTUS BORDO 20 WP (İMAL),%20 Metalik bakıra eşdeğer bordo bulamacı,WP (Bordo Bulamacı) (Islanabilir Toz),6
LYDIA (İMAL),240 g/l Isoxaflutole +240 g/l Cyprosulfamide (safener),SC (Akıcı Konsantre/Süspansiyon Konsantre),6
RIGHTCALL (İMAL),40 g/l Imazamox,SL (Suda Çözünen Konsantre),6
FRS KUTUP (İMAL),400 g/l Buprofezin,SC (Akıcı Konsantre/Süspansiyon Konsantre),6
OCTANE 480 EC (İMAL),480 g/l Clomazone,EC (Emülsiye Olabilen Konsantre),6
CONCENCUS (İMAL),%10 Acetamiprid + %3 Lambda-cyhalothrin,WG (Suda Dağılabilen Granül),6
ETOGARD (İMAL),220 g/l Etoxazole + 72 g/l Abamectin,CS (Kapsül Süspansiyon),6
MAJESTENE (İTHAL),"954,05 g/l Burkholderia rinojensis strain A396",SC (Akıcı Konsantre/Süspansiyon Konsantre),6
MENTA NOCTURN (İMAL),480 g/l Diflubenzuron,SC (Akıcı Konsantre/Süspansiyon Konsantre),6
MESUSA (İMAL),"%39,75 Metalik bakıra eşdeğer bakır oksiklorid + %4,2 Cymoxanil",WG (Suda Dağılabilen Granül),6
APHTON 480 EC (İMAL),480 g/l Clomazone,EC (Emülsiye Olabilen Konsantre),6
KARPLAN 20 SP (İMAL),%20 Acetamiprid,SP (Suda Çözünen Toz),6
ABRECK-P (İMAL),270 g/l Terbuthylazine + 64 g/l Pendimethalin,SE (Suspo-Emülsiyon),6
KOSMOS 700 SC (İTHAL),700 g/l Metamitron,SC (Akıcı Konsantre/Süspansiyon Konsantre),6
VENDEX (İTHAL),350 g/l Metamitron + 150 g/l Ethofumesate,SC (Akıcı Konsantre/Süspansiyon Konsantre),6
ACAMOS 600 SC (İTHAL),600 g/l Metobromuron,SC (Akıcı Konsantre/Süspansiyon Konsantre),6
OPTIMEC SC (İMAL),480 g/l Mesotrione,SC (Akıcı Konsantre/Süspansiyon Konsantre),6
VOLLANT-P (İMAL),350 g/l Metamitron + 150 g/l Ethofumesate,SC (Akıcı Konsantre/Süspansiyon Konsantre),6
STOPMATE (İTHAL),"65 mg ((E,Z,Z)-3,8,11-Tetradecatrien-1-yl acetate+(E,Z)-3,8-Tetradecadien-1-yl acetate)",--- (-),6
SUNPROX 100 EC (İMAL),100 g/l Pyriproxyfen,EC (Emülsiye Olabilen Konsantre),6
MAKMİRAL 100 EC (İMAL),100 g/l Pyriproxyfen,EC (Emülsiye Olabilen Konsantre),6
CARLİTA 100 SC (İMAL),100 g/l Spirotetramat,SC (Akıcı Konsantre/Süspansiyon Konsantre),6
STROBICURE 250 SC (İTHAL),250 g/l Azoxystrobin,SC (Akıcı Konsantre/Süspansiyon Konsantre),6
CISAMIN 50 WP (İMAL),%50 Cymoxanil,WP (Islanabilir Toz),6
EPİTAP (İMAL),200 g/l Diquat dibromide,SL (Suda Çözünen Konsantre),6
PASSECT 30 WG (İMAL),%30 Indoxacarb,WG (Suda Dağılabilen Granül),6
STRİKE 5 SG (İMAL),%5 Emamectin benzoate,SG (Suda Çözünen Granül),6
KARLAMBDA 5 EC (İMAL),50 g/l Lambda-cyhalothrin,EC (Emülsiye Olabilen Konsantre),6
POSLİSS SC (İMAL),200 g/l Boscalid + 100 g/l Kresoxim-methyl,SC (Akıcı Konsantre/Süspansiyon Konsantre),6
CANSTENG SE (İMAL),"452,42 g/l 2,4-D 2-Ethylhexyl ester + 6,25 g/l Florasulam",SE (Suspo-Emülsiyon),6
HEKTAŞ BARRİER® 35 WG (İMAL),%35 Metalaxyl,WG (Suda Dağılabilen Granül),6
TRILOGY (İMAL),480 g/l Prothioconazole,SC (Akıcı Konsantre/Süspansiyon Konsantre),6
BANJO® 500 SC (İTHAL),500 g/l Fluazinam,SC (Akıcı Konsantre/Süspansiyon Konsantre),6
EUROSMART® 80 WG (İTHAL),%80 Fosetyl-Al,WG (Suda Dağılabilen Granül),6
LUMISENA® (İTHAL),200 g/L Oxathiapiprolin,FS (Tohum İlaçlaması İçin Akıcı Konsantre),6
SCRIBE (İTHAL),"100 g/l 2,4-D asite eşdeğer dimethyl amin tuzu",SL (Suda Çözünen Konsantre),6
HEKTAŞ HATTRİCK (İMAL),150 g/l Quinclorac + 60 g/l Clomazone,OD (Yağda Dağılabilen),6
CANENGER 600 SC (İMAL),600 g/l Aclonifen,SC (Akıcı Konsantre/Süspansiyon Konsantre),6
PROZEE 40 WG (İTHAL),%40 Metalik bakıra eşdeğer bakır hidroksit,WG (Suda Dağılabilen Granül),6
HEKTAŞ BİAS (İMAL),120 g/l Indoxaxarb + 12 g/l Beta-cyfluthrin,SC (Akıcı Konsantre/Süspansiyon Konsantre),6
RENGAR TABLET (İTHAL),%56 Aluminium phosphide,DT (Direkt Uygulama İçin Tablet),6
SHOSHI (İTHAL),%10 hexythiazox,WP (Islanabilir Toz),6
CALLAS (İMAL),100 g/l Clopyralid,SL (Suda Çözünen Konsantre),6
GILAMUS (İMAL),350 g/l Metamitron + 150 g/l Ethofumesate,SC (Akıcı Konsantre/Süspansiyon Konsantre),6
PLOOMER (İMAL),360 g/l Glyphosate asite eşdeğer Glyphosate Isopropylamin Tuzu + 30 g/l Oxyfluorfen,SC (Akıcı Konsantre/Süspansiyon Konsantre),6
PLUSER 48 SL (İMAL),480 g/l Bentazone,SL (Suda Çözünen Konsantre),6
ORDER 75 WP (İMAL),%75 Cyromazine,WP (Islanabilir Toz),6
RASİNOS (İMAL),400 g/l Cyazofamid,SC (Akıcı Konsantre/Süspansiyon Konsantre),6
EFDAL RANBOV (İMAL),150 g/l Cyprodinil + 100 g/l Fludioxonil,SC (Akıcı Konsantre/Süspansiyon Konsantre),6
CARVALLO 450 CS (İTHAL),450 g/l Pendimethalin,CS (Kapsül Süspansiyon),6
MITEUS 200 SC (İMAL),200 g/l Diflovidazin,SC (Akıcı Konsantre/Süspansiyon Konsantre),6
ACARTINA 200 SC (İMAL),200 g/l Diflovidazin,SC (Akıcı Konsantre/Süspansiyon Konsantre),6
EFDAL OKSANİL WG (İMAL),"%30 Cymoxanil + %22,5 Famoxadone",WG (Suda Dağılabilen Granül),6
ASTRADYN 125 FS (İMAL),"75 g/l Azoxystrobin + 37,5 g/l Metalaxyl-m + 12,5 g/l Fludioxonil",FS (Tohum İlaçlaması İçin Akıcı Konsantre),6
BARCAROLL (İMAL),200 g/l Boscalid + 100 g/l Kresoxim-methyl,SC (Akıcı Konsantre/Süspansiyon Konsantre),6
TUTOR 500 SC (İTHAL),400 g/L Pyrimethanil+100 g/L Fludioxonil,SC (Akıcı Konsantre/Süspansiyon Konsantre),6
LINNER WG (İMAL),%30 Aminopyralid + %15 Florasulam,WG (Suda Dağılabilen Granül),6
DECLEON WG (İMAL),%50 Thifensulfuron-methyl + %25 Tribenuron-methyl,WG (Suda Dağılabilen Granül),6
NİRUMEND CS (İMAL),18 g/l Abamectin,CS (Kapsül Süspansiyon),6
MAKOM 10 SC (İMAL),110 g/l Etoxazole,SC (Akıcı Konsantre/Süspansiyon Konsantre),6
MAKMEC 1.8 EC (İMAL),18 g/l Abamectin,EC (Emülsiye Olabilen Konsantre),6
ONWAY 480 SC (İTHAL),480 g/l Spinosad,SC (Akıcı Konsantre/Süspansiyon Konsantre),6
BKS OLIVE GUARD (İTHAL),"Ammonium carbonate (99.6%) 1,7-Dioxaspiro (5,5) undecane (0.04%)+Karton Tuzak",--- (-),6
BKS APPLE GUARD (İTHAL),"(E,E)-Trans-8,10-Dodecadien-1ol+Delta Tuzak",--- (-),6
GAMBOS 50 WP (İMAL),%50 Phosmet,WP (Islanabilir Toz),6
EFDAL DEVİR (İMAL),75 g/l Mesotrione + 30 g/l Nicosulfuron,OD (Yağda Dağılabilen),6
SHACKAST 450 CS (İTHAL),450 g/l Pendimethalin,CS (Kapsül Süspansiyon),6
KINGMAN (İMAL),330 g/l Pendimethalin + 268 g/l S-metolachlor,EC (Emülsiye Olabilen Konsantre),6
STOPTECH (İMAL),100 g/l Spirotetramat,SC (Akıcı Konsantre/Süspansiyon Konsantre),6
TEBİCUR FS 120 (İMAL),120 g/l Tebuconazole,FS (Tohum İlaçlaması İçin Akıcı Konsantre),6
EFDAL MYCLO (İMAL),100 g/l Spirotetramat,SC (Akıcı Konsantre/Süspansiyon Konsantre),6
EFDAL İMAZUİT (İMAL),240 g/l Metaflumizone,SC (Akıcı Konsantre/Süspansiyon Konsantre),6
EFDAL CYCNET 250 WG (İMAL),%25 Spinetoram,WG (Suda Dağılabilen Granül),6
MADKİNG 20 SL (İMAL),200 g/l Acetamiprid,SL (Suda Çözünen Konsantre),6
PİVOTAL (İMAL),45 g/l Pinoxaden + 20 g/l Cloquintocet-mexyl (safener),EC (Emülsiye Olabilen Konsantre),6
VISHNU WG (İMAL),%50 Metalik bakıra eşdeğer bakır hidroksit,WG (Suda Dağılabilen Granül),6
JUDWA 5 EC (İMAL),50 g/l Lambda-cyhalothrin,EC (Emülsiye Olabilen Konsantre),6
CANLATİON 65 EC (İMAL),650 g/l Malathion,EC (Emülsiye Olabilen Konsantre),6
METAVAP (İTHAL),240 g/l Metaflumizone,SC (Akıcı Konsantre/Süspansiyon Konsantre),6
KİLİMANJARO 20 WG (İMAL),%20 Flubendiamide,WG (Suda Dağılabilen Granül),6
ASTHION 320 SC (İMAL),200 g/l Tebuconazole + 120 g/l Azoxystrobin,SC (Akıcı Konsantre/Süspansiyon Konsantre),6
EFDAL MORİMOL (İMAL),240 g/l Isoxaflutole +240 g/l Cyprosulfamide (safener),SC (Akıcı Konsantre/Süspansiyon Konsantre),6
FOLİD EC 880 (İMAL),800 g/l Prosulfocarb + 80 g/l Metribuzin,EC (Emülsiye Olabilen Konsantre),6
SAVORA (İTHAL),"300 g/l Pethoxamid + 187,5 g/l Terbuthylazine",SE (Suspo-Emülsiyon),6
KİBELE 490 SC (İMAL),400 g/l Metamitron + 55 g/l Ethofumesate + 35 g/l Phenmedipham,SC (Akıcı Konsantre/Süspansiyon Konsantre),6
SAFA TRAX (İMAL),296 g/l Azoxystrobin + 218 g/l Flutriafol,SC (Akıcı Konsantre/Süspansiyon Konsantre),6
NESTA (İMAL),250 g/l Quinclorac,SC (Akıcı Konsantre/Süspansiyon Konsantre),6
OXIDION SF (İMAL),200 g/l Imazamox + 200 g/l Quizalofop-p-ethyl,SC (Akıcı Konsantre/Süspansiyon Konsantre),6
ORONDIS (İTHAL),155 g/l Azoxystrobin + 15 g/l Oxathiapiprolin,SC (Akıcı Konsantre/Süspansiyon Konsantre),6
CLERAVO (İTHAL),250 g/l Quinmerac + 35 g/l Imazamox,SC (Akıcı Konsantre/Süspansiyon Konsantre),6
GAYDER 108 EC (İMAL),108 g/l Haloxyfop-P-methyl ester,EC (Emülsiye Olabilen Konsantre),6
REDSUNNY PENTA CS (İMAL),50 g/l Lambda-cyhalothrin,CS (Kapsül Süspansiyon),6
ESPEJO 400 SC (İTHAL),200 g/l Ethofumesate + 200 g/l Phenmedipham,SC (Akıcı Konsantre/Süspansiyon Konsantre),6
REDSHIELD (İTHAL),%75 Metalik bakıra eşdeğer bakır oksit,WG (Suda Dağılabilen Granül),6
GURLAN SC 400 (İMAL),200 g/l Fluopyram + 200 g/l Tebuconazole,SC (Akıcı Konsantre/Süspansiyon Konsantre),6
ZOYTO (İMAL),150 g/l Prochloraz + 42 g/l Epoxiconazole,DC (Disperse Olabilen Konsantre),6
ALNURFO 20 WP (İMAL),%20 Pyridaben,WP (Islanabilir Toz),6
NO-PANİC (İMAL),110 g/l Etoxazole,SC (Akıcı Konsantre/Süspansiyon Konsantre),6
DARDENIA WG (İMAL),%50 Flonicamid,WG (Suda Dağılabilen Granül),6
EFDAL BAROX (İMAL),%50 Metalik bakıra eşdeğer bakır hidroksit,WG (Suda Dağılabilen Granül),6
EFDAL BAROX 2F (İMAL),"361,1 g/l Metalik bakıra eşdeğer bakır hidroksit",SC (Akıcı Konsantre/Süspansiyon Konsantre),6
SELLERS 250 WG (İMAL),%25 Spinetoram,WG (Suda Dağılabilen Granül),6
TROPPO (İMAL),500 g/l Clofentezine,SC (Akıcı Konsantre/Süspansiyon Konsantre),6
GRAHAM 50 SC (İTHAL),50 g/l Florasulam,SC (Akıcı Konsantre/Süspansiyon Konsantre),6
MIZUKI (İTHAL),"10,6 g/l Pyraflufen-ethyl",EC (Emülsiye Olabilen Konsantre),6
ENTOLAM (İMAL),50 g/l Lambda-cyhalothrin,CS (Kapsül Süspansiyon),6
ASTRAXONİL (İMAL),45 g/l Pinoxaden + 20 g/l Cloquintocet-mexyl (safener),EC (Emülsiye Olabilen Konsantre),6
DELMORE 500 SC (İMAL),350 g/l Metamitron + 150 g/l Ethofumesate,SC (Akıcı Konsantre/Süspansiyon Konsantre),6
ESQUI (İMAL),500 g/l Fluometuron,SC (Akıcı Konsantre/Süspansiyon Konsantre),6
BOUNCE 200 SL (İTHAL),200 g/l Glufosinate-ammonium tuzu,SL (Suda Çözünen Konsantre),6
MEKA 240 EC (İTHAL),240 g/l Clethodim,EC (Emülsiye Olabilen Konsantre),6
URUNGU CS (İMAL),480 g/l Clomazone,CS (Kapsül Süspansiyon),6
PRİMPLUS OPTİ 500 SC (İMAL),"312,5 g/l S-Metolachlor + 187,5 g/l Terbuthylazine",SC (Akıcı Konsantre/Süspansiyon Konsantre),6
RACON (İMAL),360 g/l Clomazone+ 150 g/l Pentoxazone,CS (Kapsül Süspansiyon),6
AGROFARM ENDE (İMAL),250 g/l Quinclorac,SC (Akıcı Konsantre/Süspansiyon Konsantre),6
MADUREZ 425 SC (İTHAL),400 g/l Chlorotoluron + 25 g/l Diflufenican,SC (Akıcı Konsantre/Süspansiyon Konsantre),6
BAYTAN 480 SL (İMAL),480 g/l Bentazone,SL (Suda Çözünen Konsantre),6
CANDOP 48 SL (İMAL),480 g/l Glyphosate Isopropylamin Tuzu,SL (Suda Çözünen Konsantre),6
CANMETRİN 100 EC (İMAL),100 g/l Alpha-cypermethrin,EC (Emülsiye Olabilen Konsantre),6
SIVENG EC 85 (İTHAL),75 g/l Flupyradifurone + 10 g/l Deltamethrin,EC (Emülsiye Olabilen Konsantre),6
PRIDOR 5 SG (İMAL),%5 Emamectin benzoate,SG (Suda Çözünen Granül),6
EFDAL ODİVİN 800 (İMAL),800 g/l Mineral Yağ,EC (Emülsiye Olabilen Konsantre),6
GRIVA 50 WG (İMAL),%50 Flonicamid,WG (Suda Dağılabilen Granül),6
EFDAL OVALON (İMAL),240 g/l Spiromesifen,SC (Akıcı Konsantre/Süspansiyon Konsantre),6
AVARS (İMAL),300 g/l Pentoxazone,SC (Akıcı Konsantre/Süspansiyon Konsantre),6
TURBOFER (İMAL),100 g/l Clopyralid,SL (Suda Çözünen Konsantre),6
ROPİR 5 SG (İTHAL),%5 Emamectin benzoate,SG (Suda Çözünen Granül),6
GLİSTER 75 WG (İTHAL),%75 Tribenuron-methyl,WG (Suda Dağılabilen Granül),6
TRIVOR (İTHAL),186 g/l Acetamiprid + 124 g/l Pyriproxyfen,DC (Disperse Olabilen Konsantre),6
QUICKPHOS BAG (İTHAL),%57 Aluminium phosphide,DP (Toz),6
KAVALA (İMAL),25 g/l Imazamox,SL (Suda Çözünen Konsantre),6
HELIANTHEX (İTHAL),"71,4 Halauxifen- methyl (68,5 g/l asit eşdeğer)",SC (Akıcı Konsantre/Süspansiyon Konsantre),6
XSARA (İTHAL),%15 Metalik Bakıra Eşdeğer Bakır Hidroksit + %15 Metalik Bakıra Eşdeğer Bakır Oksiklorid + %5 Benalaxyl - M,WG (Suda Dağılabilen Granül),6
CASCADA (İMAL),45 g/l Pinoxaden + 20 g/l Cloquintocet-mexyl (safener),EC (Emülsiye Olabilen Konsantre),6
NOVACUT (İMAL),"%39,75 Metalik bakıra eşdeğer bakır oksiklorid + %4,2 Cymoxanil",WG (Suda Dağılabilen Granül),6
LONDKRAL (İMAL),30 g/l Mesosulfuron-methyl + 90 g/l Mefenpyr-diethyl (safener),OD (Yağda Dağılabilen),6
SAFA ALERT WG (İMAL),"%3 Mesosulfuron-methyl + %0,6 Iodosulfuron-methyl sodium + %9 Mefenpeyr-diethyl (safener)",WG (Suda Dağılabilen Granül),6
SAFA OMEGA OD (İMAL),30 g/l Mesosulfuron-methyl + 90 g/l Mefenpyr-diethyl (safener),OD (Yağda Dağılabilen),6
ASBORDO (İMAL),%20 Metalik bakıra eşdeğer bordo bulamacı,WP (Bordo Bulamacı) (Islanabilir Toz),6
MUZZLE 50 WP (İMAL),%50 Cymoxanil,WP (Islanabilir Toz),6
SANTAMİTE (İMAL),240 g/l Spiromesifen,SC (Akıcı Konsantre/Süspansiyon Konsantre),6
HEKTAŞ BİSELADO (İMAL),360 g/l Glyphosate asite eşdeğer Glyphosate Isopropylamin Tuzu + 30 g/l Oxyfluorfen,SC (Akıcı Konsantre/Süspansiyon Konsantre),6
BAGIERA (İTHAL),"75 g/l Fluroxypyr- meptyl + 30 g/l Pinoxaden + 1,75 g/l Florasulam + 7,5 g/l Cloquintocet-mexyl (safener)",EC (Emülsiye Olabilen Konsantre),6
OLİMPİA (İMAL),240 g/l Spirodiclofen,SC (Akıcı Konsantre/Süspansiyon Konsantre),6
FREYA 240 SC (İMAL),240 g/l Bifenazate,SC (Akıcı Konsantre/Süspansiyon Konsantre),6
TELEPATHY EW (İMAL),360 g/l Glyphosate asite eşdeğer Glyphosate Isopropylamin Tuzu + 5 g/l Carfentrazone-ethyl,"EW (Emülsiyon, Suda Yağ)",6
CAYMAN (İTHAL),% 60 Tribenuron-methyl + % 20 Florasulam,WG (Suda Dağılabilen Granül),6
BARNEY 20 WP (İMAL),%20 Tebufenpyrad,WP (Islanabilir Toz),6
EXCEEDER (İMAL),"100 g/l Cyhalofop-butyl + 13,3 g/l Penoxsulam",OD (Yağda Dağılabilen),6
SİALL (İMAL),"100 g/l Cyhalofop-butyl + 13,3 g/l Penoxsulam",OD (Yağda Dağılabilen),6
UDIA (İTHAL),500 g/l Pretilachlor,EC (Emülsiye Olabilen Konsantre),6
PLASET 25 SC (İMAL),250 g/l Quinclorac,SC (Akıcı Konsantre/Süspansiyon Konsantre),6
KİNGAST (İMAL),"452,42 g/l 2,4-D 2-Ethylhexyl ester + 6,25 g/l Florasulam",SE (Suspo-Emülsiyon),6
FINZOFOL (İMAL),"452,42 g/l 2,4-D 2-Ethylhexyl ester + 6,25 g/l Florasulam",SE (Suspo-Emülsiyon),6
OLARİS (İMAL),450 g/l Pendimethalin,CS (Kapsül Süspansiyon),6
CANSTOMP 330 EC (İMAL),330 g/l Pendimethalin,EC (Emülsiye Olabilen Konsantre),6
COMPREMİS 5 EC (İMAL),50 g/l Quizalofop-p-ethyl,EC (Emülsiye Olabilen Konsantre),6
SEANCE (İMAL),200 g/l Cyhalofop-butyl + 100 g/l Quinclorac,SC (Akıcı Konsantre/Süspansiyon Konsantre),6
HEKTAŞ BORDO 20 WG (İMAL),%20 Metalik bakıra eşdeğer bordo bulamacı,WG (Bordo Bulamacı) (Suda Dağılabilen Granül),6
EFDAL ZAYS (İMAL),250 g/l Quinclorac,SC (Akıcı Konsantre/Süspansiyon Konsantre),6
HEKTAŞ ERATO (İMAL),250 g/l Quinclorac,SC (Akıcı Konsantre/Süspansiyon Konsantre),6
PEMENA (İMAL),100 g/l Pyriproxyfen,EC (Emülsiye Olabilen Konsantre),6
ROUTİNE 40 SC (İMAL),400 g/l Cyazofamid,SC (Akıcı Konsantre/Süspansiyon Konsantre),6
EFDAL GOLEYDİM (İMAL),"116,2 g/l Clethodim",EC (Emülsiye Olabilen Konsantre),6
ONYX 600 EC (İTHAL),600 g/l Pyridate,EC (Emülsiye Olabilen Konsantre),6
FLETT (İMAL),"%37,5 Cyprodinil + %25 Fludioxonil",WG (Suda Dağılabilen Granül),6
DEVAPLAN 200 SL (İMAL),200 g/l Acetamiprid,SL (Suda Çözünen Konsantre),6
CLOSER (İMAL),200 g/l Tebuconazole + 120 g/l Azoxystrobin,SC (Akıcı Konsantre/Süspansiyon Konsantre),6
CHANTI OF 120 (İMAL),30 g/l Mesosulfuron-methyl + 90 g/l Mefenpyr-diethyl (safener),OD (Yağda Dağılabilen),6
LAYOUT 40 OD (İTHAL),40 g/l Nicosulfuron,OD (Yağda Dağılabilen),6
FLAGFİN (İMAL),%25 Rimsulfuron,SG (Suda Çözünen Granül),6
PARKUR 75 WG (İMAL),"%7,5 Pyroxsulam + %7,5 Cloquintocet-mexyl (safener)",WG (Suda Dağılabilen Granül),6
VELOMAX (İMAL),75 g/l Mesotrione + 30 g/l Nicosulfuron,OD (Yağda Dağılabilen),6
SOLFOBLUS EC (İMAL),300 g/l S-Metolachlor + 200 g/l Pendimethalin + 45 g/l Benoxacor (safener)),EC (Emülsiye Olabilen Konsantre),6
BELEGORSK 75 DF (İMAL),%75 Tribenuron-methyl,WG (Suda Dağılabilen Granül),6
DELAN SC (İTHAL),500 g/l Dithianon,SC (Akıcı Konsantre/Süspansiyon Konsantre),6
BALENDIN (İTHAL),24 g/l Difenoconazole + 24 g/l Fludioxonil,FS (Tohum İlaçlaması İçin Akıcı Konsantre),6
COBBLER (İMAL),500 g/l Fluometuron,SC (Akıcı Konsantre/Süspansiyon Konsantre),6
KALUGA (İMAL),200 g/l Aclonifen + 40 g/l Imazamox,DC (Disperse Olabilen Konsantre),6
LUMINO 700 SC (İTHAL),700 g/l Kükürt,SC (Akıcı Konsantre/Süspansiyon Konsantre),6
ASTRALOT 250 (İMAL),250 g/l Flutriafol,SC (Akıcı Konsantre/Süspansiyon Konsantre),6
BENİFİLİN EC (İMAL),180 g/l Benfluralin,EC (Emülsiye Olabilen Konsantre),6
FRS WINCESTER (İMAL),200 g/l Azoxystrobin + 125 g/l Difenoconazole,SC (Akıcı Konsantre/Süspansiyon Konsantre),6
COSAVET SC (İMAL),700 g/l Kükürt,SC (Akıcı Konsantre/Süspansiyon Konsantre),6
CALENDULA (İMAL),"%30 Cymoxanil + %22,5 Famoxadone",WG (Suda Dağılabilen Granül),6
SAFA QUMETRAXX (İMAL),"%45,6 Cymoxanil + %15 Trifloxystrobin",WG (Suda Dağılabilen Granül),6
RİNGER (İMAL),%55 Metiram + %5 Pyraclostrobin,WG (Suda Dağılabilen Granül),6
TAGULA (İMAL),75 g/l Mesotrione + 30 g/l Nicosulfuron,OD (Yağda Dağılabilen),6
MAKAIO (İTHAL),%30 Fluazinam+ %20 Cymoxanil,WG (Suda Dağılabilen Granül),6
BALDRICK (İTHAL),% 34 Quinclorac + %2 Bensulfuron-methyl,WP (Islanabilir Toz),6
HEKTAŞ GREDİ (İMAL),%50 Flonicamid,WG (Suda Dağılabilen Granül),6
RİMOT 25 WG (İTHAL),%25 Rimsulfuron,WG (Suda Dağılabilen Granül),6
VOLARİNEX (İMAL),360 g/l Glyphosate asite eşdeğer Glyphosate Isopropylamin Tuzu + 30 g/l Oxyfluorfen,SC (Akıcı Konsantre/Süspansiyon Konsantre),6
ROPY WG (İMAL),%12 Dithianon + %4 Pyraclostrobin,WG (Suda Dağılabilen Granül),6
ESTRELLA 500 SC (İTHAL),500 g/l Ethofumesate,SC (Akıcı Konsantre/Süspansiyon Konsantre),6
OTOBUR (İMAL),240 g/l Isoxaflutole +240 g/l Cyprosulfamide (safener),SC (Akıcı Konsantre/Süspansiyon Konsantre),6
EFDAL TAXİM (İMAL),25 g/l Fludioxonil + 10 g/l Metalaxyl-m,FS (Tohum İlaçlaması İçin Akıcı Konsantre),6
LAİOS (İMAL),250 g/l Bentazone + 125 g/l MCPA,SL (Suda Çözünen Konsantre),6
EXTANG (İMAL),720 g/l Ethephon,SL (Suda Çözünen Konsantre),6
WANKAİ (İMAL),10 g/l Gibberellin A4/A7,SL (Suda Çözünen Konsantre),6
OTÖR 400 OD (İMAL),400 g/l Quinclorac,OD (Yağda Dağılabilen),6
EDGAR® (İMAL),%50 Cymoxanil,WP (Islanabilir Toz),6
HEKTAŞ HORA (İMAL),30 g/l Mesosulfuron-methyl + 90 g/l Mefenpyr-diethyl (safener),OD (Yağda Dağılabilen),6
HEKTAŞ SPICA (İMAL),400 g/l Propyzamide,SC (Akıcı Konsantre/Süspansiyon Konsantre),6
JARGON 240 EC (İMAL),240 g/l Clethodim,EC (Emülsiye Olabilen Konsantre),6
PORCEL 10 EC (İTHAL),100 g/l Pyriproxyfen,EC (Emülsiye Olabilen Konsantre),6
HARDALEX (İMAL),500 g/l MCPA + 200 g/l Clopyralid,SL (Suda Çözünen Konsantre),6
PRINSERON 750 SG (İTHAL),%60 Dicamba + %15 Nicosulfuron,SG (Suda Çözünen Granül),6
MAXCEL (İTHAL),20 g/l 6-Benzyladenine,SL (Suda Çözünen Konsantre),6
ALLIANCE (İTHAL),%60 Diflufenican + %6 Metsulfuron-methyl,WG (Suda Dağılabilen Granül),6
MOFITO (İMAL),100 g/l Spirotetramat,SC (Akıcı Konsantre/Süspansiyon Konsantre),6
SPİNFARM 240 SC (İMAL),240 g/l Spinosad,SC (Akıcı Konsantre/Süspansiyon Konsantre),6
VIENTO (İTHAL),500 g/l Diflufenican + 50 g/l Florasulam,SC (Akıcı Konsantre/Süspansiyon Konsantre),6
NOVENSOL SC 100 (İMAL),100 g/l Spirotetramat,SC (Akıcı Konsantre/Süspansiyon Konsantre),6
MUREF CS 300 (İTHAL),300 g/l Spiroxamine,CS (Kapsül Süspansiyon),6
KARACHAI (İMAL),%20 Flubendiamide,WG (Suda Dağılabilen Granül),6
CORİST® (İMAL),245 g/l Myclobutanil,EC (Emülsiye Olabilen Konsantre),6
CHARISMA 80 WG (İTHAL),%80 Kükürt,WG (Suda Dağılabilen Granül),6
PRANDE (İMAL),"%30 Cymoxanil + %22,5 Famoxadone",WG (Suda Dağılabilen Granül),6
EFDAL CİPAZ (İMAL),%50 Flonicamid,WG (Suda Dağılabilen Granül),6
TETRAMET (İMAL),%20 Flubendiamide,WG (Suda Dağılabilen Granül),6
GRABUS (İTHAL),"30 g/l Clodinafop-propargyl + 7,5 g/l Florasulam + 30 g/l Pinoxaden + 7,5 Cloquintocet-mexyl (Safener)",EC (Emülsiye Olabilen Konsantre),6
POLİ-M 240 EC (İMAL),240 g/l Clethodim,EC (Emülsiye Olabilen Konsantre),6
EFDAL GRANADA CS (İTHAL),450 g/l Pendimethalin,CS (Kapsül Süspansiyon),6
TASK (İTHAL),150 g/l Indoxacarb,OD (Yağda Dağılabilen),6
AMAROK 565 SC (İTHAL),525 g/l Metamitron + 40 g/l Quinmerac,SC (Akıcı Konsantre/Süspansiyon Konsantre),6
FRS DEHAM (İMAL),%50 Captan,WP (Islanabilir Toz),6
PRIVEST® SC (İTHAL),300 g/LPhosphorous Acid (mono ve di-potasyum tuzları) + 75 g/L Ametoctradin,SC (Akıcı Konsantre/Süspansiyon Konsantre),6
DELİGENTA (İMAL),%50 Dicamba + %25 Tritosulfuron,WG (Suda Dağılabilen Granül),6
POMER EC (İMAL),250 g/l Flurochloridone,EC (Emülsiye Olabilen Konsantre),6
KEZURO (İTHAL),571 g/l Metamitron + 71 g/l Quinmerac,SC (Akıcı Konsantre/Süspansiyon Konsantre),6
FRATH (İMAL),"480 g/l Bentazone + 22,4 g/l Imazamox",SL (Suda Çözünen Konsantre),6
SHOT TABLET (İTHAL),%56 Aluminium phosphide,DT (Direkt Uygulama İçin Tablet),6
LATİS® (İMAL),100 g/l Azoxystrobin + 80 g/l Tetraconazole,SE (Suspo-Emülsiyon),6
SNOTRA 240 EC (İMAL),240 g/l Oxyfluorfen,EC (Emülsiye Olabilen Konsantre),6
DEMORA (İTHAL),50 g/l Imazamox,SL (Suda Çözünen Konsantre),6
FULLYBUT 600 (İMAL),600 g/l Aclonifen,SC (Akıcı Konsantre/Süspansiyon Konsantre),6
LOVER SE (İMAL),"375 g/l S-Metolachlor + 125 g/l Terbuthylazine + 37,5 g/l Mesotrione",SE (Suspo-Emülsiyon),6
SMEGO (İMAL),360 g/l Hymexazole,SL (Suda Çözünen Konsantre),6
NEOCAM (İMAL),200 g/l Fluopyram + 200 g/l Tebuconazole,SC (Akıcı Konsantre/Süspansiyon Konsantre),6
VOLTAGE (İMAL),200 g/l Diquat dibromide,SL (Suda Çözünen Konsantre),6
SAMBUKA (İMAL),50 g/l Quizalofop-p-ethyl,EC (Emülsiye Olabilen Konsantre),6
PROMETEY EC (İTHAL),40 g/l Quizalofop-p-tefuryl,EC (Emülsiye Olabilen Konsantre),6
SALTUS 80 SL (İTHAL),80 g/l Imazamox,SL (Suda Çözünen Konsantre),6
BURBON (İMAL),"37,5 g/l Mesotrione + 15 g/l Nicosulfuron",OD (Yağda Dağılabilen),6
PROSPEK (İMAL),"%26,7 Boscalid + %6,7 Pyraclostrobin",WG (Suda Dağılabilen Granül),6
AXION (İMAL),%50 Flonicamid,SG (Suda Çözünen Granül),6
Ninjut 5 EC (İMAL),50 g/l Lambda-cyhalothrin,EC (Emülsiye Olabilen Konsantre),6
ECOSAV-M1 (İMAL),Sarı (585-595 nm)+Mavi (455-470 nm) UV Işıklı Tuzak,--- (-),6
TALOS SC (İMAL),200 g/l Boscalid + 100 g/l Kresoxim-methyl,SC (Akıcı Konsantre/Süspansiyon Konsantre),6
ECOSAV-D1 (İMAL),385-405 nm UV Işıklı Tuzak,--- (-),6
ASTCENG 600 SC (İMAL),600 g/l Aclonifen,SC (Akıcı Konsantre/Süspansiyon Konsantre),6
HOLDOWN (İTHAL),307 g/l Pendimethalin + 129 g/l Clomazone,CS (Kapsül Süspansiyon),6
VIVALDI 687.5 SC (İMAL),"625 g/l Propamocarb-hydrochloride + 62,5 g/l Fluopicolide",SC (Akıcı Konsantre/Süspansiyon Konsantre),6
BRUMBY 80 EC (İTHAL),80 g/l Clodinafop-propargyl + 20 g/l Cloquintocet-mexyl (Safener),EC (Emülsiye Olabilen Konsantre),6
VALUNETTE® (İMAL),400 g/l Phosphorous Acid (mono ve di-potasyum tuzları),SL (Suda Çözünen Konsantre),6
PERRY (İMAL),"25,2 g/l Penoxsulam",OD (Yağda Dağılabilen),6
AXDOR (İMAL),200 g/l Cyhalofop-butyl,EC (Emülsiye Olabilen Konsantre),6
SAFA TRUST-P (İMAL),270 g/l Terbuthylazine + 64 g/l Pendimethalin,SE (Suspo-Emülsiyon),6
SIVANTO SL 200 (İTHAL),200 g/l Flupyradifurone,SL (Suda Çözünen Konsantre),6
FITOMAG (İTHAL),% 3.0 1-Methylcyclopropene,VP (Gaz Neşreden İlaç),6
ECONEEM (İMAL),10 g/l Azadirachtin A,EC (Emülsiye Olabilen Konsantre),6
TARANG (İTHAL),140 g/l Glufosinate-ammonium + 50 g/l Oxyfluorfen,"EW (Emülsiyon, Suda Yağ)",6
COSWEL 250 WG (İTHAL),% 25 Flazasulfuron,WG (Suda Dağılabilen Granül),6
PIGALLUS® (İMAL),200 g/l Azoxystrobin + 125 g/l Difenoconazole,SC (Akıcı Konsantre/Süspansiyon Konsantre),6
ALDEID® (İMAL),200 g/l Azoxystrobin + 125 g/l Difenoconazole,SC (Akıcı Konsantre/Süspansiyon Konsantre),6
NEOZİN 25 EC (İTHAL),25 g/l Beta-cyfluthrin,EC (Emülsiye Olabilen Konsantre),6
GALERON® 600 (İMAL),600 g/l Phosphorous Acid (mono ve di-potasyum tuzları),SL (Suda Çözünen Konsantre),6
KAMPOS (İMAL),%80 Fosetyl-Al,WG (Suda Dağılabilen Granül),6
IRICOL (İMAL),%50 Tebuconazole + %25 Trifloxystrobin,WG (Suda Dağılabilen Granül),6
FOXTON (İTHAL),282 g/l Thiophanate-methyl + 56 g/l Pyraclostrobin,SC (Akıcı Konsantre/Süspansiyon Konsantre),6
TRINICA (İTHAL),250 g/l lambda cyhalothrin,CS (Kapsül Süspansiyon),6
EFDAL FUNRAM (İMAL),250 g/l Flurochloridone,EC (Emülsiye Olabilen Konsantre),6
CHEMSTER 435 EC (İMAL),435 g/l Pendimethalin,EC (Emülsiye Olabilen Konsantre),6
VARUS 250 EC (İMAL),250 g/l Flurochloridone,EC (Emülsiye Olabilen Konsantre),6
SPIRIDOR 240 (İMAL),240 g/l Spirodiclofen,SC (Akıcı Konsantre/Süspansiyon Konsantre),6
DE COMPANA (İMAL),"480 g/l Bentazone + 22,4 g/l Imazamox",SL (Suda Çözünen Konsantre),6
MONTEROSSO EC (İMAL),960 g/l S-Metolachlor,EC (Emülsiye Olabilen Konsantre),6
QUARS 325 SC (İMAL),200 g/l Azoxystrobin + 125 g/l Difenoconazole,SC (Akıcı Konsantre/Süspansiyon Konsantre),6
ADVENA (İMAL),%50 Kresoxim-methyl,WG (Suda Dağılabilen Granül),6
NİNBO (İMAL),"%57 Metiram + %4,8 Cymoxanil",WG (Suda Dağılabilen Granül),6
COVELİN SC (İMAL),200 g/l Azoxystrobin + 125 g/l Difenoconazole,SC (Akıcı Konsantre/Süspansiyon Konsantre),6
TERRAX (İTHAL),"45 g/l Pinoxaden + 5 g/l Florasulam + 11,25 g/l Cloquintocet-mexyl (safener)",EC (Emülsiye Olabilen Konsantre),6
YUNİKA EC (İTHAL),"100 g/l Fluroxypyr + 2,5 g/l Florasulam",EC (Emülsiye Olabilen Konsantre),6
LEONER (İMAL),100 g/l Clopyralid,SL (Suda Çözünen Konsantre),6
FEATURE 50 WG (İTHAL),%50 Trifloxystrobin,WG (Suda Dağılabilen Granül),6
BANİSTER 75 WG (İTHAL),%75 Tribenuron-methyl,WG (Suda Dağılabilen Granül),6
FRS KUGA 5 EC (İMAL),50 g/l Quizalofop-p-ethyl,EC (Emülsiye Olabilen Konsantre),6
GRAMS WG (İMAL),%75 Tribenuron-methyl,WG (Suda Dağılabilen Granül),6
FONDET 240 E (İMAL),240 g/l Oxyfluorfen,EC (Emülsiye Olabilen Konsantre),6
EFDAL IMPULS EC 460 (İMAL),300 g/l Spiroxamine + 160 g/l Prothioconazole,EC (Emülsiye Olabilen Konsantre),6
STOMP AQUA (İTHAL),455 g/l Pendimethalin,CS (Kapsül Süspansiyon),6
ZAZOLRAN (İMAL),110 g/l Etoxazole,SC (Akıcı Konsantre/Süspansiyon Konsantre),6
ABAGARD (İMAL),180 g/l Abamectin,DC (Disperse Olabilen Konsantre),6
HUYSUZ EC (İMAL),"116,2 g/l Clethodim",EC (Emülsiye Olabilen Konsantre),6
CARTEL 45 EC (İMAL),45 g/l Pinoxaden + 20 g/l Cloquintocet-mexyl (safener),EC (Emülsiye Olabilen Konsantre),6
PONTWELL (İMAL),%50 Trifloxystrobin,WG (Suda Dağılabilen Granül),6
PABLO (İMAL),250 g/l Quinclorac,SC (Akıcı Konsantre/Süspansiyon Konsantre),6
SONTRANE EC (İTHAL),250 g/l Metribuzin,EC (Emülsiye Olabilen Konsantre),6
ZONEBORNE (İMAL),250 g/l Flurochloridone,EC (Emülsiye Olabilen Konsantre),6
BOREAS (İMAL),40 g/l Imazamox,SL (Suda Çözünen Konsantre),6
SPEED (İMAL),800 g/l Mineral Yağ,EC (Emülsiye Olabilen Konsantre),6
RASMY 20 WP (İMAL),%20 Pyridaben,WP (Islanabilir Toz),6
FRS RAMPAR FS 060 (İMAL),60 g/l Tebuconazole,FS (Tohum İlaçlaması İçin Akıcı Konsantre),6
ASTİVO WG 75 (İMAL),%50 Tebuconazole + %25 Trifloxystrobin,WG (Suda Dağılabilen Granül),6
APPROVE (İMAL),%12 Dithianon + %4 Pyraclostrobin,WG (Suda Dağılabilen Granül),6
ZAZALA (İTHAL),"361,1 g/l Metalik bakıra eşdeğer bakır hidroksit",SC (Akıcı Konsantre/Süspansiyon Konsantre),6
"JARGON 116,2 EC (İMAL)","116,2 g/l Clethodim",EC (Emülsiye Olabilen Konsantre),6
STARK 100 SC (İMAL),100 g/l Spirotetramat,SC (Akıcı Konsantre/Süspansiyon Konsantre),6
CHAOS (İMAL),240 g/l Metaflumizone,SC (Akıcı Konsantre/Süspansiyon Konsantre),6
OREAD (İMAL),480 g/l Spinosad,SC (Akıcı Konsantre/Süspansiyon Konsantre),6
CHİNK 650 EC (İMAL),650 g/l Malathion,EC (Emülsiye Olabilen Konsantre),6
TERUYA 50 WG (İMAL),%50 Flonicamid,WG (Suda Dağılabilen Granül),6
FYTOSAVE (İTHAL),"12,5 g/l COS-OGA",SL (Suda Çözünen Konsantre),6
PRESIDIUM (İTHAL),180 g/l Dimethomorph + 180 g/l Zoxamide,SC (Akıcı Konsantre/Süspansiyon Konsantre),6
LASYA (İMAL),100 g/l Clopyralid,SL (Suda Çözünen Konsantre),6
VELIFER (İTHAL),Beauveria bassiana PPRI 5339 ırkı >8.0 x 10 üzeri 9 cfu/ml,OD (Yağda Dağılabilen),6
CAPRIS 65 EC (İMAL),650 g/l Malathion,EC (Emülsiye Olabilen Konsantre),6
PALMADOR 50 WP (İMAL),%50 Pirimicarb,WP (Islanabilir Toz),6
PLATINTONİK (İMAL),25 g/l Sodium s-Naphthaline Acetate + 3 g/l Sodium Para Nitrophenolate + 2 g/l Sodium Ortho Nitrophenolate + 1 g/l Sodium Penta Nitroguaiacolate,SL (Suda Çözünen Konsantre),6
PROSARO EC 250 (İMAL),125 g/l Prothioconazole + 125 g/l Tebuconazole,EC (Emülsiye Olabilen Konsantre),6
BARIA (İMAL),250 g/l Quinclorac,SC (Akıcı Konsantre/Süspansiyon Konsantre),6
"SİSMİC 537,5 SE (İMAL)","375 g/l S-Metolachlor + 125 g/l Terbuthylazine + 37,5 g/l Mesotrione + 18,5 g/l Benoxacor (Safener)",SE (Suspo-Emülsiyon),6
CUMMULA EC (İTHAL),"300 g/l 2,4-D EHE( 200 g/l 2,4-D asite eşdeğer) + 5 g/l Florasulam",EC (Emülsiye Olabilen Konsantre),6
GENAGRO BİOCURE 25 WP (İMAL),%25 Tebuconazole,WP (Islanabilir Toz),6
CULTAR 25 SC (İTHAL),250 g/l Paclobutrazol,SC (Akıcı Konsantre/Süspansiyon Konsantre),6
ART-GOL 5 EC (İMAL),50 g/l Lambda-cyhalothrin,EC (Emülsiye Olabilen Konsantre),6
KRINEA (İMAL),"26,5 g/l Pyraflufen ethyl",EC (Emülsiye Olabilen Konsantre),6
OPTISORUN EC (İMAL),240 g/l Clethodim,EC (Emülsiye Olabilen Konsantre),6
SİGMOON SE (İMAL),"85 g/l Pyraclostrobin + 62,5 g/l Epoxiconazole",SE (Suspo-Emülsiyon),6
OUTRİBUT (İMAL),"%6,75 Propoxycarbazone Sodium + %4,5 Mesosulfuron-methyl + %9 Mefenpyr-diethyl (safener)",WG (Suda Dağılabilen Granül),6
TAYGA (İMAL),50 g/l Quizalofop-p-ethyl,EC (Emülsiye Olabilen Konsantre),6
TELESTO (İMAL),100 g/l Clopyralid,SL (Suda Çözünen Konsantre),6
D-METHALİN 330 EC (İMAL),330 g/l Pendimethalin,EC (Emülsiye Olabilen Konsantre),6
SONCHUS (İMAL),915 g/l S-Metolachlor + 45 g/l Benoxacor (safener),EC (Emülsiye Olabilen Konsantre),6
UNIAGRO BLUE DROP SC (İMAL),124 g/l Metalik bakıra eşdeğer bordo bulamacı,SC (Akıcı Konsantre/Süspansiyon Konsantre),6
VİNENZA (İMAL),200 g/l Boscalid + 100 g/l Kresoxim-methyl,SC (Akıcı Konsantre/Süspansiyon Konsantre),6
SUNCUPRO 50 WP (İMAL),%50 Metalik bakıra eşdeğer bakır oksiklorid,WP (Islanabilir Toz),6
MEDAX TR (İTHAL),%7.5 Trinexapac-ethyl + %5 Prohexadione-calcium,WG (Suda Dağılabilen Granül),6
PREMİO ZOLFO 80 WG (İTHAL),%80 Kükürt,WG (Suda Dağılabilen Granül),6
BALAYA® (İTHAL),100 g/l Mefentrifluconazole + 100 g/l Pyraclostrobin,EC (Emülsiye Olabilen Konsantre),6
ELİSENO (İMAL),%50 Flonicamid,WG (Suda Dağılabilen Granül),6
ZEYMA OF 120 (İMAL),30 g/l Mesosulfuron-methyl + 90 g/l Mefenpyr-diethyl (safener),OD (Yağda Dağılabilen),6
CURCİO 50 WP (İMAL),%50 Metalik bakıra eşdeğer bakır oksiklorid,WP (Islanabilir Toz),6
FLORDIMEX (İMAL),480 g/l Ethephon,SL (Suda Çözünen Konsantre),6
SALGADO (İMAL),600 g/l Metribuzin,SC (Akıcı Konsantre/Süspansiyon Konsantre),6
CURATİO® (İMAL),%50 Cymoxanil,WP (Islanabilir Toz),6
EFDAL SİSTOKS (İMAL),%6 Metaldehyde,GB (Granül Yem),6
ASOPOS WG (İMAL),"%26,7 Boscalid + %6,7 Pyraclostrobin",WG (Suda Dağılabilen Granül),6
EVANDER (İMAL),%5 Emamectin benzoate,SG (Suda Çözünen Granül),6
HEKTAŞ SCRİPT (İMAL),700 g/l Mineral Yağ + 3 g/l Pyriproxyfen,SC (Akıcı Konsantre/Süspansiyon Konsantre),6
EFDAL KLORMET DC (İMAL),150 g/l Prochloraz + 42 g/l Epoxiconazole,DC (Disperse Olabilen Konsantre),6
EFDAL OXSİL (İMAL),"85 g/l Pyraclostrobin + 62,5 g/l Epoxiconazole",SE (Suspo-Emülsiyon),6
CRYSTAL 240 SC (İMAL),240 g/l Methoxyfenozide,SC (Akıcı Konsantre/Süspansiyon Konsantre),6
EFFORE 20 SL (İMAL),200 g/l Acetamiprid,SL (Suda Çözünen Konsantre),6
ISABELLA 20 SP (İMAL),%20 Acetamiprid,SP (Suda Çözünen Toz),6
LUSEN SC 500 (İTHAL),250 g/l Fluopyram+ 250 g/l Trifloxystrobin,SC (Akıcı Konsantre/Süspansiyon Konsantre),6
HALT SC (İMAL),250 g/l Glyphosate asite eşdeğer Glyphosate Isopropylamin Tuzu + 40 g/l Diflufenican,SC (Akıcı Konsantre/Süspansiyon Konsantre),6
HERBY OD 120 (İMAL),30 g/l Mesosulfuron-methyl + 90 g/l Mefenpyr-diethyl (safener),OD (Yağda Dağılabilen),6
SİPER CANKOR (İMAL),%70 Metribuzin,WP (Islanabilir Toz),6
AGRONET 150 SC (İMAL),150 g/l Indoxacarb,SC (Akıcı Konsantre/Süspansiyon Konsantre),6
EFDAL ŞAROKE (İMAL),"25,2 g/l Penoxsulam",OD (Yağda Dağılabilen),6
UNİAGRO GÖZTAŞI (İMAL),%25 Metalik bakıra eşdeğer bakır sülfat,CR (Kristal),6
GİANT 330 EC (İMAL),330 g/l Pendimethalin,EC (Emülsiye Olabilen Konsantre),6
GRUBBY 5 EC (İMAL),50 g/l Quizalofop-p-ethyl,EC (Emülsiye Olabilen Konsantre),6
MUGASTON (İMAL),"452,42 g/l 2,4-D 2-Ethylhexyl ester + 6,25 g/l Florasulam",SE (Suspo-Emülsiyon),6
ZOR-YA SC (İMAL),"37,5 g/l Mesotrione + 15 g/l Nicosulfuron",SC (Akıcı Konsantre/Süspansiyon Konsantre),6
IROKE 500 SC (İMAL),500 g/l Dodine,SC (Akıcı Konsantre/Süspansiyon Konsantre),6
FNAMEC (İMAL),"452,42 g/l 2,4-D 2-Ethylhexyl ester + 6,25 g/l Florasulam",SE (Suspo-Emülsiyon),6
VENOMUS 50 EC (İMAL),50 g/l Lufenuron,EC (Emülsiye Olabilen Konsantre),6
VAPCOTOP (İTHAL),%70 Thiophanate-methyl,WP (Islanabilir Toz),6
MORTWEL 240 EC (İTHAL),240 g/l Clethodim,EC (Emülsiye Olabilen Konsantre),6
DİSKET 5 SG (İMAL),%5 Emamectin benzoate,SG (Suda Çözünen Granül),6
SUPREEM (İTHAL),"116,2 g/l Clethodim",EC (Emülsiye Olabilen Konsantre),6
TEFEN 400 EW (İMAL),267 g/l Prochloraz + 133 g/l Tebuconazole,"EW (Emülsiyon, Suda Yağ)",6
TEZTAN 360 SL (İMAL),360 g/l Hymexazole,SL (Suda Çözünen Konsantre),6
EPHTAL SC 765 (İMAL),720 g/l Ethephon + 45 g/l Cyclanilide,SC (Akıcı Konsantre/Süspansiyon Konsantre),6
SAFAL (İMAL),10 g/l Gibberellin A4/A7,SL (Suda Çözünen Konsantre),6
GINBRA SC 500 (İTHAL),400 g/l Flufenacet + 100 g/l Diflufenican,SC (Akıcı Konsantre/Süspansiyon Konsantre),6
MİKONY 600 (İMAL),600 g/l Phosphorous Acid (mono ve di-potasyum tuzları),SL (Suda Çözünen Konsantre),6
SPELL® (İMAL),%50 Cymoxanil,WP (Islanabilir Toz),6
AZIR 400 EW (İMAL),267 g/l Prochloraz + 133 g/l Tebuconazole,"EW (Emülsiyon, Suda Yağ)",6
ASTRAMİN (İMAL),"500 g/l 2,4-D asite eşdeğer dimethyl amin tuzu",SL (Suda Çözünen Konsantre),6
JİNTİS WG (İTHAL),"%3 Mesosulfuron-methyl + %0,6 Iodosulfuron-methyl sodium + %9 Mefenpeyr-diethyl (safener)",WG (Suda Dağılabilen Granül),6
MONTEM 70 WG (İMAL),%70 Metamitron,WG (Suda Dağılabilen Granül),6
ODEN 130 OD (İTHAL),66 g/l Clodinafop-propargyl + 66 g/l Flucarbazone-Na + 20 g/l Cloquintocet-mexyl (safener),OD (Yağda Dağılabilen),6
MİRANDES (İMAL),"312,5 g/l S-Metolachlor + 187,5 g/l Terbuthylazine",SC (Akıcı Konsantre/Süspansiyon Konsantre),6
ARMA 10 SL (İMAL),10 g/l Gibberellin A4/A7,SL (Suda Çözünen Konsantre),6
EFDAL ZENOTRİN 200 (İMAL),200 g/l Esfenvalerate,EC (Emülsiye Olabilen Konsantre),6
SEROTİN 150 EC (İMAL),150 g/l Fosthiazate,EC (Emülsiye Olabilen Konsantre),6
KORQUİD 200 SL (İMAL),200 g/l Diquat dibromide,SL (Suda Çözünen Konsantre),6
SAURY (İMAL),"125 g/l Bifenazate + 7,5 g/l Abamectin",SC (Akıcı Konsantre/Süspansiyon Konsantre),6
RİVAL SUPRA %5 EW (İMAL),"51,3 g/l Cyflufenamid","EW (Emülsiyon, Suda Yağ)",6
VADOR 500 SC (İMAL),500 g/l Fenhexamid,SC (Akıcı Konsantre/Süspansiyon Konsantre),6
SUNTAS (İMAL),"%25,2 Boscalid + %12,8 Pyraclostrobin",WG (Suda Dağılabilen Granül),6
SKARLET ME (İTHAL),100 g/l Imazalil+ 60 g/l Tebuconazole,ME (Mikro-Emülsiyon),6
SUPRAOIL (İMAL),800 g/l Mineral Yağ,EC (Emülsiye Olabilen Konsantre),6
RAMTO 80 EC (İMAL),80 g/l Clodinafop-propargyl + 20 g/l Cloquintocet-mexyl (Safener),EC (Emülsiye Olabilen Konsantre),6
URBAN 10 EC (İMAL),100 g/l Pyriproxyfen,EC (Emülsiye Olabilen Konsantre),6
ESCANE (İMAL),500 g/l Fenhexamid,SC (Akıcı Konsantre/Süspansiyon Konsantre),6
WOLIVA® 80 WP (İMAL),%80 Fosetyl-Al,WP (Islanabilir Toz),6
YOKOZUNA (İTHAL),500 g/l Benzobicyclon,SC (Akıcı Konsantre/Süspansiyon Konsantre),6
ANTORA (İMAL),480 g/l Bentazone,SL (Suda Çözünen Konsantre),6
EMAVAP (İTHAL),%5 Emamectin benzoate,SG (Suda Çözünen Granül),6
VAPNEX (İTHAL),50 g/l Lambda-cyhalothrin,EC (Emülsiye Olabilen Konsantre),6
DIACARB (İTHAL),150 g/l Indoxacarb,OD (Yağda Dağılabilen),6
VAPMET (İTHAL),%70 Metribuzin,WP (Islanabilir Toz),6
FORCE-FULL (İTHAL),450 g/l Pendimethalin,CS (Kapsül Süspansiyon),6
ACENTE 1.8 EW (İMAL),18 g/l Abamectin,"EW (Emülsiyon, Suda Yağ)",6
LA CORUNA (İMAL),20 g/l Abamectin,SC (Akıcı Konsantre/Süspansiyon Konsantre),6
MEDEGY® CST 125 FS (İMAL),"75 g/l Azoxystrobin + 37,5 g/l Metalaxyl-m + 12,5 g/l Fludioxonil",FS (Tohum İlaçlaması İçin Akıcı Konsantre),6
EBON (İTHAL),%5 Emamectin benzoate,SG (Suda Çözünen Granül),6
HAMPER 240 SC (İMAL),240 g/l Spirodiclofen,SC (Akıcı Konsantre/Süspansiyon Konsantre),6
DERAST 20 (İMAL),%20 Tebufenpyrad,WP (Islanabilir Toz),6
HEKTAŞ ZENON (İMAL),45 g/l Pinoxaden + 20 g/l Cloquintocet-mexyl (safener),EC (Emülsiye Olabilen Konsantre),6
ENDAXY 240 SC (İTHAL),222 g/l Spirodiclofen + 18 g/l Abamectin,SC (Akıcı Konsantre/Süspansiyon Konsantre),6
BUAKİ (İMAL),25 g/l Deltamethrin,EC (Emülsiye Olabilen Konsantre),6
AGRİ-FOS 400 (İMAL),400 g/l Phosphorous Acid (mono ve di-potasyum tuzları),SL (Suda Çözünen Konsantre),6
MAGNET MED (İTHAL),"%21,75 Amonyum acetate+%9,42 Trimethylamine Hydrocloride+%0,16 Putrescine+%0,03 Deltamethrine+Zarf Tipi Tuzak",--- (-),6
VINSON 40 EC (İTHAL),40 g/l Pyrethrin,EC (Emülsiye Olabilen Konsantre),6
MARLEY (İMAL),"%37,5 Cyprodinil + %25 Fludioxonil",WG (Suda Dağılabilen Granül),6
NETGROWY (İMAL),240 g/l Spinosad,SC (Akıcı Konsantre/Süspansiyon Konsantre),6
SPRET OİL (İMAL),15 g/l Phosmet,OD (Yağda Dağılabilen),6
FUSAZIL (İTHAL),230 g/l Prochloraz+ 41 g/l Tetraconazole,"EW (Emülsiyon, Suda Yağ)",6
AGROFARM FLOOPY SC 480 (İMAL),240 g/l Isoxaflutole +240 g/l Cyprosulfamide (safener),SC (Akıcı Konsantre/Süspansiyon Konsantre),6
HULA 25 EC (İMAL),250 g/l Cypermethrin,EC (Emülsiye Olabilen Konsantre),6
SUNBRIGHT (İTHAL),300 g/l Aclonifen + 20 g/l İmazamox,SC (Akıcı Konsantre/Süspansiyon Konsantre),6
INDEX WG (İMAL),"%26,7 Boscalid + %6,7 Pyraclostrobin",WG (Suda Dağılabilen Granül),6
SPARROW SC (İMAL),40 g/l Nicosulfuron,SC (Akıcı Konsantre/Süspansiyon Konsantre),6
BIOXAM (İMAL),"480 g/l Bentazone + 22,4 g/l Imazamox",SL (Suda Çözünen Konsantre),6
RAMTO 240 EC (İMAL),240 g/l Clodinafop-propargyl + 60 g/l Cloquintocet-mexyl (safener),EC (Emülsiye Olabilen Konsantre),6
WIDEN 400 EC (İTHAL),200 g/l Bromoxynil + 200 g/l MCPA,EC (Emülsiye Olabilen Konsantre),6
FEAROW 20 EC (İMAL),200 g/l Esfenvalerate,EC (Emülsiye Olabilen Konsantre),6
KORPAM (İTHAL),500 g/l Metam Sodium,SL (Suda Çözünen Konsantre),6
DORYAT WG (İMAL),"%25,2 Boscalid + %12,8 Pyraclostrobin",WG (Suda Dağılabilen Granül),6
TANALP 48 SL (İTHAL),480 g/l Glyphosate Isopropylamin Tuzu,SL (Suda Çözünen Konsantre),6
MANDURO WG (İMAL),%30 Foramsulfuron + %1 Iodosulfuron methyl-sodium + %30 Isoxadifen-ethyl (safener),WG (Suda Dağılabilen Granül),6
VAPHER (İTHAL),200 g/l Glufosinate-ammonium tuzu,SL (Suda Çözünen Konsantre),6
BEEPER (İMAL),"480 g/l Bentazone + 22,4 g/l Imazamox",SL (Suda Çözünen Konsantre),6
FOSTIR (İTHAL),%57 Aluminium phosphide,DT (Direkt Uygulama İçin Tablet),6
KORAKSİN (İMAL),"700 g/l Mineral Yağ + 17,3 g/l Buprofezin",OD (Yağda Dağılabilen),6
SELODIM 240 EC (İTHAL),240 g/l Clethodim,EC (Emülsiye Olabilen Konsantre),6
ALBACORE (İMAL),"65,82 g/l Metalik bakıra eşdeğer bakır sülfat",SC (Akıcı Konsantre/Süspansiyon Konsantre),6
ZETACUPE (İMAL),700 g/l Metalik bakıra eşdeğer bakır oksiklorid,SC (Akıcı Konsantre/Süspansiyon Konsantre),6
BORDORAM (İMAL),124 g/l Metalik bakıra eşdeğer bordo bulamacı,SC (Akıcı Konsantre/Süspansiyon Konsantre),6
ARGERUS 400 (İMAL),400 g/l Phosphorous Acid (mono ve di-potasyum tuzları),SL (Suda Çözünen Konsantre),6
CUPRAFORM (İMAL),"361,1 g/l Metalik bakıra eşdeğer bakır hidroksit",SC (Akıcı Konsantre/Süspansiyon Konsantre),6
CULVİN OPTİ (İMAL),%30 Metalik bakıra eşdeğer bakır hidroksit,WG (Suda Dağılabilen Granül),6
FOREKS 70 WG (İMAL),%70 Dithianon,WG (Suda Dağılabilen Granül),6
ASTRALİSTO (İMAL),%55 Metiram + %5 Pyraclostrobin,WG (Suda Dağılabilen Granül),6
HEKTAŞ CEREMONY® (İMAL),150 g/L Prochloraz+ 42 g/L Prothioconazole,EC (Emülsiye Olabilen Konsantre),6
LENZİRAN (İMAL),464 g/l Flutolanil,SC (Akıcı Konsantre/Süspansiyon Konsantre),6
PUGNA 69 EW (İTHAL),"69 g/l Fenoxaprop-p-ethyl + 34,5 g/l Cloquintocet-mexyl (safener)","EW (Emülsiyon, Suda Yağ)",6
TOSTY 200 SL (İMAL),200 g/l Diquat dibromide,SL (Suda Çözünen Konsantre),6
CARPATHIA (İMAL),200 g/l Glufosinate-ammonium tuzu,SL (Suda Çözünen Konsantre),6
ALBATROS EC (İMAL),64 g/l Fenoxaprop-P-ethyl+ 8 g/l Iodosulfuron-methyl-sodium + 24 g/l Mafenpyr-diethyl (safener),EC (Emülsiye Olabilen Konsantre),6
TORTURE 100 EC (İMAL),100 g/l Penconazole,EC (Emülsiye Olabilen Konsantre),6
CATANIA 50 WG (İMAL),%50 Pirimicarb,WG (Suda Dağılabilen Granül),6
QUIZOVAP (İTHAL),50 g/l Quizalofop-p-ethyl,EC (Emülsiye Olabilen Konsantre),6
SAFA LATİTUDE (İMAL),"100 g/l Cyhalofop-butyl + 13,3 g/l Penoxsulam",OD (Yağda Dağılabilen),6
GHIBLI (İTHAL),220 g/l Dicamba + 50 g/l Nicosulfuron,OD (Yağda Dağılabilen),6
TONIFRUIT WP (İTHAL),"%1,18 2-(1-Naphthyl) acetamide (NAD) + %0,43 1-Naphthylacetic acid (NAA)",WP (Islanabilir Toz),6
SAFA STAREX (İMAL),250 g/l Trinexapac-ethyl,EC (Emülsiye Olabilen Konsantre),6
VİVEO (İTHAL),10 g/l Forchlorfenuron,SL (Suda Çözünen Konsantre),6
RANMAN TOP (İTHAL),160 g/l Cyazofamid,SC (Akıcı Konsantre/Süspansiyon Konsantre),6
FUNGISEI (İTHAL),Bacillus Subtilis IAB/BS03 (1x 10 üzeri 7 cfu/ml),SL (Suda Çözünen Konsantre),6
BASKİNG (İMAL),250 g/l Prochloraz+75 g/l Trifloxystrobin+50 g/l Cyproconazole,SE (Suspo-Emülsiyon),6
AGROBIY (İMAL),"%6,75 Propoxycarbazone Sodium + %4,5 Mesosulfuron-methyl + %9 Mefenpyr-diethyl (safener)",WG (Suda Dağılabilen Granül),6
MURUM® 025 FS (İTHAL),25 g/L Fludioxonil,FS (Tohum İlaçlaması İçin Akıcı Konsantre),6
MEDEA ME (İTHAL),50 g/l Difenoconazole + 30 g/l Flutriafol,ME (Mikro-Emülsiyon),6
SUPRAKAL (İMAL),380 g/l Kalsiyum polisülfür,SL (Suda Çözünen Konsantre),6
PHEROAGRO-KP (İMAL),"0,40 mg (2S, 12Z)-2-acetoxy-12-heptadecene/dispenser",--- (-),6
KASURİ (İTHAL),300 g/L Pyriofenone,SC (Akıcı Konsantre/Süspansiyon Konsantre),6
VERSUS 150 EC (İMAL),150 g/l Fosthiazate,EC (Emülsiye Olabilen Konsantre),6
LYTONE TABLET (İTHAL),"% 0,18 1-Methylcyclopropene",WT (Suda Dağılabilen Tablet),6
PESCARO (İMAL),"85 g/l Pyraclostrobin + 62,5 g/l Epoxiconazole",SE (Suspo-Emülsiyon),6
CUARİO SC (İMAL),200 g/l Boscalid + 100 g/l Kresoxim-methyl,SC (Akıcı Konsantre/Süspansiyon Konsantre),6
GENOOM 10 SC (İMAL),110 g/l Etoxazole,SC (Akıcı Konsantre/Süspansiyon Konsantre),6
KORLENT (İMAL),%50 Phosmet,WP (Islanabilir Toz),6
DECCOFOS® (İTHAL),450 g/l Fosetyl-Al,SC (Akıcı Konsantre/Süspansiyon Konsantre),6
DUAL 960 EC (İTHAL),960 g/l S-Metolachlor,EC (Emülsiye Olabilen Konsantre),6
COSTİNG EC (İMAL),"9,3 g/l Milbemectin",EC (Emülsiye Olabilen Konsantre),6
CHACHA 50 SC (İMAL),500 g/l Clofentezine,SC (Akıcı Konsantre/Süspansiyon Konsantre),6
GERMES OD (İTHAL),50 g/l Quizalofop-P-ethyl + 38 g/l Imazamox,OD (Yağda Dağılabilen),6
TRELON 65 EC (İMAL),650 g/l Malathion,EC (Emülsiye Olabilen Konsantre),6
HAYCY SC (İMAL),240 g/l Methoxyfenozide,SC (Akıcı Konsantre/Süspansiyon Konsantre),6
GENVİSO TR (İMAL),%55 Metiram + %5 Pyraclostrobin,WG (Suda Dağılabilen Granül),6
FİENO WG (İMAL),"%57 Metiram + %4,8 Cymoxanil",WG (Suda Dağılabilen Granül),6
KALMIS (İMAL),%50 Propyzamide,WP (Islanabilir Toz),6
TRUCE 360 SL (İMAL),360 g/l Hymexazole,SL (Suda Çözünen Konsantre),6
Grainguard EC 25 (İMAL),250 g/l Piperonly Butoxide + 25 g/l Deltamethrin,EC (Emülsiye Olabilen Konsantre),6
MAKTO (İMAL),75 g/l Indoxacarb + 18 g/l Abamectin,SC (Akıcı Konsantre/Süspansiyon Konsantre),6
GRAİNPHOS DP (İTHAL),%57 Aluminium phosphide,DP (Toz),6
Atractivo (İMAL),75 g/l Indoxacarb + 18 g/l Abamectin,SC (Akıcı Konsantre/Süspansiyon Konsantre),6
HEKTAŞ POENA (İMAL),200 g/l Glufosinate-ammonium tuzu,SL (Suda Çözünen Konsantre),6
KİNGPHOS TB (İTHAL),%56 Aluminium phosphide,DT (Direkt Uygulama İçin Tablet),6
PROYZA 72 SL (İMAL),722 g/l Propamocarb-hydrochloride,SL (Suda Çözünen Konsantre),6
MARSON SC (İMAL),40 g/l Nicosulfuron,SC (Akıcı Konsantre/Süspansiyon Konsantre),6
EMENDO (İTHAL),%15 Metalik bakıra eşdeğer bakır hidroksit + %15 Metalik bakıra eşdeğer bakır oksiklorid + %6 Valiphenal,WG (Suda Dağılabilen Granül),6
QUALM (İMAL),250 g/l Azoxystrobin,SC (Akıcı Konsantre/Süspansiyon Konsantre),6
RIDOLAXYL (İMAL),282 g/l Azoxystrobin + 109 g/l Metalaxyl-M,SE (Suspo-Emülsiyon),6
CARBENT DC (İMAL),150 g/l Prochloraz + 42 g/l Epoxiconazole,DC (Disperse Olabilen Konsantre),6
PICTOR® TR (İTHAL),250 g/l Pyraclostrobin+ 150 g/l Boscalid,SC (Akıcı Konsantre/Süspansiyon Konsantre),6
NUORO 400 SC (İMAL),400 g/l Buprofezin,SC (Akıcı Konsantre/Süspansiyon Konsantre),6
CHIMPIK 50 EC (İMAL),500 g/l Pirimiphos methyl,EC (Emülsiye Olabilen Konsantre),6
CHILKAT 25 EC (İMAL),250 g/l Flurochloridone,EC (Emülsiye Olabilen Konsantre),6
HH-100 EMULSIONABLE (İTHAL),500 g/l Metam Sodium,SL (Suda Çözünen Konsantre),6
ATTACK 72 SL (İMAL),720 g/l Ethephon,SL (Suda Çözünen Konsantre),6
SAFETHİON 65 EC (İMAL),650 g/l Malathion,EC (Emülsiye Olabilen Konsantre),6
EFDAL TARWAX 10 EC (İMAL),100 g/l Pyriproxyfen,EC (Emülsiye Olabilen Konsantre),6
NARDEN (İMAL),400 g/l Phosphorous Acid (mono ve di-potasyum tuzları),SL (Suda Çözünen Konsantre),6
PERLİCA 20 SP (İMAL),%20 Acetamiprid,SP (Suda Çözünen Toz),6
EFDAL GART 600 (İMAL),600 g/l Phosphorous Acid (mono ve di-potasyum tuzları),SL (Suda Çözünen Konsantre),6
NEMOR 250 EC (İMAL),250 g/l Difenoconazole,EC (Emülsiye Olabilen Konsantre),6
CLOUD (İTHAL),375 g/l Metazachlor + 125 g/l Quinmerac,SC (Akıcı Konsantre/Süspansiyon Konsantre),6
PİVOT FS 120 (İMAL),120 g/l Tebuconazole,FS (Tohum İlaçlaması İçin Akıcı Konsantre),6
ERTACRON (İMAL),720 g/l Ethephon,SL (Suda Çözünen Konsantre),6
EFDAL ROUTER 150 EC (İMAL),150 g/l Fluazifop-p-butyl,EC (Emülsiye Olabilen Konsantre),6
VİBRANCE 500 FS (İTHAL),500 g/l Sedaxane,FS (Tohum İlaçlaması İçin Akıcı Konsantre),6
PENDİGAN 330 EC (İTHAL),330 g/l Pendimethalin,EC (Emülsiye Olabilen Konsantre),6
STRATEJI 150 SC (İMAL),150 g/l Indoxacarb,SC (Akıcı Konsantre/Süspansiyon Konsantre),6
COPTION 65 EC (İMAL),650 g/l Malathion,EC (Emülsiye Olabilen Konsantre),6
ALPRAT 150 SC (İMAL),150 g/l Indoxacarb,SC (Akıcı Konsantre/Süspansiyon Konsantre),6
SULFLOW 80 WG (İTHAL),%80 Kükürt,WG (Suda Dağılabilen Granül),6
ANECDOT EC (İMAL),100 g/l Buprofezin + 20 g/l Lambda-cyhalothrin,EC (Emülsiye Olabilen Konsantre),6
REQUIEM EC 152.3 (İTHAL),"152,3 g/l Terpenoid blend QRD 460",EC (Emülsiye Olabilen Konsantre),6
NOPEA® (İMAL),360 g/l Hymexazole,SL (Suda Çözünen Konsantre),6
LABENTI 36 SL (İMAL),360 g/l Hymexazole,SL (Suda Çözünen Konsantre),6
BAGLIS SC (İMAL),200 g/l Boscalid + 100 g/l Kresoxim-methyl,SC (Akıcı Konsantre/Süspansiyon Konsantre),6
AUBAINE 518 SC (İTHAL),"500 g/l Chlorotoluron + 18,75 g/l Isoxaben",SC (Akıcı Konsantre/Süspansiyon Konsantre),6
ONRAT 320 SC (İTHAL),200 g/l Tebuconazole + 120 g/l Azoxystrobin,SC (Akıcı Konsantre/Süspansiyon Konsantre),6
VENOM (İMAL),"%0,52 1-naphthylacetic acid (NAA) + %0,51 4-indol-3-ylbutyric acid (IBA)",WP (Islanabilir Toz),6
GRUNİON 101 (İMAL),"451,4 g/l 2,4-D (2,4-D Dichlorophenoxy) acetic acid tri-isopropyl amin tuzu + 116,3 gl Picloram",SL (Suda Çözünen Konsantre),6
TRIMUP PELLET (İMAL),%6 Metaldehyde,GB (Granül Yem),6
BÖRÜ IQ (İMAL),250 g/l Quinclorac,SC (Akıcı Konsantre/Süspansiyon Konsantre),6
TEREN (İMAL),%50 Flonicamid,WG (Suda Dağılabilen Granül),6
AC-LOUD 400 SC (İMAL),400 g/l Buprofezin,SC (Akıcı Konsantre/Süspansiyon Konsantre),6
AGIXA 172 NEO EC (İTHAL),160 g/l Cyhalofop-butyl + 12 g/l Florpyrauxifen-benzyl +,EC (Emülsiye Olabilen Konsantre),6
VALETE (İTHAL),%80 Fosetyl-Al,WP (Islanabilir Toz),6
ENTFUN (İMAL),400 g/l Dithianon + 100 g/l Trifloxystrobin,SC (Akıcı Konsantre/Süspansiyon Konsantre),6
CUPROGOLD (İMAL),%35 Metalik bakıra eşdeğer bakır hidroksit,WG (Suda Dağılabilen Granül),6
CANAMYTE (İMAL),240 g/l Spirodiclofen,SC (Akıcı Konsantre/Süspansiyon Konsantre),6
MANDALYN (İMAL),100 g/l Pyriproxyfen,EC (Emülsiye Olabilen Konsantre),6
EMADOX SC (İTHAL),106 g/l Indoxacarb+53 g/l Emamectin benzoate,SC (Akıcı Konsantre/Süspansiyon Konsantre),6
"BENSİT 2,5 EC (İMAL)",25 g/l Deltamethrin,EC (Emülsiye Olabilen Konsantre),6
EFDAL AZİBUT (İMAL),200 g/l Azoxystrobin + 125 g/l Difenoconazole,SC (Akıcı Konsantre/Süspansiyon Konsantre),6
PONTIAC 45 EC (İMAL),45 g/l Pinoxaden + 20 g/l Cloquintocet-mexyl (safener),EC (Emülsiye Olabilen Konsantre),6
MİSİLLE 20 SL (İTHAL),200 g/l Diquat dibromide,SL (Suda Çözünen Konsantre),6
ONFOSET 80 WP (İTHAL),%80 Fosetyl-Al,WP (Islanabilir Toz),6
VAPORPH3OS (İTHAL),"%99,3 Fosfin",GA (Gaz),6
BELLMAC 5.7 WG (İTHAL),% 5.7 Emamectin benzoate,WG (Suda Dağılabilen Granül),6
KAPADOKIA 65 EC (İMAL),650 g/l Malathion,EC (Emülsiye Olabilen Konsantre),6
ASTROZE (İMAL),240 g/l Methoxyfenozide,SC (Akıcı Konsantre/Süspansiyon Konsantre),6
BARBELO 100 SC (İMAL),100 g/l Spirotetramat,SC (Akıcı Konsantre/Süspansiyon Konsantre),6
PROFUSE 250 EC (İMAL),250 g/l Difenoconazole,EC (Emülsiye Olabilen Konsantre),6
SKYSTAR (İTHAL),%75 Tribenuron-methyl,WG (Suda Dağılabilen Granül),6
VYAPAK (İTHAL),%10 Fosthiazate,GR (Granül),6
FRS FOROZ 400 (İMAL),400 g/l Phosphorous Acid (mono ve di-potasyum tuzları),SL (Suda Çözünen Konsantre),6
LACLOFEN (İMAL),%50 Kresoxim-methyl,WG (Suda Dağılabilen Granül),6
VARNA (İMAL),"%57 Metiram + %4,8 Cymoxanil",WG (Suda Dağılabilen Granül),6
AGROFARM CLASS (İMAL),200 g/l Glufosinate-ammonium tuzu,SL (Suda Çözünen Konsantre),6
LIFELINE (İTHAL),160 g/l Glufosinate-ammonium + 202 g/l Glyphosate IPA tuzu,SL (Suda Çözünen Konsantre),6
HEKTAŞ CAPTAN'H WG (İMAL),%50 Captan,WG (Suda Dağılabilen Granül),6
LENTİPUR 500 SC (İTHAL),500 g/l Chlorotoluron,SC (Akıcı Konsantre/Süspansiyon Konsantre),6
FACET (İTHAL),250 g/l Quinclorac,SC (Akıcı Konsantre/Süspansiyon Konsantre),6
FEN-TON SC (İMAL),200 g/l Imazalil + 200 g/l Pyrimethanil,SC (Akıcı Konsantre/Süspansiyon Konsantre),6
BRENDA 10 G (İTHAL),%10 Fosthiazate,GR (Granül),6
EVANLESS (İMAL),360 g/l Glyphosate asite eşdeğer Glyphosate Isopropylamin Tuzu + 30 g/l Oxyfluorfen,SC (Akıcı Konsantre/Süspansiyon Konsantre),6
MAKLAIM 5 SG (İMAL),%5 Emamectin benzoate,SG (Suda Çözünen Granül),6
BİOCLAİM 5 SG (İTHAL),%5 Emamectin benzoate,SG (Suda Çözünen Granül),6
WİPMURE 150 SC (İMAL),150 g/l Indoxacarb,SC (Akıcı Konsantre/Süspansiyon Konsantre),6
EFDAL GUBFOS (İMAL),%75 Cyromazine,WP (Islanabilir Toz),6
Hektaş Expand (İMAL),300 g/l Bromoxynil + 300 g/l MCPA,EC (Emülsiye Olabilen Konsantre),6
MAHLER ME (İMAL),50 g/l Quizalofop-p-ethyl,ME (Mikro-Emülsiyon),6
VAPCOMORE (İTHAL),200 g/l Acetamiprid,SL (Suda Çözünen Konsantre),6
ERTEKİ (İMAL),%12 Dithianon + %4 Pyraclostrobin,WG (Suda Dağılabilen Granül),6
RUFFE 25 EC (İMAL),250 g/l Flurochloridone,EC (Emülsiye Olabilen Konsantre),6
BAXIGA 32.5 OD (İTHAL),"20 g/l Penoxsulam + 12,5 g/l Florpyrauxifen-benzyl",OD (Yağda Dağılabilen),6
CAMRO SC (İMAL),200 g/l Boscalid + 100 g/l Kresoxim-methyl,SC (Akıcı Konsantre/Süspansiyon Konsantre),6
ARTLAYM 5 SG (İMAL),%5 Emamectin benzoate,SG (Suda Çözünen Granül),6
TARZEC 320 WG (İTHAL),"% 6,95 (% 6,67 ae) Halauxifen-methyl + % 25 Pyroxsulam + % 35,4 Cloquintocet-acid (Safener)",WG (Suda Dağılabilen Granül),6
ACS HAPLESS SC (İMAL),500 g/l Fenhexamid,SC (Akıcı Konsantre/Süspansiyon Konsantre),6
FİLİKER MC (İMAL),300 g/l Bromoxynil + 300 g/l MCPA,EC (Emülsiye Olabilen Konsantre),6
MATRIX 5 EC (İMAL),50 g/l Hexythiazox,EC (Emülsiye Olabilen Konsantre),6
BEYOND NEW (İTHAL),"33,3 g/l Imazamox",SL (Suda Çözünen Konsantre),6
PALMA 50 EC (İMAL),50 g/l Lufenuron,EC (Emülsiye Olabilen Konsantre),6
ACS HAWK 5 SG (İMAL),%5 Emamectin benzoate,SG (Suda Çözünen Granül),6
SAFA VANTAGE EC (İMAL),480 g/l Metalaxyl-M,EC (Emülsiye Olabilen Konsantre),6
PARGO WG (İTHAL),%50 Tebuconazole + %25 Trifloxystrobin,WG (Suda Dağılabilen Granül),6
PLATHORIN 150 EC (İMAL),150 g/l Fosthiazate,EC (Emülsiye Olabilen Konsantre),6
EMİLİON (İTHAL),"%37,5 Cyprodinil + %25 Fludioxonil",WG (Suda Dağılabilen Granül),6
REKOR 50 EC (İMAL),50 g/l Lambda-cyhalothrin,EC (Emülsiye Olabilen Konsantre),6
CONVISO OD 80 (İTHAL),50 g/l Foramsulfuron + 30 g/l Thiencarbazone-methyl,OD (Yağda Dağılabilen),6
OPTIX-R® (İTHAL),%20 Fosetyl-Al + %15 Metalik Bakıra Eşdeğer Tribazik Bakır Sülfat,WG (Suda Dağılabilen Granül),6
FRS GLOK 80 WG (İTHAL),%80 Kükürt,WG (Suda Dağılabilen Granül),6
LOCEREN (İMAL),441 g/l Glyphosate Potasyum Tuzu,SL (Suda Çözünen Konsantre),6
DESOLON (İMAL),75 g/l Mesotrione + 30 g/l Nicosulfuron,SC (Akıcı Konsantre/Süspansiyon Konsantre),6
MENTA PRELÜD (İMAL),300 g/l Pyrimethanil,SC (Akıcı Konsantre/Süspansiyon Konsantre),6
NINJITSU CS (İTHAL),50 g/l Lambda-cyhalothrin,CS (Kapsül Süspansiyon),6
TUREİS (İMAL),"%3 Mesosulfuron-methyl + %0,6 Iodosulfuron-methyl sodium + %9 Mefenpeyr-diethyl (safener)",WG (Suda Dağılabilen Granül),6
BARADAN 50 WG (İMAL),%50 Trifloxystrobin,WG (Suda Dağılabilen Granül),6
BKS TRILURE (İTHAL),"1,4 g p-Anisaldehyde/ Karton disk",--- (-),6
NADAS (İMAL),360 g/l Glyphosate asite eşdeğer Glyphosate Isopropylamin Tuzu + 30 g/l Oxyfluorfen,SC (Akıcı Konsantre/Süspansiyon Konsantre),6
VOCAL 10 G (İTHAL),%10 Fosthiazate,GR (Granül),6
AZOXIFEN (İTHAL),200 g/l Azoxystrobin + 125 g/l Difenoconazole,SC (Akıcı Konsantre/Süspansiyon Konsantre),6
ANKİT (İTHAL),%70 Thiophanate-methyl,WP (Islanabilir Toz),6
HEKTAŞ ALBEDO (İMAL),50 g/l Buprofezin + 6.2 g/l Deltamethrin,EC (Emülsiye Olabilen Konsantre),6
SAFA VALLE (İMAL),120 g/l Carfentrazone-ethyl,EC (Emülsiye Olabilen Konsantre),6
NEVREST EC (İMAL),100 g/l Buprofezin + 20 g/l Lambda-cyhalothrin,EC (Emülsiye Olabilen Konsantre),6
KASIRGA (İMAL),400 g/l Buprofezin,SC (Akıcı Konsantre/Süspansiyon Konsantre),6
NEGATİON 40 OD (İTHAL),40 g/l Nicosulfuron,OD (Yağda Dağılabilen),6
DEFENTOX® (İTHAL),25 g/l Deltamethrin,EC (Emülsiye Olabilen Konsantre),6
ACTINMOR (İMAL),18 g/l Abamectin,EC (Emülsiye Olabilen Konsantre),6
BLEAK (İMAL),"228,6 g/l Spiromesifen + 11,4 g/l Abamectin",SC (Akıcı Konsantre/Süspansiyon Konsantre),6
NOVİCURE 40 WG (İTHAL),%40 Metalik bakıra eşdeğer tribazik bakır sülfat,WG (Suda Dağılabilen Granül),6
ZZ CUPROTAN 700 SC (İMAL),700 g/l Metalik bakıra eşdeğer bakır oksiklorid,SC (Akıcı Konsantre/Süspansiyon Konsantre),6
BUFFOON SC (İMAL),"361,1 g/l Metalik bakıra eşdeğer bakır hidroksit",SC (Akıcı Konsantre/Süspansiyon Konsantre),6
PAGODA (İMAL),150 g/l Prochloraz + 42 g/l Epoxiconazole,DC (Disperse Olabilen Konsantre),6
Frigate 150 EC (İMAL),150 g/l Fosthiazate,EC (Emülsiye Olabilen Konsantre),6
TAN BORDOX (İMAL),%75 Metalik bakıra eşdeğer bakır oksit,WG (Suda Dağılabilen Granül),6
ROSCANA® (İMAL),"85 g/l Pyraclostrobin + 62,5 g/l Epoxiconazole",SE (Suspo-Emülsiyon),6
ACS GLADIO 110 SC (İMAL),110 g/l Etoxazole,SC (Akıcı Konsantre/Süspansiyon Konsantre),6
BİO-CURE F (İTHAL),Trichoderma viride 1x10 üzeri 8 kob/ml min.,SL (Suda Çözünen Konsantre),6
AGRODONE (İMAL),500 g/l Metrafenone,SC (Akıcı Konsantre/Süspansiyon Konsantre),6
MOKKA (İTHAL),"360 g/l 2,4-D Asit (543 g/l 2,4-D EHE eşdeğer) + 90 g/l Fluroxypyr (129 g/l Fluroxypyr meptyl'e eşdeğer)",EC (Emülsiye Olabilen Konsantre),6
UNIAGRO BLUE DROP 20 WP (İMAL),%20 Metalik bakıra eşdeğer bordo bulamacı,WP (Islanabilir Toz),6
TENOXIM ® (İMAL),%50 Trifloxystrobin,WG (Suda Dağılabilen Granül),6
FRAME (İTHAL),%75 Tribenuron-methyl,WG (Suda Dağılabilen Granül),6
OVIPHYT (İTHAL),800 g/l Mineral Yağ,EC (Emülsiye Olabilen Konsantre),6
DAGRO GİBB (İMAL),20 g/l Gibberellic acid,SL (Suda Çözünen Konsantre),6
CORTO (İTHAL),%10 Prohexadione Calcium,WG (Suda Dağılabilen Granül),6
RİTMİCA OF 120 (İMAL),30 g/l Mesosulfuron-methyl + 90 g/l Mefenpyr-diethyl (safener),OD (Yağda Dağılabilen),6
ENFORCER 640 SC (İTHAL),600 g/l Chlorotoluron + 40 g/l Diflufenican,SC (Akıcı Konsantre/Süspansiyon Konsantre),6
PATCH 250 SC (İMAL),250 g/l Flutriafol,SC (Akıcı Konsantre/Süspansiyon Konsantre),6
ASİLİYET 80 WG (İMAL),%80 Fosetyl-Al,WG (Suda Dağılabilen Granül),6
STİN 80 WG (İMAL),%80 Fosetyl-Al,WG (Suda Dağılabilen Granül),6
ALGEBAR (İMAL),240 g/l Metaflumizone,SC (Akıcı Konsantre/Süspansiyon Konsantre),6
CELLFEX (İMAL),10 g/l Forchlorfenuron,EC (Emülsiye Olabilen Konsantre),6
FLORGIB 100 OD (İTHAL),100 g/l Gibberellic acid,OD (Yağda Dağılabilen),6
PROPESTGAS (İTHAL),"%99,8 Sulfuryl Fluoride",GA (Gaz),6
APHET (İTHAL),200 g/l Penthiopyrad,SC (Akıcı Konsantre/Süspansiyon Konsantre),6
KASTİLL (İMAL),650 g/l Malathion,EC (Emülsiye Olabilen Konsantre),6
COLZOR 540 EC (İTHAL),500 g/l Dimethachlor + 40 g/l Clomazone,EC (Emülsiye Olabilen Konsantre),6
PİNOVA DE (İMAL),240 g/l Methoxyfenozide,SC (Akıcı Konsantre/Süspansiyon Konsantre),6
VAPTAK (İTHAL),100 g/l Alpha-cypermethrin,EC (Emülsiye Olabilen Konsantre),6
AVASTRA 200 SL (İMAL),200 g/l Glufosinate-ammonium tuzu,SL (Suda Çözünen Konsantre),6
ROSETTA (İMAL),200 g/l Esfenvalerate,EC (Emülsiye Olabilen Konsantre),6
DRİVEFASTER WG (İMAL),%25 Spinetoram,WG (Suda Dağılabilen Granül),6
DIDYMME 125 FS (İMAL),"75 g/l Azoxystrobin + 37,5 g/l Metalaxyl-m + 12,5 g/l Fludioxonil",FS (Tohum İlaçlaması İçin Akıcı Konsantre),6
BENEVENTO (İTHAL),"%30 Cymoxanil + %22,5 Famoxadone",WG (Suda Dağılabilen Granül),6
SAFA KOMPEDAN 85 WG (İMAL),"%7,08 Pyroxsulam + %1,42 Florasulam + %7,08 Cloquintocet-mexyl (safener)",WG (Suda Dağılabilen Granül),6
KORNİLOFOS 50 EC (İMAL),500 g/l Pirimiphos methyl,EC (Emülsiye Olabilen Konsantre),6
QUELEX 200 WG (İTHAL),"10,42%(10ae%) Halauxifen-methyl + %10 Florasulam + %7,08 Cloquintocet-acid (Safener)",WG (Suda Dağılabilen Granül),6
DELPHOS (İMAL),240 g/l Tau-fluvalinate,SC (Akıcı Konsantre/Süspansiyon Konsantre),6
SİTİLO (İMAL),480 g/l Spinosad,SC (Akıcı Konsantre/Süspansiyon Konsantre),6
BELLAGİO (İMAL),240 g/l Methoxyfenozide,SC (Akıcı Konsantre/Süspansiyon Konsantre),6
AGRIPRO (İMAL),200 g/l Glufosinate-ammonium tuzu,SL (Suda Çözünen Konsantre),6
AGNUPAN 70 WP (İTHAL),%70 Metribuzin,WP (Islanabilir Toz),6
SHIKARI (İTHAL),%42 Metribuzin + %12 Clodinafop-Propargyl + %3 Cloquintocet-mexyl (Safener),WG (Suda Dağılabilen Granül),6
CUTOFF 50 WG (İMAL),%50 Trifloxystrobin,WG (Suda Dağılabilen Granül),6
MALCARA 76 WG (İMAL),%76 Ziram,WG (Suda Dağılabilen Granül),6
AGNOTORİN 150 EC (İMAL),150 g/l Fosthiazate,EC (Emülsiye Olabilen Konsantre),6
KORTHIAZATE 150 EC (İMAL),150 g/l Fosthiazate,EC (Emülsiye Olabilen Konsantre),6
SANCTUM (İTHAL),"800 g/l Malathion + 12,8 g/l Gamma-cyhalothrin",EC (Emülsiye Olabilen Konsantre),6
CALİXA (İMAL),240 g/l Metaflumizone,SC (Akıcı Konsantre/Süspansiyon Konsantre),6
SİRYUS 240 SC (İTHAL),240 g/l Methoxyfenozide,SC (Akıcı Konsantre/Süspansiyon Konsantre),6
CAZMA (İMAL),150 g/l Teflubenzuron,SC (Akıcı Konsantre/Süspansiyon Konsantre),6
OFFSIDE 240 SC (İMAL),240 g/l Metaflumizone,SC (Akıcı Konsantre/Süspansiyon Konsantre),6
SEDPRİN (İMAL),350 g/l Metalaxyl-m,ES (Emülsiyon Tohum İlacı),6
HARLEM 40 SL (İMAL),40 g/l Imazamox,SL (Suda Çözünen Konsantre),6
GRANAS SC (İMAL),250 g/l Glyphosate asite eşdeğer Glyphosate Isopropylamin Tuzu + 40 g/l Diflufenican,SC (Akıcı Konsantre/Süspansiyon Konsantre),6
AQUA BORDO (İMAL),124 g/l Metalik bakıra eşdeğer bordo bulamacı,SC (Akıcı Konsantre/Süspansiyon Konsantre),6
UDORA 4 OD (İTHAL),40 g/l Nicosulfuron,OD (Yağda Dağılabilen),6
BLOCHER (İMAL),480 g/l Glyphosate Isopropylamin Tuzu,SL (Suda Çözünen Konsantre),6
KIRNAPP 400 SC (İMAL),400 g/l Buprofezin,SC (Akıcı Konsantre/Süspansiyon Konsantre),6
MYSTIC PRO 500 EC (İTHAL),300 g/l Prochloraz+ 200 g/l Tebuconazole,EC (Emülsiye Olabilen Konsantre),6
CUBOX SC (İMAL),"65,82 g/l Metalik bakıra eşdeğer bakır sülfat",SC (Akıcı Konsantre/Süspansiyon Konsantre),6
EFDAL APLANT (İMAL),45 g/l Pinoxaden + 20 g/l Cloquintocet-mexyl (safener),EC (Emülsiye Olabilen Konsantre),6
GALİLEO (İMAL),240 g/l Oxyfluorfen,EC (Emülsiye Olabilen Konsantre),6
"Boldist 2,5 EC (İMAL)",25 g/l Deltamethrin,EC (Emülsiye Olabilen Konsantre),6
KURATOR 18-15 (İTHAL),%18 Fosetyl-Al + %15 Metalik Bakıra Eşdeğer Bordo Bulamacı,WP (Islanabilir Toz),6
SCUBA 80 WG (İMAL),%80 Kükürt,WG (Suda Dağılabilen Granül),6
DERRİS (İMAL),"%25,2 Boscalid + %12,8 Pyraclostrobin",WG (Suda Dağılabilen Granül),6
EXPLORE 500 SL (İTHAL),500 g/l Metam Sodium,SL (Suda Çözünen Konsantre),6
ERVANDO CS (İMAL),50 g/l Lambda-cyhalothrin,CS (Kapsül Süspansiyon),6
AVERUT (İMAL),150 g/l Indoxacarb,SC (Akıcı Konsantre/Süspansiyon Konsantre),6
CONSOLOS 20 EC (İMAL),200 g/l Esfenvalerate,EC (Emülsiye Olabilen Konsantre),6
VEMİPHOS 10 G (İTHAL),%10 Fosthiazate,GR (Granül),6
CROTONE (İMAL),"625 g/l Propamocarb-hydrochloride + 62,5 g/l Fluopicolide",SC (Akıcı Konsantre/Süspansiyon Konsantre),6
MAXICURE (İMAL),100 g/l Buprofezin + 20 g/l Lambda-cyhalothrin,SC (Akıcı Konsantre/Süspansiyon Konsantre),6
PUNZİX EC (İMAL),250 g/l Cypermethrin,EC (Emülsiye Olabilen Konsantre),6
TROGEN (İTHAL),25 g/l Ipconazole + 20 g/l Metalaxyl,ME (Mikro-Emülsiyon),6
GRAINPHOS TB (İTHAL),%57 Aluminium phosphide,DT (Direkt Uygulama İçin Tablet),6
MANOHAR (İTHAL),%6 Metaldehyde,GB (Granül Yem),6
SWARM 2 DS (İMAL),%2 Tebuconazole,DS (Kuru Tohum İlacı),6
SAT BORDO MIX 20 WG (İTHAL),%20 Metalik bakıra eşdeğer bordo bulamacı,WG (Suda Dağılabilen Granül),6
ASTRAN SC (İMAL),75 g/l Mesotrione + 30 g/l Nicosulfuron,SC (Akıcı Konsantre/Süspansiyon Konsantre),6
PLATIX (İMAL),300 g/l Bromoxynil + 300 g/l MCPA,EC (Emülsiye Olabilen Konsantre),6
BEST FORTE 80 WG (İMAL),%80 Thiram,WG (Suda Dağılabilen Granül),6
SUPERDO 195 SC (İTHAL),"120 g/l Glyphosate Asit (132,1 g/l Glyphosate Ammonium tuzuna eşdeğer) + 60 g/l MCPA Asit (65,1 g/l Ammonium tuzuna eşdeğer) + 15 g/l Diflufenican",SC (Akıcı Konsantre/Süspansiyon Konsantre),6
EFDAL VOTEXİT (İMAL),100 g/l Clopyralid,SL (Suda Çözünen Konsantre),6
TAWATTIR 10 EC (İMAL),100 g/l Pyriproxyfen,EC (Emülsiye Olabilen Konsantre),6
RAYAS (İTHAL),40 g/l Imazamox,SL (Suda Çözünen Konsantre),6
EMAL S (İTHAL),960 g/l S-Metolachlor,EC (Emülsiye Olabilen Konsantre),6
KORACTİVE 45 EC (İMAL),45 g/l Pinoxaden + 20 g/l Cloquintocet-mexyl (safener),EC (Emülsiye Olabilen Konsantre),6
CURDASON 150 SC (İMAL),150 g/l Indoxacarb,SC (Akıcı Konsantre/Süspansiyon Konsantre),6
COLT 20 EC (İMAL),200 g/l Esfenvalerate,EC (Emülsiye Olabilen Konsantre),6
FLOMICE (İMAL),240 g/l Metaflumizone,SC (Akıcı Konsantre/Süspansiyon Konsantre),6
MOTİVATÖR 100 SC (İMAL),100 g/l Spirotetramat,SC (Akıcı Konsantre/Süspansiyon Konsantre),6
SAHNOVAR 2 (İMAL),"361,1 g/l Metalik bakıra eşdeğer bakır hidroksit",SC (Akıcı Konsantre/Süspansiyon Konsantre),6
BARONES 70 WG (İMAL),%70 Dithianon,WG (Suda Dağılabilen Granül),6
TOLEDO 430 SC (İTHAL),430 g/l Tebuconazole,SC (Akıcı Konsantre/Süspansiyon Konsantre),6
DAGRO MİTE 20 WP (İMAL),%20 Pyridaben,WP (Islanabilir Toz),6
KUPKOL 700 (İMAL),700 g/l Metalik bakıra eşdeğer bakır oksiklorid,SC (Akıcı Konsantre/Süspansiyon Konsantre),6
KUTANA OPTİ (İMAL),%30 Metalik bakıra eşdeğer bakır hidroksit,WG (Suda Dağılabilen Granül),6
JASOY 050 EC (İTHAL),50 g/l Lufenuron,EC (Emülsiye Olabilen Konsantre),6
UMPRON (İTHAL),40 g/l Nicosulfuron,SC (Akıcı Konsantre/Süspansiyon Konsantre),6
SELTICK 50 WP (İMAL),%50 Pirimicarb,WP (Islanabilir Toz),6
PERSEPHONE 100 EC (İMAL),100 g/l Pyriproxyfen,EC (Emülsiye Olabilen Konsantre),6
PHYTON 50 EC (İMAL),50 g/l Lufenuron,EC (Emülsiye Olabilen Konsantre),6
BADLANS (İMAL),"%25,2 Boscalid + %12,8 Pyraclostrobin",WG (Suda Dağılabilen Granül),6
HEKTAŞ CRASH (İMAL),"361,1 g/l Metalik bakıra eşdeğer bakır hidroksit",SC (Akıcı Konsantre/Süspansiyon Konsantre),6
QUICKPHLO-R (İTHAL),"%77,5 Aluminium phosphide",GR (Granül),6
CASIRGA 035 FS (İMAL),25 g/l Fludioxonil + 10 g/l Metalaxyl-m,FS (Tohum İlaçlaması İçin Akıcı Konsantre),6
APPROX (İMAL),"85 g/l Pyraclostrobin + 62,5 g/l Epoxiconazole",SE (Suspo-Emülsiyon),6
FUJION-S (İMAL),915 g/l S-Metolachlor + 45 g/l Benoxacor (safener),EC (Emülsiye Olabilen Konsantre),6
DIFORCE (İTHAL),"%3,6 (E,Z)-7,9- Dodecadienyl acetate","EW (Emülsiyon, Suda Yağ)",6
PROBZ (İMAL),100 g/l Penconazole,EC (Emülsiye Olabilen Konsantre),6
MOBİTAR 35 (İMAL),25 g/l Fludioxonil + 10 g/l Metalaxyl-m,FS (Tohum İlaçlaması İçin Akıcı Konsantre),6
ACETAMPLAN 20 SP (İMAL),%20 Acetamiprid,SP (Suda Çözünen Toz),6
ABRADE 100 EC (İTHAL),100 g/l Alpha-cypermethrin,EC (Emülsiye Olabilen Konsantre),6
SUNACET 20 SP (İTHAL),%20 Acetamiprid,SP (Suda Çözünen Toz),6
CHEETAH (İMAL),200 g/l Glufosinate Ammonium Tuzu + 200 g/l MCPA + 40 g/l Diflufenican + 15 g/l Carfentrazone-ethyl,SC (Akıcı Konsantre/Süspansiyon Konsantre),6
FULL-POINT 480 SC (İMAL),240 g/l Isoxaflutole +240 g/l Cyprosulfamide (safener),SC (Akıcı Konsantre/Süspansiyon Konsantre),6
COROT (İMAL),"37,5 g/l Mesotrione + 15 g/l Nicosulfuron",SC (Akıcı Konsantre/Süspansiyon Konsantre),6
TONITOM 25 SL (İTHAL),"18 g/l 2-(1-Naphthyl)acetamide (NAD) + 6,75 g/l 1-Naphthylacetic acid (NAA)",SL (Suda Çözünen Konsantre),6
PİLERGARD (İMAL),480 g/l Bentazone,SL (Suda Çözünen Konsantre),6
GİBBET SL (İMAL),20 g/l Gibberellic acid,SL (Suda Çözünen Konsantre),6
CARIAL 43 WG (İTHAL),%25 Mandipropamid + %18 Cymoxanil,WG (Suda Dağılabilen Granül),6
KYLEO 400 SL (İTHAL),"240 g/l Glyphosate Asit (323,9 g/l Glyphosate Isopropylamin Tuzuna eşdeğer) + 160 g/l 2,4-D Asit (371 g/l Alkylamidopropyl Dimethil Amin Tuzuna eşdeğer))",SL (Suda Çözünen Konsantre),6
DAXORA (İMAL),400 g/l Buprofezin,SC (Akıcı Konsantre/Süspansiyon Konsantre),6
TEMPOROMA (İMAL),"125 g/l Pendimethalin + 106,25 g/l Dimethenamid-P",EC (Emülsiye Olabilen Konsantre),6
CALİCA (İMAL),%50 Captan,WP (Islanabilir Toz),6
EPICK S WG 61 (İMAL),%30 Foramsulfuron + %1 Iodosulfuron methyl-sodium + %30 Isoxadifen-ethyl (safener),WG (Suda Dağılabilen Granül),6
SANDEA (İMAL),"452,42 g/l 2,4-D 2-Ethylhexyl ester + 6,25 g/l Florasulam",SE (Suspo-Emülsiyon),6
PRESSURE 74.8 SG (İTHAL),"%74,8 Glyphosate Ammonium Tuzu",SG (Suda Çözünen Granül),6
CAPTEC (İMAL),%25 Metalik bakıra eşdeğer bakır sülfat,CR (Kristal),6
ABSHERON 915 EC (İMAL),915 g/l S-Metolachlor + 45 g/l Benoxacor (safener),EC (Emülsiye Olabilen Konsantre),6
AGROFARM CILIS (İMAL),"100 g/l Cyhalofop-butyl + 13,3 g/l Penoxsulam",OD (Yağda Dağılabilen),6
GERİLLOS 48 SL (İMAL),480 g/l Glyphosate Isopropylamin Tuzu,SL (Suda Çözünen Konsantre),6
MESUTAT X5 (İMAL),"500 g/l Clopyralid+50 g/l Tribenuron-methyl+22,5 g/l Florasulam",SL (Suda Çözünen Konsantre),6
FORCOP 20 SP (İMAL),%20 Acetamiprid,SP (Suda Çözünen Toz),6
LODAGYL (İMAL),10 g/l Forchlorfenuron,EC (Emülsiye Olabilen Konsantre),6
PIXEL (İMAL),720 g/l Dimethenamid-p,EC (Emülsiye Olabilen Konsantre),6
HEKTAŞ DESPİNA (İMAL),"18,8 g/l 6-Benzyladenine + 18,5 g/l Gibberellin A4/A7",SL (Suda Çözünen Konsantre),6
MAVİ BORDO 10 SC (İMAL),124 g/l Metalik bakıra eşdeğer bordo bulamacı,SC (Akıcı Konsantre/Süspansiyon Konsantre),6
MAVİ BORDO 20 WG (İMAL),%20 Metalik bakıra eşdeğer bordo bulamacı,WG (Suda Dağılabilen Granül),6
AZBANY® 250 SC (İTHAL),250 g/l Azoxystrobin,SC (Akıcı Konsantre/Süspansiyon Konsantre),6
PROMALIN (İTHAL),"18,8 g/l 6-Benzyladenine + 18,5 g/l Gibberellin A4/A7",SL (Suda Çözünen Konsantre),6
GİFT 48 SL (İMAL),480 g/l Ethephon,SL (Suda Çözünen Konsantre),6
EMATIN 5 SG (İTHAL),%5 Emamectin benzoate,SG (Suda Çözünen Granül),6
"KORZAQUİN ® 62,5 WG (İMAL)","%37,5 Cyprodinil + %25 Fludioxonil",WG (Suda Dağılabilen Granül),6
ROGER 70 WG (İTHAL),%70 Metribuzin,WG (Suda Dağılabilen Granül),6
AQUATİS (İMAL),200 g/l Azoxystrobin + 125 g/l Difenoconazole,SC (Akıcı Konsantre/Süspansiyon Konsantre),6
VAPCOMIC (İTHAL),18 g/l Abamectin,EC (Emülsiye Olabilen Konsantre),6
PARADOKS EW (İMAL),75 g/l Fenoxaprop-p-ethyl + 69 g/l Mefenpyr-diethyl (safener),"EW (Emülsiyon, Suda Yağ)",6
RUTABLE 20 SL (İMAL),20 g/l Gibberellic acid,SL (Suda Çözünen Konsantre),6
FRSTANG (İMAL),"452,42 g/l 2,4-D 2-Ethylhexyl ester + 6,25 g/l Florasulam",SE (Suspo-Emülsiyon),6
HERBOUT 48 SL (İMAL),480 g/l Glyphosate Isopropylamin Tuzu,SL (Suda Çözünen Konsantre),6
Vefclaim 05 SG (İMAL),%5 Emamectin benzoate,SG (Suda Çözünen Granül),6
SKYFER (İMAL),"%26,7 Boscalid + %6,7 Pyraclostrobin",WG (Suda Dağılabilen Granül),6
DAMME 48 SL (İTHAL),480 g/l Glyphosate Isopropylamin Tuzu,SL (Suda Çözünen Konsantre),6
PİRANA 5 SG (İTHAL),%5 Emamectin benzoate,SG (Suda Çözünen Granül),6
DAFDİO 50 EW (İMAL),50 g/l Quizalofop-p-ethyl,"EW (Emülsiyon, Suda Yağ)",6
TEZGUARD 600 (İMAL),600 g/l Phosphorous Acid (mono ve di-potasyum tuzları),SL (Suda Çözünen Konsantre),6
POSS (İMAL),400 g/l Phosphorous Acid (mono ve di-potasyum tuzları),SL (Suda Çözünen Konsantre),6
OHAYO (İMAL),"85 g/l Pyraclostrobin + 62,5 g/l Epoxiconazole",SE (Suspo-Emülsiyon),6
ASKANCE 18 EC (İMAL),18 g/l Abamectin,EC (Emülsiye Olabilen Konsantre),6
PİL-NANDA (İMAL),25 g/l Fludioxonil + 10 g/l Metalaxyl-m,FS (Tohum İlaçlaması İçin Akıcı Konsantre),6
FLUNK 150 EC (İMAL),150 g/l Fosthiazate,EC (Emülsiye Olabilen Konsantre),6
HADAF (İTHAL),240 g/l Oxyfluorfen,EC (Emülsiye Olabilen Konsantre),6
ABG SUNN (İMAL),"%3,3 1-Methylcyclopropene",VP (Gaz Neşreden İlaç),6
CHROMA 50 (İMAL),"51,3 g/l Cyflufenamid","EW (Emülsiyon, Suda Yağ)",6
DELTARIN (İTHAL),25 g/l Deltamethrin,EC (Emülsiye Olabilen Konsantre),6
PAVNI (İMAL),40 g/l Imazamox,SL (Suda Çözünen Konsantre),6
AKBASH 48 SL (İMAL),480 g/l Glyphosate Isopropylamin Tuzu,SL (Suda Çözünen Konsantre),6
AMALINE (İTHAL),"266,6 g/l Metalik bakıra eşdeğer bazik bakır sülfat + 40 g/l Zoxamide",SC (Akıcı Konsantre/Süspansiyon Konsantre),6
GOLTİX 700 SC (İTHAL),700 g/l Metamitron,SC (Akıcı Konsantre/Süspansiyon Konsantre),6
GOGGLES 500 SC (İMAL),350 g/l Metamitron + 150 g/l Ethofumesate,SC (Akıcı Konsantre/Süspansiyon Konsantre),6
FORBYFOR 60 SL (İTHAL),60 g/l Dichlorprop-P,SL (Suda Çözünen Konsantre),6
SAFA ABİDE (İMAL),150 g/l Indoxacarb,SC (Akıcı Konsantre/Süspansiyon Konsantre),6
MUTİNY SG (İMAL),%5 Emamectin benzoate,SG (Suda Çözünen Granül),6
TRANCE 5 EC (İMAL),50 g/l Lambda-cyhalothrin,EC (Emülsiye Olabilen Konsantre),6
Kitinex 5 EC (İMAL),50 g/l Lambda-cyhalothrin,EC (Emülsiye Olabilen Konsantre),6
AVANTİ EC (İMAL),150 g/l Indoxacarb,EC (Emülsiye Olabilen Konsantre),6
TARDIS 40 SL (İMAL),40 g/l Imazamox,SL (Suda Çözünen Konsantre),6
BANAX (İMAL),%20 Pyridaben,WP (Islanabilir Toz),6
PREV-AM (İTHAL),60 g/l Orange oil,SL (Suda Çözünen Konsantre),6
HEKTAŞ ARKAZ (İMAL),500 g/l Pirimiphos methyl,EC (Emülsiye Olabilen Konsantre),6
ARBALET (İMAL),240 g/l Metaflumizone,SC (Akıcı Konsantre/Süspansiyon Konsantre),6
PRİCKLE 10 EC (İMAL),100 g/l Pyriproxyfen,EC (Emülsiye Olabilen Konsantre),6
HEKTAŞ ZODIAC (İMAL),100 g/l Spirotetramat,SC (Akıcı Konsantre/Süspansiyon Konsantre),6
HEKTAŞ CHOOSE (İMAL),441 g/l Glyphosate Potasyum Tuzu,SL (Suda Çözünen Konsantre),6
MGPHOS AL DP 56% (İTHAL),%56 Aluminium phosphide,DP (Toz),6
Mosqill 30 SC (İMAL),300 g/l Pyrimethanil,SC (Akıcı Konsantre/Süspansiyon Konsantre),6
SEEDRON® (İTHAL),50 g/l Fludioxonil + 10 g/l Tebuconazole,FS (Tohum İlaçlaması İçin Akıcı Konsantre),6
LEDA S 915 EC (İMAL),915 g/l S-Metolachlor + 45 g/l Benoxacor (safener),EC (Emülsiye Olabilen Konsantre),6
FESTAN (İMAL),"%37,5 Cyprodinil + %25 Fludioxonil",WG (Suda Dağılabilen Granül),6
SANATRA FLOW (İTHAL),400 g/l Propyzamide,SC (Akıcı Konsantre/Süspansiyon Konsantre),6
LENABOOM (İMAL),"18,8 g/l 6-Benzyladenine + 18,5 g/l Gibberellin A4/A7",SL (Suda Çözünen Konsantre),6
HEKTAŞ LOGOS (İMAL),915 g/l S-Metolachlor + 45 g/l Benoxacor (safener),EC (Emülsiye Olabilen Konsantre),6
KASTORİA SC (İMAL),310 g/l Thiophanate-methyl + 187 g/l Epoxiconazole,SC (Akıcı Konsantre/Süspansiyon Konsantre),6
CALAMITY (İMAL),%75 Tribenuron-methyl,WG (Suda Dağılabilen Granül),6
COMMANDER 441 SL (İMAL),441 g/l Glyphosate Potasyum Tuzu,SL (Suda Çözünen Konsantre),6
SLENDER (İMAL),200 g/l Boscalid + 100 g/l Kresoxim-methyl,SC (Akıcı Konsantre/Süspansiyon Konsantre),6
BADGER 70 WP (İTHAL),%70 Thiophanate-methyl,WP (Islanabilir Toz),6
METAM FLUİD (İTHAL),500 g/l Metam Sodium,SL (Suda Çözünen Konsantre),6
FRUGAL 35 WG (İMAL),%35 Metalik bakıra eşdeğer bakır hidroksit,WG (Suda Dağılabilen Granül),6
TESMAR 36 SL (İTHAL),360 g/l Hymexazole,SL (Suda Çözünen Konsantre),6
FANTOS 10 SC (İTHAL),110 g/l Etoxazole,SC (Akıcı Konsantre/Süspansiyon Konsantre),6
KUDOS 38 WG (İMAL),"%25,2 Boscalid + %12,8 Pyraclostrobin",WG (Suda Dağılabilen Granül),6
TORPADE 480 SL (İTHAL),480 g/l Glyphosate Isopropylamin Tuzu,SL (Suda Çözünen Konsantre),6
BOXER 441 SL (İMAL),441 g/l Glyphosate Potasyum Tuzu,SL (Suda Çözünen Konsantre),6
AMADEUS 200 SL (İMAL),200 g/l Glufosinate-ammonium tuzu,SL (Suda Çözünen Konsantre),6
SELTIMA (İTHAL),100 g/l Pyraclostrobin,CS (Kapsül Süspansiyon),6
ORİGAM FS (İMAL),"75 g/l Azoxystrobin + 37,5 g/l Metalaxyl-m + 12,5 g/l Fludioxonil",FS (Tohum İlaçlaması İçin Akıcı Konsantre),6
MORNA (İMAL),%25 Tebuconazole,WP (Islanabilir Toz),6
DE PORTİVO (İMAL),"65,82 g/l Metalik bakıra eşdeğer bakır sülfat",SC (Akıcı Konsantre/Süspansiyon Konsantre),6
TRANSOL (İMAL),350 g/l Metalik bakıra eşdeğer bakır hidroksit,SC (Akıcı Konsantre/Süspansiyon Konsantre),6
MONDEO 300 SC (İMAL),300 g/l Pyrimethanil,SC (Akıcı Konsantre/Süspansiyon Konsantre),6
ALCORON (İMAL),%75 Metalik bakıra eşdeğer bakır oksit,WG (Suda Dağılabilen Granül),6
COTOLİNT 500 SC (İTHAL),500 g/l Fluometuron,SC (Akıcı Konsantre/Süspansiyon Konsantre),6
DELAXTORE 200 SL (İMAL),200 g/l Glufosinate-ammonium tuzu,SL (Suda Çözünen Konsantre),6
TIFIS WG (İMAL),"%3 Mesosulfuron-methyl + %0,6 Iodosulfuron-methyl sodium + %9 Mefenpeyr-diethyl (safener)",WG (Suda Dağılabilen Granül),6
EMTOİ CS (İTHAL),450 g/l Pendimethalin,CS (Kapsül Süspansiyon),6
ACTİVUS ® (İTHAL),75 g/l Fluxapyroxad + 50 g/l Difenoconazole,SC (Akıcı Konsantre/Süspansiyon Konsantre),6
NEEMARİN (İMAL),%5 Emamectin benzoate,SG (Suda Çözünen Granül),6
ERATİS 48 SL (İTHAL),480 g/l Glyphosate Isopropylamin Tuzu,SL (Suda Çözünen Konsantre),6
GENAGRO ZAPATA (İMAL),%5 Emamectin benzoate,SG (Suda Çözünen Granül),6
HEKTAŞ BİELLA (İMAL),200 g/l Pyrimethanil + 125 g/l Tebuconazole,SC (Akıcı Konsantre/Süspansiyon Konsantre),6
SAFA KALİBRE (İMAL),"85 g/l Pyraclostrobin + 62,5 g/l Epoxiconazole",SE (Suspo-Emülsiyon),6
MARİTİMA MAX (İMAL),200 g/l Azoxystrobin + 125 g/l Difenoconazole,SC (Akıcı Konsantre/Süspansiyon Konsantre),6
MEVAXIL BAKIR SC (İTHAL),259 g/l Metalik bakıra eşdeğer bakır hidroksit + 49 g/l Metalaxyl,SC (Akıcı Konsantre/Süspansiyon Konsantre),6
MOLTOVIN 225 SC (İTHAL),190 g/l Metalik Bakıra eşdeğer bazik bakır sülfat + 35 g/l Cymoxanil,SC (Akıcı Konsantre/Süspansiyon Konsantre),6
TAZER XPERT 111 SC (İTHAL),"80 g/l Azoxystrobin + 31,25 g/l Epoxiconazole",SC (Akıcı Konsantre/Süspansiyon Konsantre),6
"REQUİNTO SC 687,5 (İMAL)","625 g/l Propamocarb-hydrochloride + 62,5 g/l Fluopicolide",SC (Akıcı Konsantre/Süspansiyon Konsantre),6
KAZUYA (İMAL),50 g/l Lambda-cyhalothrin,EC (Emülsiye Olabilen Konsantre),6
PUERTO SC 100 (İMAL),100 g/l Spirotetramat,SC (Akıcı Konsantre/Süspansiyon Konsantre),6
MUKTI 325 SC (İTHAL),200 g/l Azoxystrobin + 125 g/l Difenoconazole,SC (Akıcı Konsantre/Süspansiyon Konsantre),6
ARPİMA (İMAL),480 g/l Ethephon + 60 g/l Cyclanilide,SC (Akıcı Konsantre/Süspansiyon Konsantre),6
PENOLAM (İMAL),"25,2 g/l Penoxsulam",OD (Yağda Dağılabilen),6
MEC-SUN (İMAL),330 g/l Pendimethalin,EC (Emülsiye Olabilen Konsantre),6
TROLL 50 EW (İMAL),50 g/l Quizalofop-p-ethyl,"EW (Emülsiyon, Suda Yağ)",6
SERIFEL (İTHAL),Bacillus amyloliquefaciens ırkı MBI 600 >5.5x10 üzeri 10 cfu/g,WP (Islanabilir Toz),6
HEADLİNE MAX (İMAL),200 g/l Azoxystrobin + 125 g/l Difenoconazole,SC (Akıcı Konsantre/Süspansiyon Konsantre),6
EFDAL SULFUR 800 SC (İMAL),800 g/l Kükürt,SC (Akıcı Konsantre/Süspansiyon Konsantre),6
AMPEXIO (İTHAL),%25 Mandipropamid + %24 Zoxamide,WG (Suda Dağılabilen Granül),6
HERBOV SG 25 (İMAL),%25 Rimsulfuron,SG (Suda Çözünen Granül),6
MİDORİ (İMAL),40 g/l Imazamox,SL (Suda Çözünen Konsantre),6
HEKTAŞ BRİO® (İMAL),240 g/l Metaflumizone,SC (Akıcı Konsantre/Süspansiyon Konsantre),6
SIMIRNA-X (İMAL),40 g/l Imazamox,SL (Suda Çözünen Konsantre),6
BELTANOL L (İTHAL),500 g/l 8- Hydroxyquinoline sulphate,SL (Suda Çözünen Konsantre),6
FASTEN SC 240 (İMAL),240 g/l Spirodiclofen,SC (Akıcı Konsantre/Süspansiyon Konsantre),6
HEKTAŞ MİTRAL WG (İMAL),%60 Fosetyl-Al + %4 Famoxadone,WG (Suda Dağılabilen Granül),6
HEKTAŞ PLUTO WG (İMAL),"%45,6 Cymoxanil + %15 Trifloxystrobin",WG (Suda Dağılabilen Granül),6
HEGEL (İTHAL),%75 Tribenuron-methyl,WG (Suda Dağılabilen Granül),6
VACATE (İMAL),%40 Iminoctadine tris (albesilate),WP (Islanabilir Toz),6
SUNPIRNE 500 SC (İMAL),500 g/l Dodine,SC (Akıcı Konsantre/Süspansiyon Konsantre),6
EUMİDAN (İMAL),%50 Captan,WP (Islanabilir Toz),6
KORTAC 100 SC (İMAL),100 g/l Alpha-cypermethrin,SC (Akıcı Konsantre/Süspansiyon Konsantre),6
SOLEMNİTY (İMAL),"%25,2 Boscalid + %12,8 Pyraclostrobin",WG (Suda Dağılabilen Granül),6
NANTES (İMAL),915 g/l S-Metolachlor + 45 g/l Benoxacor (safener),EC (Emülsiye Olabilen Konsantre),6
DE CAPITAN (İMAL),200 g/l Glufosinate-ammonium tuzu,SL (Suda Çözünen Konsantre),6
ASTANA (İMAL),50 g/l Hexythiazox,EC (Emülsiye Olabilen Konsantre),6
CLASH 10 SC (İMAL),110 g/l Etoxazole,SC (Akıcı Konsantre/Süspansiyon Konsantre),6
CAPE (İTHAL),%50 Propyzamide,WP (Islanabilir Toz),6
FLUXİA (İMAL),100 g/l Penconazole,EC (Emülsiye Olabilen Konsantre),6
FORCING (İMAL),%30 Foramsulfuron + %1 Iodosulfuron methyl-sodium + %30 Isoxadifen-ethyl (safener),WG (Suda Dağılabilen Granül),6
BROTHER 45 EC (İMAL),45 g/l Pinoxaden + 20 g/l Cloquintocet-mexyl (safener),EC (Emülsiye Olabilen Konsantre),6
KAPAR AMS-TML (İMAL),2 g Trimedlure/dispenser + Delta tipi tuzak,--- (-),6
RİMİNİ XL (İMAL),25 g/l Fludioxonil + 10 g/l Metalaxyl-m,FS (Tohum İlaçlaması İçin Akıcı Konsantre),6
ARIAS (İMAL),40 g/l Imazamox,SL (Suda Çözünen Konsantre),6
KIMROT (İMAL),250 g/l Glyphosate asite eşdeğer Glyphosate Isopropylamin Tuzu + 40 g/l Diflufenican,SC (Akıcı Konsantre/Süspansiyon Konsantre),6
ACCARO (İMAL),100 g/l Pyriproxyfen,"EW (Emülsiyon, Suda Yağ)",6
TEPRAUND 400 SC (İMAL),400 g/l Buprofezin,SC (Akıcı Konsantre/Süspansiyon Konsantre),6
KAPAR RPW (İMAL),700 mg (630 mg 4-methyl-5-nonanol) + (70 mg 4-methyl-5-nonanone)/dispenser + İskandinav tipi üç hunili tuzak + Kova tipi tuzak,--- (-),6
CORİANA (İMAL),480 g/l Ethephon,SL (Suda Çözünen Konsantre),6
BİOHERB 200 EC (İMAL),200 g/l Cyhalofop-butyl,EC (Emülsiye Olabilen Konsantre),6
ABG MEK 1.8 EC (İMAL),18 g/l Abamectin,EC (Emülsiye Olabilen Konsantre),6
NISSOMITE (İMAL),50 g/l Hexythiazox,EC (Emülsiye Olabilen Konsantre),6
WANTOS SC (İTHAL),400 g/l Buprofezin,SC (Akıcı Konsantre/Süspansiyon Konsantre),6
SUNABERON 75 WG (İTHAL),%75 Tribenuron-methyl,WG (Suda Dağılabilen Granül),6
PUTİN (İMAL),250 g/l Azoxystrobin,SC (Akıcı Konsantre/Süspansiyon Konsantre),6
BONİTA (İMAL),50 g/l Quizalofop-p-ethyl,EC (Emülsiye Olabilen Konsantre),6
EMSORRİN (İTHAL),50 g/l Hexythiazox,EC (Emülsiye Olabilen Konsantre),6
FARMOL 500 EC (İTHAL),500 g/l Imazalil,EC (Emülsiye Olabilen Konsantre),6
PHILABUSTER 400 SC (İTHAL),200 g/l Imazalil + 200 g/l Pyrimethanil,SC (Akıcı Konsantre/Süspansiyon Konsantre),6
BEST CAPTAN ® 500 (İMAL),500 g/l Captan,FL (Akıcı Konsantre/Süspansiyon Konsantre),6
MOONDRYKE OD (İMAL),"25,2 g/l Penoxsulam",OD (Yağda Dağılabilen),6
SARON SL (İMAL),"344 g/l 2,4-D asite eşdeğer dimethyl amonyum tuzu + 120 g/l Dicamba",SL (Suda Çözünen Konsantre),6
LIMITLESS (İMAL),"%3 Mesosulfuron-methyl + %0,6 Iodosulfuron-methyl sodium + %9 Mefenpeyr-diethyl (safener)",WG (Suda Dağılabilen Granül),6
PUTİNOS (İMAL),450 g/l Prochloraz,EC (Emülsiye Olabilen Konsantre),6
MAPA (İMAL),%20 Acetamiprid,SP (Suda Çözünen Toz),6
HEROK-E 400 SC (İMAL),420 g/l Bispyribac Sodium,SC (Akıcı Konsantre/Süspansiyon Konsantre),6
ANBİMEX (İMAL),"85 g/l Pyraclostrobin + 62,5 g/l Epoxiconazole",SE (Suspo-Emülsiyon),6
ALTİVAX (İMAL),25 g/l Fludioxonil + 10 g/l Metalaxyl-m,FS (Tohum İlaçlaması İçin Akıcı Konsantre),6
DİVERİA (İMAL),"%26,7 Boscalid + %6,7 Pyraclostrobin",WG (Suda Dağılabilen Granül),6
AHSARDOP 330 EC (İTHAL),330 g/l Pendimethalin,EC (Emülsiye Olabilen Konsantre),6
ZİFARM 76 WG (İMAL),%76 Ziram,WG (Suda Dağılabilen Granül),6
CASTA (İTHAL),200 g/l Glufosinate-ammonium tuzu,SL (Suda Çözünen Konsantre),6
STRIDER (İMAL),45 g/l Pinoxaden + 20 g/l Cloquintocet-mexyl (safener),EC (Emülsiye Olabilen Konsantre),6
POTENSY® 200 EC (İMAL),200 g/l Cyhalofop-butyl,EC (Emülsiye Olabilen Konsantre),6
MENTA ANJELİK (İMAL),250 g/l Azoxystrobin,SC (Akıcı Konsantre/Süspansiyon Konsantre),6
ABG ROND® 48 SL (İMAL),480 g/l Glyphosate Isopropylamin Tuzu,SL (Suda Çözünen Konsantre),6
TARHUNE® 40 SL (İMAL),40 g/l Imazamox,SL (Suda Çözünen Konsantre),6
TAVLON® (İMAL),%70 Metribuzin,WP (Islanabilir Toz),6
CODLET® (İMAL),"452,42 g/l 2,4-D 2-Ethylhexyl ester + 6,25 g/l Florasulam",SE (Suspo-Emülsiyon),6
AGROPURE 400 SC (İTHAL),400 g/l Pyrimethanil,SC (Akıcı Konsantre/Süspansiyon Konsantre),6
CABBAR 45 EC (İMAL),45 g/l Pinoxaden + 20 g/l Cloquintocet-mexyl (safener),EC (Emülsiye Olabilen Konsantre),6
DOMINUS (İTHAL),963 g/l Allyl Isothiocyanate,EC (Emülsiye Olabilen Konsantre),6
BESTOPİK®240 EC (İMAL),240 g/l Clodinafop-propargyl + 60 g/l Cloquintocet-mexyl (safener),EC (Emülsiye Olabilen Konsantre),6
SUNHALOP 200 EC (İTHAL),200 g/l Cyhalofop-butyl,EC (Emülsiye Olabilen Konsantre),6
CASTELON (İMAL),%55 Metiram + %5 Pyraclostrobin,WG (Suda Dağılabilen Granül),6
AGROBETA 500 SC (İTHAL),500 g/l Thiabendazole,SC (Akıcı Konsantre/Süspansiyon Konsantre),6
UDİMO® 75 WG (İTHAL),%75 Tribenuron-methyl,WG (Suda Dağılabilen Granül),6
CONDUCT 45 EC (İMAL),45 g/l Pinoxaden + 20 g/l Cloquintocet-mexyl (safener),EC (Emülsiye Olabilen Konsantre),6
ASTRANUR SL (İMAL),"18,8 g/l 6-Benzyladenine + 18,5 g/l Gibberellin A4/A7",SL (Suda Çözünen Konsantre),6
EMADRİS (İTHAL),250 g/l Azoxystrobin,SC (Akıcı Konsantre/Süspansiyon Konsantre),6
NANDO 500 SC (İTHAL),500 g/l Fluazinam,SC (Akıcı Konsantre/Süspansiyon Konsantre),6
SENTİNO (İMAL),267 g/l Prochloraz + 133 g/l Tebuconazole,"EW (Emülsiyon, Suda Yağ)",6
GENAGRO BORDO 20 WP (İMAL),%20 Metalik bakıra eşdeğer bordo bulamacı,WP (Islanabilir Toz),6
PAGOS 10 G (İMAL),%10 Fosthiazate,GR (Granül),6
SANCLEZ (İTHAL),240 g/l Clethodim,EC (Emülsiye Olabilen Konsantre),6
FUMIGAS % 57 TB (İTHAL),%57 Aluminium phosphide,TB (Tablet),6
FUMIGAS % 57 DP (İTHAL),%57 Aluminium phosphide,DP (Toz),6
ALLOWİN (İTHAL),%4 Metaldehyde,GB (Granül Yem),6
EMPİNA 75 DF (İTHAL),%75 Tribenuron-methyl,DF (Kuru Akışkan),6
SALDECO SC (İMAL),124 g/l Metalik bakıra eşdeğer bordo bulamacı,SC (Akıcı Konsantre/Süspansiyon Konsantre),6
KAUS WG (İMAL),"%37,5 Cyprodinil + %25 Fludioxonil",WG (Suda Dağılabilen Granül),6
VOLTRAN (İMAL),500 g/l Metrafenone,SC (Akıcı Konsantre/Süspansiyon Konsantre),6
AXİAL 050 EC (İTHAL),"50 g/l Pinoxaden + 12,5 g/l Cloquintocet-mexyl (Safener)",EC (Emülsiye Olabilen Konsantre),6
TRAXOS 050 EC (İTHAL),"25 g/l Clodinafop-propargyl + 25 g/l Pinoxaden + 6,25 g/l Cloquintocet-mexyl (safener)",EC (Emülsiye Olabilen Konsantre),6
WHEATER ™ 45 OD (İTHAL),45 g/l Pyroxsulam + 90 g/l Cloquintocet-mexyl (safener),OD (Yağda Dağılabilen),6
ADİTYA (İTHAL),240 g/l Spirodiclofen,SC (Akıcı Konsantre/Süspansiyon Konsantre),6
MİNNA (İTHAL),450 g/l Prochloraz,EC (Emülsiye Olabilen Konsantre),6
TEZULAM XL 035 FS (İMAL),25 g/l Fludioxonil + 10 g/l Metalaxyl-m,FS (Tohum İlaçlaması İçin Akıcı Konsantre),6
KORMİNEE 400 SC (İMAL),420 g/l Bispyribac Sodium,SC (Akıcı Konsantre/Süspansiyon Konsantre),6
VEPCOPPER 50 WP (İMAL),%50 Metalik bakıra eşdeğer bakır oksiklorid,WP (Islanabilir Toz),6
EFDAL BLUEGİB TABLET (İTHAL),1 g/tb Gibberellic Acid,TB (Tablet),6
TAN GÖZTAŞI (İMAL),%25 Metalik bakıra eşdeğer bakır sülfat,CR (Kristal),6
BORDOTAN 20 WP (İMAL),%20 Metalik bakıra eşdeğer bordo bulamacı,WP (Islanabilir Toz),6
ULTIO PRO SC 765 (İMAL),720 g/l Ethephon + 45 g/l Cyclanilide,SC (Akıcı Konsantre/Süspansiyon Konsantre),6
KAMOS (İMAL),250 g/l Pyraclostrobin,SC (Akıcı Konsantre/Süspansiyon Konsantre),6
EMPRİN (İTHAL),%35 Metalaxyl,DS (Kuru Tohum İlacı),6
BORDOGEN 20 WP (İMAL),%20 Metalik bakıra eşdeğer bordo bulamacı,WP (Islanabilir Toz),6
INTEGRANIL (İMAL),500 g/l Pyridalyl,EC (Emülsiye Olabilen Konsantre),6
CYPLAN 500 EC (İTHAL),500 g/l Cypermethrin,EC (Emülsiye Olabilen Konsantre),6
VENİTRO 100 SC (İMAL),100 g/l Spirotetramat,SC (Akıcı Konsantre/Süspansiyon Konsantre),6
KAPAR ORTERO (İMAL),1500 mg Methyl butenol +100 mg Cis-verbenol + 30 mg Ipsdienol/Dispenser + İskandinav Tipi Üç Hunili Tuzak,--- (-),6
HEKTAŞ AKTOR® (İMAL),500 g/l Imazalil,EC (Emülsiye Olabilen Konsantre),6
HEKTAŞ GAUSS (İMAL),720 g/l Ethephon + 45 g/l Cyclanilide,SC (Akıcı Konsantre/Süspansiyon Konsantre),6
CEPHEUS (İMAL),50 g/l Quizalofop-p-ethyl,"EW (Emülsiyon, Suda Yağ)",6
KORTE 50 WP (İMAL),%50 Propyzamide,WP (Islanabilir Toz),6
VERGASA ESTER (İMAL),"480 g/l 2,4-D asite eşdeğer Isooctylester",EC (Emülsiye Olabilen Konsantre),6
GENAGRO BOLİVAR 116 EC (İMAL),"116,2 g/l Clethodim",EC (Emülsiye Olabilen Konsantre),6
CROWN (İMAL),"480 g/l Bentazone + 22,4 g/l Imazamox",SL (Suda Çözünen Konsantre),6
PELE SC (İMAL),200 g/l Boscalid + 100 g/l Kresoxim-methyl,SC (Akıcı Konsantre/Süspansiyon Konsantre),6
FORAX (İMAL),100 g/l Amidosulfuron + 25 g/l Iodosulfuron-methyl sodium + 250 g/l Mefenpyr-diethyl (safener),OD (Yağda Dağılabilen),6
FENSİN (İMAL),480 g/l Ethephon + 60 g/l Cyclanilide,SC (Akıcı Konsantre/Süspansiyon Konsantre),6
MUZIC (İMAL),%20 Pyridaben,WP (Islanabilir Toz),6
MAHAAN (İTHAL),"%3,3 1-Methylcyclopropene",VP (Gaz Neşreden İlaç),6
UNISAFE (İTHAL),250 g/l Azoxystrobin,SC (Akıcı Konsantre/Süspansiyon Konsantre),6
BREAKER™ 240 SC (İTHAL),240 g/l Sulfoxaflor,SC (Akıcı Konsantre/Süspansiyon Konsantre),6
EXPERT TEAM WG (İMAL),"%39,75 Metalik bakıra eşdeğer bakır oksiklorid + %4,2 Cymoxanil",WG (Suda Dağılabilen Granül),6
KAARDON (İMAL),%50 Kresoxim-methyl,WG (Suda Dağılabilen Granül),6
YANKEE WG (İMAL),"%26,7 Boscalid + %6,7 Pyraclostrobin",WG (Suda Dağılabilen Granül),6
KROSVE ® 80 WP (İMAL),%80 Fosetyl-Al,WP (Islanabilir Toz),6
BURRSON (İMAL),40 g/l Nicosulfuron,OD (Yağda Dağılabilen),6
LAVİA (İMAL),"%26,7 Boscalid + %6,7 Pyraclostrobin",WG (Suda Dağılabilen Granül),6
FONDET 4F (İMAL),480 g/l Oxyfluorfen,SC (Akıcı Konsantre/Süspansiyon Konsantre),6
ACS PIDABEN M (İMAL),250 g/l Bentazone + 125 g/l MCPA,SL (Suda Çözünen Konsantre),6
CEREX AMINE (İTHAL),"500 g/l 2,4-D asite eşdeğer dimethyl amin tuzu",SL (Suda Çözünen Konsantre),6
BALATON (İTHAL),50 g/l Quizalofop-p-ethyl,EC (Emülsiye Olabilen Konsantre),6
GENAGRO PATROL 62.5 WG (İMAL),"%37,5 Cyprodinil + %25 Fludioxonil",WG (Suda Dağılabilen Granül),6
TRIANUM P (İTHAL),"Trichoderma harzianum Rifai Strain T22,1x10 üzeri 9 CFU/g",WG (Suda Dağılabilen Granül),6
DALLAS BORDO (İMAL),%20 Metalik bakıra eşdeğer bordo bulamacı,WP (Islanabilir Toz),6
EMESTO SILVER FS 118 (İTHAL),100 g/l Penflufen + 18 g/l Prothioconazole,FS (Tohum İlaçlaması İçin Akıcı Konsantre),6
PARROT EC (İMAL),250 g/l Bupirimate,EC (Emülsiye Olabilen Konsantre),6
SOLIGOR ® EC 425 (İMAL),224 g/l Spiroxamine + 148 g/l Tebuconazole + 53 g/l Prothioconazole,EC (Emülsiye Olabilen Konsantre),6
KETRON (İMAL),%60 Bensulfuron-methyl,WG (Suda Dağılabilen Granül),6
CAMIGRO (İMAL),%50 Dicamba + %25 Tritosulfuron,WG (Suda Dağılabilen Granül),6
MANTRA (İMAL),40 g/l Nicosulfuron,OD (Yağda Dağılabilen),6
BREVİS (İTHAL),%15 Metamitron,SG (Suda Çözünen Granül),6
GALMANO FS 167 (İTHAL),167 g/l Fluquinconazole,FS (Tohum İlaçlaması İçin Akıcı Konsantre),6
PAY GİBB (İMAL),20 g/l Gibberellic acid,SL (Suda Çözünen Konsantre),6
CHEVİTA 30 SC (İMAL),300 g/l Pyrimethanil,SC (Akıcı Konsantre/Süspansiyon Konsantre),6
EMOAL (İTHAL),240 g/l Oxyfluorfen,EC (Emülsiye Olabilen Konsantre),6
HARVISTA ™ 1.3 SC (İTHAL),"17,15 g/l 1-Methylcyclopropene (1-MCP)",SC (Akıcı Konsantre/Süspansiyon Konsantre),6
ACS TIRAM FORTE (İMAL),%80 Thiram,WP (Islanabilir Toz),6
TRIPP 150 EC (İMAL),150 g/l Fosthiazate,EC (Emülsiye Olabilen Konsantre),6
KARIA 20 WP (İMAL),%20 Tebufenpyrad,WP (Islanabilir Toz),6
FORNAKS (İTHAL),240 g/l Clethodim,EC (Emülsiye Olabilen Konsantre),6
POLYAS (İMAL),"18,8 g/l 6-Benzyladenine + 18,5 g/l Gibberellin A4/A7",SL (Suda Çözünen Konsantre),6
Kozagri (İMAL),720 g/l Ethephon,SL (Suda Çözünen Konsantre),6
HOCKEY XL 035 FS (İMAL),25 g/l Fludioxonil + 10 g/l Metalaxyl-m,FS (Tohum İlaçlaması İçin Akıcı Konsantre),6
HEKTAŞ LETO (İMAL),250 g/l Carfentrazone-ethyl,"EW (Emülsiyon, Suda Yağ)",6
HEKTAŞ GENESİSS (İMAL),200 g/l Carfentrazone-ethyl + 30 g/l Diuron,SE (Suspo-Emülsiyon),6
NANOCOP SC (İMAL),"357,5 g/l Metalik bakıra eşdeğer bakır oksiklorid",SC (Akıcı Konsantre/Süspansiyon Konsantre),6
MELİTHORİN 150 EC (İMAL),150 g/l Fosthiazate,EC (Emülsiye Olabilen Konsantre),6
AMPREX (İMAL),"33,7 g/l Abamectin",EC (Emülsiye Olabilen Konsantre),6
FASCINATE (İTHAL),280 g/l Glufosinate-ammonium,SL (Suda Çözünen Konsantre),6
HEKTAŞ MESSOR® (İMAL),%55 Metiram + %5 Pyraclostrobin,WG (Suda Dağılabilen Granül),6
MERTECT® 230 SC (İTHAL),230 g/l Fludioxonil,SC (Akıcı Konsantre/Süspansiyon Konsantre),6
ATLANTİS STAR WG 21.15 (İTHAL),"%4,5 Mesosulfuron-methyl + %2,25 Thiencarbazone-methyl + %0,9 Iodosulfuron-methyl-sodium + %13,5 Mefenpyr-diethyl (safener)",WG (Suda Dağılabilen Granül),6
SPARK (İTHAL),%50 Fenpyrazamine,WG (Suda Dağılabilen Granül),6
EFDAL MAGİCPRO (İMAL),40 g/l Imazamox,SL (Suda Çözünen Konsantre),6
PANAROMA 45 EC (İMAL),45 g/l Pinoxaden + 20 g/l Cloquintocet-mexyl (safener),EC (Emülsiye Olabilen Konsantre),6
Genagro Sakai 450 CS (İTHAL),450 g/l Pendimethalin,CS (Kapsül Süspansiyon),6
ACS MOXRAM WG (İMAL),"%57 Metiram + %4,8 Cymoxanil",WG (Suda Dağılabilen Granül),6
KAPAR ZS (İMAL),"50 mg (1,7)-Dioxaspiro (5,5) undecane + 70 g Carbonic acid/ Disp. + Sarı Yapışkan Tuzak",--- (-),6
HEKTAŞ SARRİTOR (İMAL),800 g/l Mineral Yağ,EC (Emülsiye Olabilen Konsantre),6
DIFERE (İTHAL),350 g/l Metalik bakıra eşdeğer bakır oksiklorid,SC (Akıcı Konsantre/Süspansiyon Konsantre),6
ACS LEYZIR 48 SC (İMAL),480 g/l Spinosad,SC (Akıcı Konsantre/Süspansiyon Konsantre),6
CRANN M EW (İMAL),75 g/l Fenoxaprop-p-ethyl + 69 g/l Mefenpyr-diethyl (safener),"EW (Emülsiyon, Suda Yağ)",6
EMAGAREN (İTHAL),%80 Thiram,WP (Islanabilir Toz),6
CARNA M (İMAL),340 g/l MCPA + 80 g/l Dicamba,SL (Suda Çözünen Konsantre),6
NAVİGATOR (İMAL),100 g/l Spirotetramat,SC (Akıcı Konsantre/Süspansiyon Konsantre),6
SORTİMENTO (İMAL),100 g/l Spirotetramat,SC (Akıcı Konsantre/Süspansiyon Konsantre),6
SYPESTO (İMAL),45 g/l Pinoxaden + 20 g/l Cloquintocet-mexyl (safener),EC (Emülsiye Olabilen Konsantre),6
LAZARUS (İMAL),400 g/l Phosphorous Acid (mono ve di-potasyum tuzları),SL (Suda Çözünen Konsantre),6
BUJUVAL EC (İMAL),915 g/l S-Metolachlor + 45 g/l Benoxacor (safener),EC (Emülsiye Olabilen Konsantre),6
SALSA (İTHAL),%75 Ethametsulfuron methyl,WP (Islanabilir Toz),6
PİL-ZUGO (İMAL),110 g/l Etoxazole,SC (Akıcı Konsantre/Süspansiyon Konsantre),6
EMAPLOR (İTHAL),%6 Metaldehyde,GB (Granül Yem),6
ONE TIME (İMAL),240 g/l Diflubenzuron + 120 g/l Lambda-cyhalothrin,SC (Akıcı Konsantre/Süspansiyon Konsantre),6
Genagro Gringo (İMAL),75 g/l Mesotrione + 30 g/l Nicosulfuron,SC (Akıcı Konsantre/Süspansiyon Konsantre),6
Basetrio (İMAL),480 g/l Mesotrione,SC (Akıcı Konsantre/Süspansiyon Konsantre),6
CANSAHİDROKSİT 2 FLOWABLE (İMAL),"361,1 g/l Metalik bakıra eşdeğer bakır hidroksit",SC (Akıcı Konsantre/Süspansiyon Konsantre),6
BAROMBI 48 SL (İTHAL),480 g/l Glyphosate Isopropylamin Tuzu,SL (Suda Çözünen Konsantre),6
DEMERES SC (İMAL),360 g/l Glyphosate asite eşdeğer Glyphosate Isopropylamin Tuzu + 30 g/l Oxyfluorfen,SC (Akıcı Konsantre/Süspansiyon Konsantre),6
SAMAND (İTHAL),%5 Emamectin benzoate,SG (Suda Çözünen Granül),6
CASTRA SC (İMAL),200 g/l Boscalid + 100 g/l Kresoxim-methyl,SC (Akıcı Konsantre/Süspansiyon Konsantre),6
LUREM-TR (İTHAL),"2,9 g Methyl-isonicotinate + Mavi Yapışkan Tuzak",--- (-),6
ACS PROCOL SC (İMAL),500 g/l Dodine,SC (Akıcı Konsantre/Süspansiyon Konsantre),6
FORMOSA (İTHAL),18 g/l Abamectin,EC (Emülsiye Olabilen Konsantre),6
PROVOKE (İMAL),200 g/l Proquinazid,EC (Emülsiye Olabilen Konsantre),6
PARROW (İMAL),240 g/l Spirodiclofen,SC (Akıcı Konsantre/Süspansiyon Konsantre),6
OBLİX (İMAL),240 g/l Spiromesifen,SC (Akıcı Konsantre/Süspansiyon Konsantre),6
Laguun 350 SC (İMAL),350 g/l Metribuzin,SC (Akıcı Konsantre/Süspansiyon Konsantre),6
DEBUT® (İTHAL),%50 Triflusulfuron-methyl,WG (Suda Dağılabilen Granül),6
DECCOZOX (İTHAL),250 g/l Azoxystrobin,SC (Akıcı Konsantre/Süspansiyon Konsantre),6
LUMPEN 10 EC (İMAL),100 g/l Pyriproxyfen,EC (Emülsiye Olabilen Konsantre),6
KINGSLEY 750 SG (İTHAL),%60 Dicamba + %15 Nicosulfuron,SG (Suda Çözünen Granül),6
ONEXON SL (İTHAL),200 g/l Diquat dibromide,SL (Suda Çözünen Konsantre),6
FIST GOLD (İTHAL),450 g/l Pendimethalin,CS (Kapsül Süspansiyon),6
FIADO (İTHAL),375 g/l Fluazinam + 150 g/l Azoxystrobin,SC (Akıcı Konsantre/Süspansiyon Konsantre),6
RANİDAP (İMAL),441 g/l Glyphosate Potasyum Tuzu,SL (Suda Çözünen Konsantre),6
EFDAL OKSİMET 240 SC (İMAL),240 g/l Methoxyfenozide,SC (Akıcı Konsantre/Süspansiyon Konsantre),6
HAGAX (İTHAL),%14 Metalik bakıra eşdeğer bakır hidroksit + %14 Metalik bakıra eşdeğer bakır oksiklorid,WG (Suda Dağılabilen Granül),6
BLOVE (İMAL),50 g/l Lambda-cyhalothrin,CS (Kapsül Süspansiyon),6
FORDUS (İMAL),250 g/l Azoxystrobin,SC (Akıcı Konsantre/Süspansiyon Konsantre),6
MORDICUS 500 SC (İTHAL),500 g/l Dimethomorph,SC (Akıcı Konsantre/Süspansiyon Konsantre),6
KORFORAM ® EC (İMAL),"452,42 g/l 2,4-D 2-Ethylhexyl ester + 6,25 g/l Florasulam",EC (Emülsiye Olabilen Konsantre),6
VIXEN (İMAL),"%25,2 Boscalid + %12,8 Pyraclostrobin",WG (Suda Dağılabilen Granül),6
KORCAMBA ® 75 WG (İMAL),%50 Dicamba + %25 Tritosulfuron,WG (Suda Dağılabilen Granül),6
BESTUTAX (İMAL),75 g/l Mesotrione + 30 g/l Nicosulfuron,SC (Akıcı Konsantre/Süspansiyon Konsantre),6
GENAGRO CASSANDRA WG (İMAL),%55 Metiram + %5 Pyraclostrobin,WG (Suda Dağılabilen Granül),6
CLAP M (İMAL),340 g/l MCPA + 80 g/l Dicamba,SL (Suda Çözünen Konsantre),6
ENTER 200 SL (İMAL),200 g/l Glufosinate-ammonium tuzu,SL (Suda Çözünen Konsantre),6
LASTHIT %5 EW (İMAL),"51,3 g/l Cyflufenamid","EW (Emülsiyon, Suda Yağ)",6
NOVADAX 36 SL (İMAL),360 g/l Hymexazole,SL (Suda Çözünen Konsantre),6
FLAŞÖR (İMAL),"%25,2 Boscalid + %12,8 Pyraclostrobin",WG (Suda Dağılabilen Granül),6
FENOTAN 240 SC (İTHAL),240 g/l Spirodiclofen,SC (Akıcı Konsantre/Süspansiyon Konsantre),6
AZOSTAR 320 SC (İMAL),200 g/l Tebuconazole + 120 g/l Azoxystrobin,SC (Akıcı Konsantre/Süspansiyon Konsantre),6
ASTRIS GOLD 200 SC (İTHAL),100 g/l Lambda-cyhalothrin + 100 g/l Lufenuron,SC (Akıcı Konsantre/Süspansiyon Konsantre),6
AZOTE 320 SC (İMAL),200 g/l Tebuconazole + 120 g/l Azoxystrobin,SC (Akıcı Konsantre/Süspansiyon Konsantre),6
EMERMEC (İTHAL),18 g/l Abamectin,EC (Emülsiye Olabilen Konsantre),6
ROTABENT (İTHAL),510 g/l Metam potassium,SL (Suda Çözünen Konsantre),6
PRO-ABDİL (İMAL),240 g/l Spirodiclofen,SC (Akıcı Konsantre/Süspansiyon Konsantre),6
FORAXON (İTHAL),50 g/l Lambda-cyhalothrin,EC (Emülsiye Olabilen Konsantre),6
GENAGRO ROMELL 80 WDG (İTHAL),%80 Kükürt,WG (Suda Dağılabilen Granül),6
MASTERGOLD ® (İMAL),"65,82 g/l Metalik bakıra eşdeğer bakır sülfat",SC (Akıcı Konsantre/Süspansiyon Konsantre),6
AMBİANO 48 SC (İMAL),480 g/l Diflubenzuron,SC (Akıcı Konsantre/Süspansiyon Konsantre),6
EMSON (İTHAL),"%46,1 Prochloraz",WP (Islanabilir Toz),6
MATRİTES (İMAL),45 g/l Pinoxaden + 20 g/l Cloquintocet-mexyl (safener),EC (Emülsiye Olabilen Konsantre),6
HESTİVAS ESTER 48 EC (İMAL),"480 g/l 2,4-D asite eşdeğer Isooctylester",EC (Emülsiye Olabilen Konsantre),6
GENAGRO SYGON 10 SC (İMAL),110 g/l Etoxazole,SC (Akıcı Konsantre/Süspansiyon Konsantre),6
CYTOWIN 5 EC (İMAL),50 g/l Hexythiazox,EC (Emülsiye Olabilen Konsantre),6
ROTRAZON 240 SC (İTHAL),160 g/l Tebuconazole + 80 g/l Azoxystrobin,SC (Akıcı Konsantre/Süspansiyon Konsantre),6
SCABBY 240 SC (İMAL),240 g/l Spiromesifen,SC (Akıcı Konsantre/Süspansiyon Konsantre),6
TRİPSOL (İTHAL),"22,5 g/l Acrinathrin + 12,6 g/l Abamectin","EW (Emülsiyon, Suda Yağ)",6
ACS MAXSULPHUR 80 WG (İTHAL),%80 Kükürt,WG (Suda Dağılabilen Granül),6
ARSELİT 100 EC (İTHAL),100 g/l Alpha-cypermethrin,EC (Emülsiye Olabilen Konsantre),6
TACZOATE SC 240 (İMAL),240 g/l Spirodiclofen,SC (Akıcı Konsantre/Süspansiyon Konsantre),6
COLONISE SC (İMAL),200 g/l Boscalid + 100 g/l Kresoxim-methyl,SC (Akıcı Konsantre/Süspansiyon Konsantre),6
EQUITY SÜPER WG 61 (İMAL),%30 Foramsulfuron + %1 Iodosulfuron methyl-sodium + %30 Isoxadifen-ethyl (safener),WG (Suda Dağılabilen Granül),6
SCOROLLAN 240 SC (İMAL),240 g/l Spirodiclofen,SC (Akıcı Konsantre/Süspansiyon Konsantre),6
HEKTAŞ TESLA (İMAL),30 g/l Mesosulfuron methyl + 6 g/l Iodosulfuron-methyl-sodium + 90 g/l Mefenpyr diethyl (safener),OD (Yağda Dağılabilen),6
KORFOSAT PREMİUM (İMAL),360 g/l Glyphosate asite eşdeğer Glyphosate Diammonium Tuzu,SL (Suda Çözünen Konsantre),6
UPHOLD 360™ SC (İTHAL),300 g/l Methoxyfenozide + 60 g/l Spinetoram,SC (Akıcı Konsantre/Süspansiyon Konsantre),6
TENLONTER 25 EC (İMAL),250 g/l Flurochloridone,EC (Emülsiye Olabilen Konsantre),6
STMELL (İMAL),75 g/l Mesotrione + 30 g/l Nicosulfuron,SC (Akıcı Konsantre/Süspansiyon Konsantre),6
RITA 400 (İMAL),400 g/l Phosphorous Acid (mono ve di-potasyum tuzları),SL (Suda Çözünen Konsantre),6
AFOROZ 40 SL (İMAL),40 g/l Imazamox,SL (Suda Çözünen Konsantre),6
PARSAGRA (İMAL),500 g/l MCPA + 40 g/l Carfentrazone,SL (Suda Çözünen Konsantre),6
KELT WG 85 (İTHAL),%85 Pyroxasulfone,WG (Suda Dağılabilen Granül),6
INTRACEPT (İMAL),240 g/l Metaflumizone,SC (Akıcı Konsantre/Süspansiyon Konsantre),6
ACS METOX SE (İMAL),"452,42 g/l 2,4-D 2-Ethylhexyl ester + 6,25 g/l Florasulam",SE (Suspo-Emülsiyon),6
DEVDATE (İMAL),310 g/l Thiophanate-methyl + 187 g/l Epoxiconazole,SC (Akıcı Konsantre/Süspansiyon Konsantre),6
KORMAİL PLUS® 10 EC (İMAL),100 g/l Pyriproxyfen,EC (Emülsiye Olabilen Konsantre),6
RAFAEL 400 EW (İMAL),267 g/l Prochloraz + 133 g/l Tebuconazole,"EW (Emülsiyon, Suda Yağ)",6
SATIR (İMAL),240 g/l Methoxyfenozide,SC (Akıcı Konsantre/Süspansiyon Konsantre),6
TUNADIS 100 EC (İMAL),100 g/l Penconazole,EC (Emülsiye Olabilen Konsantre),6
ZELVE 76 WG (İMAL),%76 Ziram,WG (Suda Dağılabilen Granül),6
EFDAL MUTİFA WG (İMAL),"%57 Metiram + %4,8 Cymoxanil",WG (Suda Dağılabilen Granül),6
MELYTOP WP (İTHAL),%70 Thiophanate-methyl,WP (Islanabilir Toz),6
LYSHA (İMAL),150 g/l Prochloraz + 42 g/l Epoxiconazole,DC (Disperse Olabilen Konsantre),6
EFDAL KİP 50 WG (İMAL),%50 Cyprodinil,WG (Suda Dağılabilen Granül),6
GENAGRO CUNTA 450 EC (İMAL),450 g/l Prochloraz,EC (Emülsiye Olabilen Konsantre),6
EMİKUR (İTHAL),722 g/l Propamocarb-hydrochloride,SL (Suda Çözünen Konsantre),6
CHIEF SC (İMAL),200 g/l Boscalid + 100 g/l Kresoxim-methyl,SC (Akıcı Konsantre/Süspansiyon Konsantre),6
ACS PRODIUS WG (İMAL),%50 Cyprodinil,WG (Suda Dağılabilen Granül),6
"PROFILER WG 71,1 (İTHAL)","%66,7 Fosetyl-Al + %4,44 Fluopicolide",WG (Suda Dağılabilen Granül),6
KORIBUT® 20 WP (İMAL),%20 Metsulfuron-methyl,WP (Islanabilir Toz),6
KOAN (İMAL),600 g/l Phosphorous Acid (mono ve di-potasyum tuzları),SL (Suda Çözünen Konsantre),6
PALEOLOG (İMAL),"25,2 g/l Penoxsulam",OD (Yağda Dağılabilen),6
SENETORIN (İMAL),480 g/l Mesotrione,SC (Akıcı Konsantre/Süspansiyon Konsantre),6
ONADRİS SC (İTHAL),250 g/l Azoxystrobin,SC (Akıcı Konsantre/Süspansiyon Konsantre),6
EFDAL DİCO 500 SC (İMAL),500 g/l Clofentezine,SC (Akıcı Konsantre/Süspansiyon Konsantre),6
DELTAMITE (İMAL),50 g/l Deltamethrin,SC (Akıcı Konsantre/Süspansiyon Konsantre),6
ROSTEAM (İMAL),"%3 Mesosulfuron-methyl + %0,6 Iodosulfuron-methyl sodium + %9 Mefenpeyr-diethyl (safener)",WG (Suda Dağılabilen Granül),6
CLİNER 20 EC (İTHAL),100 g/l Pyriproxyfen,EC (Emülsiye Olabilen Konsantre),6
GRIFON ® SC (İTHAL),136 g/l Metalik bakıra eşdeğer bakır hidroksit + 136 g/l Metalik bakıra eşdeğer bakır oksiklorid,SC (Akıcı Konsantre/Süspansiyon Konsantre),6
PANULA 20 SC (İTHAL),200 g/l Cyflumetofen,SC (Akıcı Konsantre/Süspansiyon Konsantre),6
EDOR 240 SC (İTHAL),240 g/l Spirodiclofen,SC (Akıcı Konsantre/Süspansiyon Konsantre),6
EMALETTE (İTHAL),%80 Fosetyl-Al,WP (Islanabilir Toz),6
GREEN FIRE 40 SL (İMAL),40 g/l Imazamox,SL (Suda Çözünen Konsantre),6
GENAGRO TICTANG (İMAL),"452,42 g/l 2,4-D 2-Ethylhexyl ester + 6,25 g/l Florasulam",SE (Suspo-Emülsiyon),6
EMTRAX (İTHAL),"69 g/l Fenoxaprop-p-ethyl + 34,5 g/l Cloquintocet-mexyl (safener)",EC (Emülsiye Olabilen Konsantre),6
"Alushta® 116,2 EC (İMAL)","116,2 g/l Clethodim",EC (Emülsiye Olabilen Konsantre),6
GENAGRO SONDUET ULTRA (İMAL),310 g/l Thiophanate-methyl + 187 g/l Epoxiconazole,SC (Akıcı Konsantre/Süspansiyon Konsantre),6
TERAZIN (İMAL),%30 Foramsulfuron + %1 Iodosulfuron methyl-sodium + %30 Isoxadifen-ethyl (safener),WG (Suda Dağılabilen Granül),6
OTTAWA (İMAL),124 g/l Metalik bakıra eşdeğer bordo bulamacı,SC (Akıcı Konsantre/Süspansiyon Konsantre),6
BARTOS SC (İTHAL),300 g/l Pyrimethanil,SC (Akıcı Konsantre/Süspansiyon Konsantre),6
EFDAL ROKSAN 48 SL (İMAL),480 g/l Bentazone,SL (Suda Çözünen Konsantre),6
METOLMET® WG (İMAL),"%3 Mesosulfuron-methyl + %0,6 Iodosulfuron-methyl sodium + %9 Mefenpeyr-diethyl (safener)",WG (Suda Dağılabilen Granül),6
PROLAZ 450 EC (İTHAL),450 g/l Prochloraz,EC (Emülsiye Olabilen Konsantre),6
GENAGRO BAKIR 50 WP (İTHAL),%50 Metalik bakıra eşdeğer bakır oksiklorid,WP (Islanabilir Toz),6
ZOR-BEY 035 FS (İMAL),25 g/l Fludioxonil + 10 g/l Metalaxyl-m,FS (Tohum İlaçlaması İçin Akıcı Konsantre),6
COBRA SÜPER EW (İMAL),50 g/l Quizalofop-p-ethyl,"EW (Emülsiyon, Suda Yağ)",6
SİNO 5 EC (İTHAL),50 g/l Quizalofop-p-ethyl,EC (Emülsiye Olabilen Konsantre),6
DOLMEN® 400 SC (İMAL),400 g/l Buprofezin,SC (Akıcı Konsantre/Süspansiyon Konsantre),6
EMPLAN SP (İTHAL),%20 Acetamiprid,SP (Suda Çözünen Toz),6
DELFOS (İMAL),45 g/l Pinoxaden + 20 g/l Cloquintocet-mexyl (safener),EC (Emülsiye Olabilen Konsantre),6
EFDAL KASPORA 76 WG (İMAL),%76 Ziram,WG (Suda Dağılabilen Granül),6
MADBON (İMAL),480 g/l Bentazone,SL (Suda Çözünen Konsantre),6
"DETRİN 2,5 EC (İTHAL)",25 g/l Deltamethrin,EC (Emülsiye Olabilen Konsantre),6
HELİM PELLET (İTHAL),%6 Metaldehyde,GR (Granül),6
STRIM (İTHAL),960 g/l S-Metolachlor,EC (Emülsiye Olabilen Konsantre),6
WİKİLİS (İMAL),"%3 Mesosulfuron-methyl + %0,6 Iodosulfuron-methyl sodium + %9 Mefenpeyr-diethyl (safener)",WG (Suda Dağılabilen Granül),6
EMALDA (İTHAL),50 g/l Lambda-cyhalothrin,EC (Emülsiye Olabilen Konsantre),6
PORTİCO (İMAL),40 g/l Imazamox,SL (Suda Çözünen Konsantre),6
MODENA (İMAL),150 g/l Fluazifop-p-butyl,EC (Emülsiye Olabilen Konsantre),6
HELDA (İMAL),%70 Thiophanate-methyl,WG (Suda Dağılabilen Granül),6
ALFABEN (İMAL),240 g/l Metaflumizone,SC (Akıcı Konsantre/Süspansiyon Konsantre),6
PRIAXOR® EC (İTHAL),150 g/l Pyraclostrobin+ 75 g/l Fluxapyroxad,EC (Emülsiye Olabilen Konsantre),6
SUPPORT (İMAL),100 g/l Zeta-cypermethrin,"EW (Emülsiyon, Suda Yağ)",6
INSURE® PERFORM (İTHAL),80 g/l Triticonazole + 40 g/l Pyraclostrobin,FS (Tohum İlaçlaması İçin Akıcı Konsantre),6
EMTOP (İTHAL),%70 Thiophanate-methyl,WP (Islanabilir Toz),6
SAFA CAPRİ (İMAL),%55 Metiram + %5 Pyraclostrobin,WG (Suda Dağılabilen Granül),6
AMISTAR GOLD (İTHAL),125 g/l Azoxystrobin + 125 g/l Difenoconazole,SC (Akıcı Konsantre/Süspansiyon Konsantre),6
SECTION WG (İMAL),"%26,7 Boscalid + %6,7 Pyraclostrobin",WG (Suda Dağılabilen Granül),6
TOLERATE DC (İMAL),150 g/l Prochloraz + 42 g/l Epoxiconazole,DC (Disperse Olabilen Konsantre),6
SAFA BLESS (İMAL),"%25,2 Boscalid + %12,8 Pyraclostrobin",WG (Suda Dağılabilen Granül),6
GRAVİTON SC (İMAL),100 g/l Spirotetramat,SC (Akıcı Konsantre/Süspansiyon Konsantre),6
MINTAV 2 F (İMAL),240 g/l Tau-fluvalinate,"EW (Emülsiyon, Suda Yağ)",6
LACERTA MAXX (İMAL),200 g/l Azoxystrobin + 125 g/l Difenoconazole,SC (Akıcı Konsantre/Süspansiyon Konsantre),6
DİCAPRİO (İMAL),700 g/l Metalik bakıra eşdeğer bakır oksiklorid,SC (Akıcı Konsantre/Süspansiyon Konsantre),6
RUTRAT (İMAL),%50 Dicamba + %25 Tritosulfuron,WG (Suda Dağılabilen Granül),6
TEMPE (İMAL),"25,2 g/l Penoxsulam",OD (Yağda Dağılabilen),6
İLKALAN 364 SE (İMAL),557 g/l MCPA -Ethylhexyl Ester + 7 g/l Florasulam,SE (Suspo-Emülsiyon),6
TANGMASTER (İMAL),%50 Azimsulfuron,WG (Suda Dağılabilen Granül),6
SPHINX (İMAL),%75 Tribenuron-methyl,WG (Suda Dağılabilen Granül),6
JAWA (İMAL),"452,42 g/l 2,4-D 2-Ethylhexyl ester + 6,25 g/l Florasulam",SE (Suspo-Emülsiyon),6
OPENAX (İMAL),50 g/l Lufenuron,EC (Emülsiye Olabilen Konsantre),6
IMPREZA (İMAL),310 g/l Thiophanate-methyl + 187 g/l Epoxiconazole,SC (Akıcı Konsantre/Süspansiyon Konsantre),6
EXİREL 100 SE (İTHAL),100 g/l Cyantraniliprole,SE (Suspo-Emülsiyon),6
DEGLAROT WG (İMAL),%30 Aminopyralid + %15 Florasulam,WG (Suda Dağılabilen Granül),6
TOLYPAREN 20 SC (İMAL),200 g/l Chlorantraniliprole,SC (Akıcı Konsantre/Süspansiyon Konsantre),6
CİRCADEN 200 SC (İTHAL),200 g/l Cyantraniliprole,SC (Akıcı Konsantre/Süspansiyon Konsantre),6
DAGROXİ OPTİ (İMAL),%30 Metalik bakıra eşdeğer bakır hidroksit,WG (Suda Dağılabilen Granül),6
STATUS 435 SC (İMAL),435 g/l Pendimethalin,SC (Akıcı Konsantre/Süspansiyon Konsantre),6
CUPROZIN 35 WP (İTHAL),%35 Metalik bakıra eşdeğer bakır oksiklorid,WP (Islanabilir Toz),6
DEVİSA (İMAL),100 g/l Alpha-cypermethrin,EC (Emülsiye Olabilen Konsantre),6
MİDASH WG 75 (İMAL),%50 Tebuconazole + %25 Trifloxystrobin,WG (Suda Dağılabilen Granül),6
DEFLATE 250 WG (İMAL),%25 Spinetoram,WG (Suda Dağılabilen Granül),6
VETAFOR® 20 WP (İMAL),%20 Metsulfuron-methyl,WP (Islanabilir Toz),6
FORTENZA 600 FS (İTHAL),600 g/l Cyantraniliprole,FS (Tohum İlaçlaması İçin Akıcı Konsantre),6
RAMSES (İMAL),%25 Rimsulfuron,SG (Suda Çözünen Granül),6
NOLITO (İMAL),240 g/l Clethodim,EC (Emülsiye Olabilen Konsantre),6
REBLOX (İMAL),250 g/l Bentazone + 125 g/l MCPA,SL (Suda Çözünen Konsantre),6
SURAGE (İMAL),%75 Sulfosulfuron,WG (Suda Dağılabilen Granül),6
TRADOR 45 EC (İMAL),"22,5 g/l Pinoxaden + 22,5 g/l Clodinafop-propargyl + 5,63 g/l Cloquintocet-mexyl (safener)",EC (Emülsiye Olabilen Konsantre),6
NONSTOP 200 EC (İMAL),200 g/l Profoxydim,EC (Emülsiye Olabilen Konsantre),6
KİMONO 100 SC (İMAL),100 g/l Spirotetramat,SC (Akıcı Konsantre/Süspansiyon Konsantre),6
ORENTAL (İMAL),240 g/l Spiromesifen,SC (Akıcı Konsantre/Süspansiyon Konsantre),6
RESERVE (İMAL),240 g/l Metaflumizone,SC (Akıcı Konsantre/Süspansiyon Konsantre),6
BOHEM 200 SC (İMAL),200 g/l Fenazaquin,SC (Akıcı Konsantre/Süspansiyon Konsantre),6
EFDAL PİRANİL 100 EC (İMAL),100 g/l Propaquizafop,EC (Emülsiye Olabilen Konsantre),6
HARU (İTHAL),%10 Acetamiprid + %3 Lambda-cyhalothrin,WG (Suda Dağılabilen Granül),6
QINITIUM (İMAL),650 g/l Malathion,EC (Emülsiye Olabilen Konsantre),6
PROVENT (İMAL),240 g/l Methoxyfenozide,SC (Akıcı Konsantre/Süspansiyon Konsantre),6
SAFEZONE (İMAL),915 g/l S-Metolachlor + 45 g/l Benoxacor (safener),EC (Emülsiye Olabilen Konsantre),6
SADABAT® 60 SL (İMAL),60 g/l Metconazole,SL (Suda Çözünen Konsantre),6
FUDO (İMAL),150 g/l Fluazifop-p-butyl,EC (Emülsiye Olabilen Konsantre),6
METAGRI (İMAL),"452,42 g/l 2,4-D 2-Ethylhexyl ester + 6,25 g/l Florasulam",SE (Suspo-Emülsiyon),6
KORANİL® 500 SC (İMAL),500 g/l Cyprodinil,SC (Akıcı Konsantre/Süspansiyon Konsantre),6
MAXİM QUATTRO (İTHAL),"300 g/l Thiabendazole + 37,5 g/l Fludioxonil + 30 g/l Metalaxyl-m + 15 g/l Azoxystrobin",FS (Tohum İlaçlaması İçin Akıcı Konsantre),6
ARTELTRA (İMAL),"22,5 g/l Foramsulfuron",SC (Akıcı Konsantre/Süspansiyon Konsantre),6
SPOTRAZ 10 EC (İMAL),100 g/l Pyriproxyfen,EC (Emülsiye Olabilen Konsantre),6
AKROPOL 05 SG (İMAL),%5 Emamectin benzoate,SG (Suda Çözünen Granül),6
DAGRO WENA (İMAL),50 g/l Lambda-cyhalothrin,EC (Emülsiye Olabilen Konsantre),6
FYFANON 440 EW (İTHAL),440 g/l Malathion,"EW (Emülsiyon, Suda Yağ)",6
PERMİT® 25 EC (İTHAL),250 g/l Cypermethrin,EC (Emülsiye Olabilen Konsantre),6
CLONART (İMAL),150 g/l Fluazifop-p-butyl,EC (Emülsiye Olabilen Konsantre),6
PEDALIZA 063 SC (İMAL),45 g/l Chlorantraniliprole + 18 g/l Abamectin,SC (Akıcı Konsantre/Süspansiyon Konsantre),6
SUNVİSO WG (İMAL),"%57 Metiram + %4,8 Cymoxanil",WG (Suda Dağılabilen Granül),6
DECIS TRAP (İTHAL),"0,015 g Deltamethrin + 7,8 g Ammonium acetate + 0,5 g Chlorohydrate trimethylamine + 0,03 g 1.5-Diaminopentane/ Tuzak",--- (-),6
TATAMİ WG 75 (İMAL),%50 Tebuconazole + %25 Trifloxystrobin,WG (Suda Dağılabilen Granül),6
TOPGUARD EQ (İTHAL),296 g/l Azoxystrobin + 218 g/l Flutriafol,SC (Akıcı Konsantre/Süspansiyon Konsantre),6
OLKOR 500 SC (İMAL),500 g/l Fenhexamid,SC (Akıcı Konsantre/Süspansiyon Konsantre),6
ACANTO® PLUS (İTHAL),200 g/l Picoxystrobin + 80 g/l Cyproconazole,SC (Akıcı Konsantre/Süspansiyon Konsantre),6
DRENCH (İMAL),%50 Kresoxim-methyl,WG (Suda Dağılabilen Granül),6
HERATAN 2.5 EC (İTHAL),25 g/l Deltamethrin,EC (Emülsiye Olabilen Konsantre),6
ARTIM 3C (İMAL),460 g/l Chlormequat Chloride,SL (Suda Çözünen Konsantre),6
EMAREBENO® 05 SG (İMAL),%5 Emamectin benzoate,SG (Suda Çözünen Granül),6
ETHONN ULTRA (İMAL),75 g/l Mesotrione + 30 g/l Nicosulfuron,SC (Akıcı Konsantre/Süspansiyon Konsantre),6
EFDAL GÖZTAŞIM (İMAL),%25 Metalik bakıra eşdeğer bakır sülfat,CR (Kristal),6
EFDAL TEBUXIL FS 60 (İMAL),60 g/l Tebuconazole,FS (Tohum İlaçlaması İçin Akıcı Konsantre),6
FOÇA WG (İMAL),%55 Metiram + %5 Pyraclostrobin,WG (Suda Dağılabilen Granül),6
SYSTIVA (İTHAL),333 g/l Fluxapyroxad,FS (Tohum İlaçlaması İçin Akıcı Konsantre),6
HARMAN GÖZTAŞI (İMAL),%25 Metalik bakıra eşdeğer bakır sülfat,CR (Kristal),6
BORYSPİL® 35 FS (İMAL),25 g/l Fludioxonil + 10 g/l Metalaxyl-m,FS (Tohum İlaçlaması İçin Akıcı Konsantre),6
COPENTAN SC® (İMAL),"65,82 g/l Metalik bakıra eşdeğer bakır sülfat",SC (Akıcı Konsantre/Süspansiyon Konsantre),6
RAGUSA (İMAL),%40 Metalik bakıra eşdeğer bakır oksiklorid + %6 Dimethomorp,WP (Islanabilir Toz),6
ELEVATE (İMAL),460 g/l Chlormequat Chloride,SL (Suda Çözünen Konsantre),6
SAFMAT (İMAL),460 g/l Chlormequat Chloride,SL (Suda Çözünen Konsantre),6
CARMESİ (İMAL),"%37,5 Cyprodinil + %25 Fludioxonil",WG (Suda Dağılabilen Granül),6
AMORİUM 50 WG (İMAL),%50 Cyprodinil,WG (Suda Dağılabilen Granül),6
LARİSSA WG (İMAL),"%15 Triflumizole + %3,4 Cyflufenamid",WG (Suda Dağılabilen Granül),6
"SKYPE 62,5 WG (İMAL)","%37,5 Cyprodinil + %25 Fludioxonil",WG (Suda Dağılabilen Granül),6
SAVANT SL 50 (İMAL),150 g/l Indoxacarb,SC (Akıcı Konsantre/Süspansiyon Konsantre),6
COTTONEX 500 SC (İTHAL),500 g/l Fluometuron,SC (Akıcı Konsantre/Süspansiyon Konsantre),6
FIVESTAR 100 EW (İMAL),100 g/l Pyriproxyfen,"EW (Emülsiyon, Suda Yağ)",6
PYRİCAPS 200 CS (İMAL),200 g/l Pyriproxyfen,CS (Kapsül Süspansiyon),6
EVERTON®ULTRA 60 WG (İMAL),%55 Metiram + %5 Pyraclostrobin,WG (Suda Dağılabilen Granül),6
EMPUSA® (İTHAL),%5 Emamectin benzoate,SG (Suda Çözünen Granül),6
VERBATİM (İMAL),%80 Fosetyl-Al,WP (Islanabilir Toz),6
AGROFEN 10 EC (İMAL),100 g/l Pyriproxyfen,EC (Emülsiye Olabilen Konsantre),6
FERRİGARD 600 (İMAL),600 g/l Phosphorous Acid (mono ve di-potasyum tuzları),SL (Suda Çözünen Konsantre),6
MİXEVER (İMAL),25 g/l Fludioxonil + 10 g/l Metalaxyl-m,FS (Tohum İlaçlaması İçin Akıcı Konsantre),6
PLATIN MALATHION 65 EC (İMAL),650 g/l Malathion,EC (Emülsiye Olabilen Konsantre),6
CUMBA 100 EC (İMAL),100 g/l Penconazole,EC (Emülsiye Olabilen Konsantre),6
ARAUCO 720 WG (İTHAL),%38 Thifensulfuron-methyl + %19 Tribenuron-methyl + %15 Metsulfuron-methyl,WG (Suda Dağılabilen Granül),6
Banvel 480 SL (İTHAL),480 g/l Dicamba,SL (Suda Çözünen Konsantre),6
GOLDWIN 30 WG (İMAL),%30 Indoxacarb,WG (Suda Dağılabilen Granül),6
QUANTOS (İMAL),200 g/l Boscalid + 100 g/l Kresoxim-methyl,SC (Akıcı Konsantre/Süspansiyon Konsantre),6
ENİGMA 20 WP (İMAL),%20 Pyridaben,WP (Islanabilir Toz),6
COPERHID® 30 DF (İMAL),%30 Metalik bakıra eşdeğer bakır hidroksit,WG (Suda Dağılabilen Granül),6
CORRİDOR 50 SC (İMAL),500 g/l Fenhexamid,SC (Akıcı Konsantre/Süspansiyon Konsantre),6
BENEVİA 100 OD (İTHAL),100 g/l Cyantraniliprole,OD (Yağda Dağılabilen),6
EFDAL AZPHOS 50 EC (İMAL),500 g/l Pirimiphos methyl,EC (Emülsiye Olabilen Konsantre),6
PİANTA 240 SC (İMAL),240 g/l Methoxyfenozide,SC (Akıcı Konsantre/Süspansiyon Konsantre),6
TURNOFF (İMAL),"%37,5 Cyprodinil + %25 Fludioxonil",WG (Suda Dağılabilen Granül),6
REDIGO M FS 120 (İTHAL),100 g/l Prothioconazole + 20 g/l Metalaxyl,FS (Tohum İlaçlaması İçin Akıcı Konsantre),6
SORENTO (İMAL),50 g/l Quizalofop-p-ethyl,EC (Emülsiye Olabilen Konsantre),6
PERSPECTA 240 (İMAL),240 g/l Bifenazate,SC (Akıcı Konsantre/Süspansiyon Konsantre),6
PLANSTAR (İMAL),%75 Tribenuron-methyl,WG (Suda Dağılabilen Granül),6
BASULTRA 200 SL (İMAL),200 g/l Glufosinate-ammonium tuzu,SL (Suda Çözünen Konsantre),6
MADBON-M (İMAL),250 g/l Bentazone + 125 g/l MCPA,SL (Suda Çözünen Konsantre),6
RİZAM WG (İMAL),%76 Ziram,WG (Suda Dağılabilen Granül),6
KUKU (İMAL),%50 Cyprodinil,WG (Suda Dağılabilen Granül),6
STILY MAX (İMAL),100 g/l Fludioxonil,FS (Tohum İlaçlaması İçin Akıcı Konsantre),6
KERB™ FLO 400 SC (İTHAL),400 g/l Propyzamide,SC (Akıcı Konsantre/Süspansiyon Konsantre),6
MALAMALA 30 DG (İMAL),%30 Indoxacarb,WG (Suda Dağılabilen Granül),6
ABBA EW (İMAL),18 g/l Abamectin,"EW (Emülsiyon, Suda Yağ)",6
TRAPEZ 50 EC (İMAL),500 g/l Pirimiphos methyl,EC (Emülsiye Olabilen Konsantre),6
ERWİNA (İMAL),50 g/l Fenbuconazole,EC (Emülsiye Olabilen Konsantre),6
CHARGE 50 WG (İMAL),%50 Kresoxim-methyl,WG (Suda Dağılabilen Granül),6
MALAMALA 150 SC (İMAL),150 g/l Indoxacarb,SC (Akıcı Konsantre/Süspansiyon Konsantre),6
TALDEX PELLET (İMAL),%5 Metaldehyde,GB (Granül Yem),6
REGLONE (İTHAL),200 g/l Diquat,SL (Suda Çözünen Konsantre),6
NAZATEM® TOP (İMAL),200 g/l Azoxystrobin + 125 g/l Difenoconazole,SC (Akıcı Konsantre/Süspansiyon Konsantre),6
AZOBİN SC (İMAL),250 g/l Azoxystrobin,SC (Akıcı Konsantre/Süspansiyon Konsantre),6
BRIOZIL (İTHAL),100 g/l 2-Phenylphenol + 75 g/l Imazalil,EC (Emülsiye Olabilen Konsantre),6
DAGROQUIN (İMAL),"%30 Cymoxanil + %22,5 Famoxadone",WG (Suda Dağılabilen Granül),6
ARTMITE 5 EC (İMAL),50 g/l Hexythiazox,EC (Emülsiye Olabilen Konsantre),6
INSERT® WG (İMAL),"%57 Metiram + %4,8 Cymoxanil",WG (Suda Dağılabilen Granül),6
REDRUM 10 SC (İMAL),110 g/l Etoxazole,SC (Akıcı Konsantre/Süspansiyon Konsantre),6
REVUS PRO (İTHAL),250 g/l Difenoconazole + 250 g/l Mandipropamid,SC (Akıcı Konsantre/Süspansiyon Konsantre),6
KORUMA BORDOMİX® 20 WP (İMAL),%20 Metalik bakıra eşdeğer bordo bulamacı,WP (Islanabilir Toz),6
MİCROGARD PLUS X2 (İMAL),400 g/l Cyhalofop-butyl + 35 g/l Bispyribac Sodium,OD (Yağda Dağılabilen),6
AGROFARM SUPRA OD 120 (İMAL),30 g/l Mesosulfuron-methyl + 90 g/l Mefenpyr-diethyl (safener),OD (Yağda Dağılabilen),6
DONCEP (İMAL),%25 Rimsulfuron,WG (Suda Dağılabilen Granül),6
CRAX 60 DF (İMAL),%60 Bensulfuron-methyl,WG (Suda Dağılabilen Granül),6
TRANSFORM™ 500 WG (İTHAL),%50 Sulfoxaflor,WG (Suda Dağılabilen Granül),6
ORBİT OD 120 (İMAL),30 g/l Mesosulfuron-methyl + 90 g/l Mefenpyr-diethyl (safener),OD (Yağda Dağılabilen),6
MENTA MEDIAN (İMAL),240 g/l Spirodiclofen,SC (Akıcı Konsantre/Süspansiyon Konsantre),6
FENİX WDG (İMAL),"%57 Metiram + %4,8 Cymoxanil",WG (Suda Dağılabilen Granül),6
KORTİRAM FORTE 80 WG (İMAL),%80 Thiram,WG (Suda Dağılabilen Granül),6
KORUMA FALTAN EXTRA (İMAL),%60 Folpet + %15 Prochloraz,WP (Islanabilir Toz),6
KORUMA FALTAN 80 WG (İMAL),%80 Folpet,WG (Suda Dağılabilen Granül),6
FLUART 075 EW (İMAL),75 g/l Fenoxaprop-p-ethyl + 30 g/l Fenchlorazole-ethyl (safener),"EW (Emülsiyon, Suda Yağ)",6
TRIPP 900 EC (İMAL),900 g/l Fosthiazate,EC (Emülsiye Olabilen Konsantre),6
PANSANDO 240 SC (İMAL),240 g/l Spirodiclofen,SC (Akıcı Konsantre/Süspansiyon Konsantre),6
DARK BLUE 50 WP (İMAL),%50 Captan,WP (Islanabilir Toz),6
TUGART (İMAL),%50 Trifloxystrobin,WG (Suda Dağılabilen Granül),6
EFDAL FENROX (İMAL),50 g/l Fenpyroximate,SC (Akıcı Konsantre/Süspansiyon Konsantre),6
EFDAL BİSOD SC 400 (İMAL),420 g/l Bispyribac Sodium,SC (Akıcı Konsantre/Süspansiyon Konsantre),6
LEGEND (İMAL),200 g/l Cyhalofop-butyl,EC (Emülsiye Olabilen Konsantre),6
BKS T-LURE (İTHAL),"0,5 mg(EZZ-3,8,11 )-Tetradecatrienyl Acetate (95%)+EZ -3,8 -tetradecadienyl acetate (%5) / kapsül+Delta Tuzak",--- (-),6
HERON WG (İMAL),"%26,7 Boscalid + %6,7 Pyraclostrobin",WG (Suda Dağılabilen Granül),6
DECARS ULTRA SC (İMAL),310 g/l Thiophanate-methyl + 187 g/l Epoxiconazole,SC (Akıcı Konsantre/Süspansiyon Konsantre),6
BORDOMEN (İMAL),%20 Metalik bakıra eşdeğer bordo bulamacı,WP (Islanabilir Toz),6
CURZANTON (İMAL),%50 Cymoxanil,WP (Islanabilir Toz),6
KROŞET (İMAL),%50 Cymoxanil,WP (Islanabilir Toz),6
EVERGATE PRO (İMAL),"%30 Cymoxanil + %22,5 Famoxadone",WG (Suda Dağılabilen Granül),6
KAVROL 48 SC (İMAL),480 g/l Mesotrione,SC (Akıcı Konsantre/Süspansiyon Konsantre),6
PRİMETOD (İMAL),480 g/l Glyphosate Isopropylamin Tuzu,SL (Suda Çözünen Konsantre),6
TOMKİN (İMAL),240 g/l Clodinafop-propargyl + 60 g/l Cloquintocet-mexyl (safener),EC (Emülsiye Olabilen Konsantre),6
TAK-GİBB (İMAL),20 g/l Gibberellic acid,SL (Suda Çözünen Konsantre),6
ACS MAXGIBB 20 SL (İMAL),20 g/l Gibberellic acid,SL (Suda Çözünen Konsantre),6
FORS SUPER (İMAL),"69 g/l Fenoxaprop-p-ethyl + 34,5 g/l Cloquintocet-mexyl (safener)","EW (Emülsiyon, Suda Yağ)",6
POLYMITE 20 WP (İMAL),%20 Pyridaben,WP (Islanabilir Toz),6
FORGIVEN 20 WP (İMAL),%20 Tebufenpyrad,WP (Islanabilir Toz),6
THALES (İMAL),400 g/l Buprofezin,SC (Akıcı Konsantre/Süspansiyon Konsantre),6
TITUS (İMAL),18 g/l Abamectin,EC (Emülsiye Olabilen Konsantre),6
ACS SAYOKAN 5 EC (İMAL),50 g/l Lambda-cyhalothrin,EC (Emülsiye Olabilen Konsantre),6
ACTUAL 20 WP (İMAL),%20 Tebufenpyrad,WP (Islanabilir Toz),6
CONCİD 5 EC (İMAL),50 g/l Hexythiazox,EC (Emülsiye Olabilen Konsantre),6
MOZART 240 EC (İMAL),240 g/l Oxyfluorfen,EC (Emülsiye Olabilen Konsantre),6
TERSANE (İMAL),"69 g/l Fenoxaprop-p-ethyl + 34,5 g/l Cloquintocet-mexyl (safener)","EW (Emülsiyon, Suda Yağ)",6
INGLYPOSAT (İMAL),480 g/l Glyphosate Isopropylamin Tuzu,SL (Suda Çözünen Konsantre),6
GRİPSON (İMAL),"452,42 g/l 2,4-D 2-Ethylhexyl ester + 6,25 g/l Florasulam",SE (Suspo-Emülsiyon),6
PAGE SUPER (İMAL),"69 g/l Fenoxaprop-p-ethyl + 34,5 g/l Cloquintocet-mexyl (safener)","EW (Emülsiyon, Suda Yağ)",6
HALTER (İMAL),%10 Chlorsulfuron,WP (Islanabilir Toz),6
CONİL 2 DS (İMAL),%2 Tebuconazole,DS (Kuru Tohum İlacı),6
QUADRANT (İMAL),50 g/l Quizalofop-p-ethyl,EC (Emülsiye Olabilen Konsantre),6
TOURE (İMAL),240 g/l Oxyfluorfen,EC (Emülsiye Olabilen Konsantre),6
TEBUJİ 250 EW (İMAL),250 g/l Tebuconazole,"EW (Emülsiyon, Suda Yağ)",6
CANSUPRAN (İMAL),"344 g/l 2,4-D asite eşdeğer dimethyl amonyum tuzu + 120 g/l Dicamba",SL (Suda Çözünen Konsantre),6
VECHTOR WG (İMAL),"%26,7 Boscalid + %6,7 Pyraclostrobin",WG (Suda Dağılabilen Granül),6
CHITA 500 SC (İMAL),500 g/l Dodine,SC (Akıcı Konsantre/Süspansiyon Konsantre),6
BORECAF (İMAL),%20 Metalik bakıra eşdeğer bordo bulamacı,WP (Islanabilir Toz),6
BURJUVA (İMAL),"%30 Cymoxanil + %22,5 Famoxadone",WG (Suda Dağılabilen Granül),6
FOURMEN 70 WG (İMAL),%70 Thiophanate-methyl,WG (Suda Dağılabilen Granül),6
TRUMAN 5 SG (İMAL),%5 Emamectin benzoate,SG (Suda Çözünen Granül),6
FORGARD 5 SG (İMAL),%5 Emamectin benzoate,SG (Suda Çözünen Granül),6
TURSAM 101 (İMAL),"451,4 g/l 2,4-D (2,4-D Dichlorophenoxy) acetic acid tri-isopropyl amin tuzu + 116,3 gl Picloram",SL (Suda Çözünen Konsantre),6
KORLİSTRO SC (İMAL),480 g/l Mesotrione,SC (Akıcı Konsantre/Süspansiyon Konsantre),6
"SENCOR GOLD WG 41,5 (İTHAL)","%24 Flufenacet + %17,5 Metribuzin",WG (Suda Dağılabilen Granül),6
CICINGER 40 SC (İMAL),40 g/l Nicosulfuron,SC (Akıcı Konsantre/Süspansiyon Konsantre),6
MANCESTER-S XL (İMAL),930 g/l S-Metolachlor + 31 g/l Benoxacor (safener),EC (Emülsiye Olabilen Konsantre),6
DAGRO FİNS (İMAL),"500 g/l 2,4-D asite eşdeğer dimethyl amin tuzu",SL (Suda Çözünen Konsantre),6
MANCESTER-S (İMAL),915 g/l S-Metolachlor + 45 g/l Benoxacor (safener),EC (Emülsiye Olabilen Konsantre),6
FİXTÜR (İMAL),100 g/l Penconazole,EC (Emülsiye Olabilen Konsantre),6
TRİFORT 80 WP (İMAL),%80 Thiram,WP (Islanabilir Toz),6
ERADIT WG (İMAL),%50 Kresoxim-methyl,WG (Suda Dağılabilen Granül),6
BARRET (İMAL),%80 Fosetyl-Al,WP (Islanabilir Toz),6
HEKTAŞ MENTOR (İMAL),240 g/l Oxyfluorfen,EC (Emülsiye Olabilen Konsantre),6
MYPOS (İMAL),300 g/l Pyrimethanil,SC (Akıcı Konsantre/Süspansiyon Konsantre),6
ELPİS (İMAL),40 g/l Imazamox,SL (Suda Çözünen Konsantre),6
KAJUU (İMAL),200 g/l Boscalid + 100 g/l Kresoxim-methyl,SC (Akıcı Konsantre/Süspansiyon Konsantre),6
PLATINALIDA 50 EC (İMAL),500 g/l Imazalil,EC (Emülsiye Olabilen Konsantre),6
TOPGRO 40 WP (İMAL),%25 Thiophanate-methyl + %15 Etridiazole,WP (Islanabilir Toz),6
ARTERY 250 EC (İMAL),250 g/l Difenoconazole,EC (Emülsiye Olabilen Konsantre),6
SALDECO 20 WG (İMAL),%20 Metalik bakıra eşdeğer bordo bulamacı,WG (Suda Dağılabilen Granül),6
MERCATO (İMAL),10 g/l Azadirachtin A,EC (Emülsiye Olabilen Konsantre),6
HEKTAŞ VOLON (İMAL),%35 Metalik bakıra eşdeğer bakır hidroksit,WG (Suda Dağılabilen Granül),6
ASSAİL 80 WP (İMAL),%80 Fosetyl-Al,WP (Islanabilir Toz),6
DAGRO VİSO (İMAL),"%57 Metiram + %4,8 Cymoxanil",WG (Suda Dağılabilen Granül),6
HEKTAŞ BORDO FLOWABLE (İMAL),124 g/l Metalik bakıra eşdeğer bordo bulamacı,SC (Akıcı Konsantre/Süspansiyon Konsantre),6
MENUET (İMAL),480 g/l Spinosad,SC (Akıcı Konsantre/Süspansiyon Konsantre),6
TECPASS 200 EW (İMAL),200 g/l Penconazole,"EW (Emülsiyon, Suda Yağ)",6
DAGRO ACARİD (İMAL),240 g/l Spirodiclofen,SC (Akıcı Konsantre/Süspansiyon Konsantre),6
DETAFLO (İTHAL),%80 Kükürt,WG (Suda Dağılabilen Granül),6
Hektaş Fibon (İMAL),240 g/l Spiromesifen,SC (Akıcı Konsantre/Süspansiyon Konsantre),6
MASERATTI (İMAL),"452,42 g/l 2,4-D 2-Ethylhexyl ester + 6,25 g/l Florasulam",SE (Suspo-Emülsiyon),6
EFDAL SİPROFEN SC 240 (İMAL),240 g/l Spirodiclofen,SC (Akıcı Konsantre/Süspansiyon Konsantre),6
MASTEK (İMAL),"452,42 g/l 2,4-D 2-Ethylhexyl ester + 6,25 g/l Florasulam",SE (Suspo-Emülsiyon),6
EXAMIT 40 EC (İMAL),40 g/l Quizalofop-p-tefuryl,EC (Emülsiye Olabilen Konsantre),6
KORAZIM (İMAL),100 g/l Clopyralid,SL (Suda Çözünen Konsantre),6
KEERMONY (İMAL),%70 Thiophanate-methyl,WP (Islanabilir Toz),6
MODDEVON (İMAL),100 g/l Spirotetramat,SC (Akıcı Konsantre/Süspansiyon Konsantre),6
CATRA 35 DS (İMAL),%35 Metalaxyl,DS (Kuru Tohum İlacı),6
MONCERA (İMAL),%70 Thiophanate-methyl,WP (Islanabilir Toz),6
KRANCH 50 WG (İMAL),%50 Cyprodinil,WG (Suda Dağılabilen Granül),6
HEKTAŞ METİS (İMAL),"%26,7 Boscalid + %6,7 Pyraclostrobin",WG (Suda Dağılabilen Granül),6
PREVAİL (İMAL),250 g/l Azoxystrobin,SC (Akıcı Konsantre/Süspansiyon Konsantre),6
YEKDOZ WG (İMAL),"%37,5 Cyprodinil + %25 Fludioxonil",WG (Suda Dağılabilen Granül),6
DAGRO EXXO (İMAL),240 g/l Spiromesifen,SC (Akıcı Konsantre/Süspansiyon Konsantre),6
DAGRO FLİXA (İMAL),100 g/l Pyriproxyfen,EC (Emülsiye Olabilen Konsantre),6
ASİST 10 EC (İMAL),100 g/l Pyriproxyfen,EC (Emülsiye Olabilen Konsantre),6
MİRALAV 100 SC (İMAL),100 g/l Spirotetramat,SC (Akıcı Konsantre/Süspansiyon Konsantre),6
MELPRİN XL 350 ES (İMAL),350 g/l Metalaxyl-m,ES (Emülsiyon Tohum İlacı),6
RAİDER SÜPER (İMAL),185 g/l Spirodiclofen + 15 g/l Abamectin,SC (Akıcı Konsantre/Süspansiyon Konsantre),6
SUPRATOX (İMAL),%50 Formetanate hydrochloride,SP (Suda Çözünen Toz),6
EXODİA (İMAL),110 g/l Etoxazole,SC (Akıcı Konsantre/Süspansiyon Konsantre),6
GANGSTER (İMAL),%50 Formetanate hydrochloride,SP (Suda Çözünen Toz),6
MENTA PRESTO (İMAL),240 g/l Spiromesifen,SC (Akıcı Konsantre/Süspansiyon Konsantre),6
CROPSTAR (İMAL),310 g/l Thiophanate-methyl + 187 g/l Epoxiconazole,SC (Akıcı Konsantre/Süspansiyon Konsantre),6
KORPULA 75 WG (İMAL),%75 Halosulfuron-methyl,WG (Suda Dağılabilen Granül),6
MENTA TRİGON (İMAL),150 g/l Indoxacarb,SC (Akıcı Konsantre/Süspansiyon Konsantre),6
KURAME FORTE (İTHAL),%25 Metalik bakıra eşdeğer bakır oksiklorid + %4 Cymoxanil,WG (Suda Dağılabilen Granül),6
STINGER % 40 WSG (İMAL),%40 Gibberellic Acid,WG (Suda Dağılabilen Granül),6
DYNAM (İMAL),"18,8 g/l 6-Benzyladenine + 18,5 g/l Gibberellin A4/A7",SL (Suda Çözünen Konsantre),6
SERCADİS (İTHAL),300 g/l Fluxapyroxad,SC (Akıcı Konsantre/Süspansiyon Konsantre),6
TORONTO (İMAL),200 g/l Proquinazid,SC (Akıcı Konsantre/Süspansiyon Konsantre),6
MEGAFILL % 40 WSG (İMAL),%40 Gibberellic Acid,WG (Suda Dağılabilen Granül),6
AGEROS (İMAL),"31,15 g/l Haloxyfop-P-methyl ester",EC (Emülsiye Olabilen Konsantre),6
PROLETUS (İMAL),480 g/l Bentazone,SL (Suda Çözünen Konsantre),6
PYRUS 400 SC (İTHAL),400 g/l Pyrimethanil,SC (Akıcı Konsantre/Süspansiyon Konsantre),6
MILONNA (İTHAL),%6 Metaldehyde,GB (Granül Yem),6
REPPORT 36 SL (İMAL),360 g/l Hymexazole,SL (Suda Çözünen Konsantre),6
KORSULFURON 75 WG (İMAL),%75 Sulfosulfuron,WG (Suda Dağılabilen Granül),6
CONVOY XL 350 ES (İMAL),350 g/l Metalaxyl-m,ES (Emülsiyon Tohum İlacı),6
CENT-7 500SC (İTHAL),500 g/l Isoxaben,SC (Akıcı Konsantre/Süspansiyon Konsantre),6
RANZEB 20 SP (İMAL),%20 Acetamiprid,SP (Suda Çözünen Toz),6
BACKHAND (İMAL),%12 Dithianon + %4 Pyraclostrobin,WG (Suda Dağılabilen Granül),6
ETON (İMAL),50 g/l Etofenprox,EC (Emülsiye Olabilen Konsantre),6
FORTEXİN (İMAL),100 g/l Spirotetramat,SC (Akıcı Konsantre/Süspansiyon Konsantre),6
MOSAİC XL 035 FS (İMAL),25 g/l Fludioxonil + 10 g/l Metalaxyl,SC (Akıcı Konsantre/Süspansiyon Konsantre),6
PILAXONE (İMAL),40 g/l Nicosulfuron,SC (Akıcı Konsantre/Süspansiyon Konsantre),6
SOFULEX SUPER (İMAL),"116,2 g/l Clethodim",EC (Emülsiye Olabilen Konsantre),6
EFDAL INDOX 30 WG (İMAL),%30 Indoxacarb,WG (Suda Dağılabilen Granül),6
ARTINIL 500 SL (İMAL),"500 g/l 2,4-D asite eşdeğer dimethyl amin tuzu",SL (Suda Çözünen Konsantre),6
TEZFAM (İMAL),100 g/l Pyriproxyfen,EC (Emülsiye Olabilen Konsantre),6
TRIO TR (İMAL),%55 Metiram + %5 Pyraclostrobin,WG (Suda Dağılabilen Granül),6
MOSPILAN 20 SP (İMAL),%20 Acetamiprid,SP (Suda Çözünen Toz),6
TOYGAR (İMAL),200 g/l Proquinazid,SC (Akıcı Konsantre/Süspansiyon Konsantre),6
TUNGA (İTHAL),222 g/l Flubendiamide,SC (Akıcı Konsantre/Süspansiyon Konsantre),6
CROMPTON (İMAL),480 g/l Spinosad,SC (Akıcı Konsantre/Süspansiyon Konsantre),6
AMİSTAR XTRA 280 SC (İTHAL),200 g/l Azoxystrobin + 80 g/l Cyproconazole,SC (Akıcı Konsantre/Süspansiyon Konsantre),6
SAFENER (İMAL),300 g/l Pyrimethanil,SC (Akıcı Konsantre/Süspansiyon Konsantre),6
CHAMBER 600 (İMAL),600 g/l Aclonifen,SC (Akıcı Konsantre/Süspansiyon Konsantre),6
RENOVE (İMAL),200 g/l Diquat dibromide,SL (Suda Çözünen Konsantre),6
IMPOSE (İMAL),"%57 Metiram + %4,8 Cymoxanil",WG (Suda Dağılabilen Granül),6
VELUM PRIME SC 400 (İTHAL),400 g/l Fluopyram,SC (Akıcı Konsantre/Süspansiyon Konsantre),6
AGROFARM SALVO SL 840 (İMAL),530 g/l Propamocarb + 310 g/l Fosetyl,SL (Suda Çözünen Konsantre),6
DAGRO CURE 25 WP (İMAL),%25 Tebuconazole,WP (Islanabilir Toz),6
WOPROSULF 80 WG (İMAL),%80 Kükürt,WG (Suda Dağılabilen Granül),6
CENTUREX (İMAL),%20 Metalik bakıra eşdeğer bordo bulamacı,WG (Suda Dağılabilen Granül),6
MANDATE (İMAL),%70 Thiophanate-methyl,WP (Islanabilir Toz),6
FENAMID 50 SC (İMAL),310 g/l Thiophanate-methyl + 187 g/l Epoxiconazole,SC (Akıcı Konsantre/Süspansiyon Konsantre),6
TREK-P (İTHAL),270 g/l Terbuthylazine + 64 g/l Pendimethalin,SE (Suspo-Emülsiyon),6
BIOBAS (İMAL),40 g/l Nicosulfuron,OD (Yağda Dağılabilen),6
SINAPSIS 75 DF (İMAL),%75 Chlorsulfuron,DF (Kuru Akışkan),6
RİBASSO EXTRA (İMAL),%50 Nicosulfuron + %25 Rimsulfuron,WG (Suda Dağılabilen Granül),6
FİNALE PRO SC 765 (İMAL),720 g/l Ethephon + 45 g/l Cyclanilide,SC (Akıcı Konsantre/Süspansiyon Konsantre),6
ANHUI 40 SC (İMAL),40 g/l Nicosulfuron,SC (Akıcı Konsantre/Süspansiyon Konsantre),6
BASED (İMAL),600 g/l Aclonifen,SC (Akıcı Konsantre/Süspansiyon Konsantre),6
PROSETTE 80 WP (İMAL),%80 Fosetyl-Al,WP (Islanabilir Toz),6
EFDAL PİNOS (İMAL),480 g/l Spinosad,SC (Akıcı Konsantre/Süspansiyon Konsantre),6
PYRİMAX (İMAL),300 g/l Pyrimethanil,SC (Akıcı Konsantre/Süspansiyon Konsantre),6
BESANTİA (İMAL),"%57 Metiram + %4,8 Cymoxanil",WG (Suda Dağılabilen Granül),6
IMPACT T® (İTHAL),225 g/l Tebuconazole + 75 g/l Flutriafol,SC (Akıcı Konsantre/Süspansiyon Konsantre),6
EXPLOİT (İMAL),240 g/l Spirodiclofen,SC (Akıcı Konsantre/Süspansiyon Konsantre),6
EXPLODER (İMAL),200 g/l Fenazaquin,SC (Akıcı Konsantre/Süspansiyon Konsantre),6
SYDORF 5 EC (İMAL),50 g/l Hexythiazox,EC (Emülsiye Olabilen Konsantre),6
SPIRONN (İMAL),100 g/l Pyriproxyfen,EC (Emülsiye Olabilen Konsantre),6
FORSET (İMAL),110 g/l Etoxazole,SC (Akıcı Konsantre/Süspansiyon Konsantre),6
ACS-FORTE WP (İMAL),%80 Thiram,WP (Islanabilir Toz),6
LUNA TRANQUİLİTY SC 500 (İTHAL),375 g/l Pyrimethanil +125 g/l Fluopyram,SC (Akıcı Konsantre/Süspansiyon Konsantre),6
ADENGO SC 465 (İTHAL),225 g/l Isoxaflutole + 90 g/l Thiencarbazone-methyl + 150 g/l Cyprosulfamide (safener),SC (Akıcı Konsantre/Süspansiyon Konsantre),6
STACİD EC (İMAL),450 g/l Prochloraz,EC (Emülsiye Olabilen Konsantre),6
EFDAL INDOX OD (İMAL),150 g/l Indoxacarb,OD (Yağda Dağılabilen),6
EFDAL EMABEN 5 SG (İMAL),%5 Emamectin benzoate,SG (Suda Çözünen Granül),6
DYNOMO 50 WG (İMAL),%50 Trifloxystrobin,WG (Suda Dağılabilen Granül),6
CURCOZ R-DF (İMAL),"%39,75 Metalik bakıra eşdeğer bakır oksiklorid + %4,2 Cymoxanil",WG (Suda Dağılabilen Granül),6
FORVET ULTRA (İMAL),40 g/l Imazamox,SL (Suda Çözünen Konsantre),6
AGRIFLOW (İMAL),800 g/l Kükürt,SC (Akıcı Konsantre/Süspansiyon Konsantre),6
VELİYETTE (İMAL),%80 Fosetyl-Al,WP (Islanabilir Toz),6
BOW 50 WP (İMAL),%50 Metalik bakıra eşdeğer bakır oksiklorid,WP (Islanabilir Toz),6
BURACİA (İMAL),500 g/l Fenhexamid,SC (Akıcı Konsantre/Süspansiyon Konsantre),6
ARRİVAL (İMAL),500 g/l Fenhexamid,SC (Akıcı Konsantre/Süspansiyon Konsantre),6
SELFREX 65 WG (İMAL),%65 Dodine,WG (Suda Dağılabilen Granül),6
STORY 250 EC (İMAL),250 g/l Difenoconazole,EC (Emülsiye Olabilen Konsantre),6
MAGİK (İMAL),%12 Dithianon + %4 Pyraclostrobin,WG (Suda Dağılabilen Granül),6
KOCTEL 30 WG (İMAL),%30 Metalik bakıra eşdeğer bakır hidroksit,WG (Suda Dağılabilen Granül),6
PARABOLİC (İMAL),722 g/l Propamocarb-hydrochloride,SL (Suda Çözünen Konsantre),6
AMENDOLA (İMAL),100 g/l Penconazole,EC (Emülsiye Olabilen Konsantre),6
ADASTRA (İMAL),%20 Metalik bakıra eşdeğer bordo bulamacı,WP (Islanabilir Toz),6
MOLFETTA WG 800 (İMAL),%80 Fosetyl-Al,WG (Suda Dağılabilen Granül),6
CIRRUS (İMAL),%50 Cyprodinil,WG (Suda Dağılabilen Granül),6
ASTRADEX (İMAL),200 g/l Cyhalofop-butyl,EC (Emülsiye Olabilen Konsantre),6
TAMADA 75 DF (İMAL),%75 Chlorsulfuron,WG (Suda Dağılabilen Granül),6
DUGARY (İMAL),"9,3 g/l Milbemectin",EC (Emülsiye Olabilen Konsantre),6
CHEKKER (İMAL),"25,2 g/l Penoxsulam",OD (Yağda Dağılabilen),6
SLOT (İMAL),720 g/l Dimethenamid-p,EC (Emülsiye Olabilen Konsantre),6
MAXİM 480 FS (İTHAL),480 g/l Fludioxonil,FS (Tohum İlaçlaması İçin Akıcı Konsantre),6
SUVARTHION 10 SC (İMAL),110 g/l Etoxazole,SC (Akıcı Konsantre/Süspansiyon Konsantre),6
PAYARTİS 250 SC (İMAL),250 g/l Azoxystrobin,SC (Akıcı Konsantre/Süspansiyon Konsantre),6
BRAVE (İTHAL),500 g/l Fluazinam,SC (Akıcı Konsantre/Süspansiyon Konsantre),6
DEVA BORDO (İMAL),%20 Metalik bakıra eşdeğer bordo bulamacı,WP (Islanabilir Toz),6
AMON (İMAL),480 g/l Spinosad,SC (Akıcı Konsantre/Süspansiyon Konsantre),6
REIKON (İMAL),200 g/l Azoxystrobin + 80 g/l Cyproconazole,SC (Akıcı Konsantre/Süspansiyon Konsantre),6
APACHE 50 EC (İMAL),500 g/l Pirimiphos methyl,EC (Emülsiye Olabilen Konsantre),6
NOVIRAD 100 EC (İMAL),100 g/l Pyriproxyfen,EC (Emülsiye Olabilen Konsantre),6
ARTSIL 240 SC (İMAL),240 g/l Spirodiclofen,SC (Akıcı Konsantre/Süspansiyon Konsantre),6
AGRON SC 240 (İMAL),240 g/l Spiromesifen,SC (Akıcı Konsantre/Süspansiyon Konsantre),6
LADON SC 240 (İMAL),240 g/l Spiromesifen,SC (Akıcı Konsantre/Süspansiyon Konsantre),6
FURINA 6 (İMAL),%6 Metaldehyde,GB (Granül Yem),6
PANCART 5 SG (İMAL),%5 Emamectin benzoate,SG (Suda Çözünen Granül),6
RAMPEX 4 (İMAL),%4 Metaldehyde,GB (Granül Yem),6
EOS 4 (İMAL),%4 Metaldehyde,GB (Granül Yem),6
BORDO MIX TEZCAN 20 WG (İMAL),%20 Metalik bakıra eşdeğer bordo bulamacı,WG (Suda Dağılabilen Granül),6
PANIKOS 5 (İMAL),%5 Metaldehyde,GB (Granül Yem),6
SUNAMİN 500 SL (İMAL),"500 g/l 2,4-D asite eşdeğer dimethyl amin tuzu",SL (Suda Çözünen Konsantre),6
ACAMAS (İMAL),40 g/l Nicosulfuron,OD (Yağda Dağılabilen),6
PESTİGE 250 EC (İMAL),250 g/l Tebuconazole,EC (Emülsiye Olabilen Konsantre),6
PREVENT (İMAL),722 g/l Propamocarb-hydrochloride,SL (Suda Çözünen Konsantre),6
RIHEN (İMAL),250 g/l Cypermethrin,EC (Emülsiye Olabilen Konsantre),6
GENNOVA BAKIR 50 WP (İMAL),%50 Metalik bakıra eşdeğer bakır oksiklorid,WP (Islanabilir Toz),6
BORDEAUX GENNOVA WG (İMAL),%20 Metalik bakıra eşdeğer bordo bulamacı,WG (Suda Dağılabilen Granül),6
MİSSİLE (İMAL),100 g/l Pyriproxyfen,EC (Emülsiye Olabilen Konsantre),6
EXCALENCE (İMAL),200 g/l Esfenvalerate,EC (Emülsiye Olabilen Konsantre),6
FRAGMAN 50 WG (İMAL),%50 Cyprodinil,WG (Suda Dağılabilen Granül),6
ARROW MAX 100 FS (İMAL),100 g/l Fludioxonil,FS (Tohum İlaçlaması İçin Akıcı Konsantre),6
MANCHET (İMAL),%76 Ziram,WG (Suda Dağılabilen Granül),6
DAGRO CORS (İMAL),330 g/l Pendimethalin,EC (Emülsiye Olabilen Konsantre),6
REBELEX™ 225 SC (İTHAL),150 g/l Penoxsulam + 75 g/l Florasulam,SC (Akıcı Konsantre/Süspansiyon Konsantre),6
PRESENT (İMAL),480 g/l Ethephon + 60 g/l Cyclanilide,SC (Akıcı Konsantre/Süspansiyon Konsantre),6
SİPERKOR 500 EC (İMAL),500 g/l Cypermethrin,EC (Emülsiye Olabilen Konsantre),6
KURAMITE (İMAL),%20 Pyridaben,WP (Islanabilir Toz),6
ACS REVOLT 70 WP (İTHAL),%70 Metribuzin,WP (Islanabilir Toz),6
LEGATO LENNS (İTHAL),250 g/l Glyphosate asite eşdeğer Glyphosate Isopropylamin Tuzu + 40 g/l Diflufenican,SC (Akıcı Konsantre/Süspansiyon Konsantre),6
FONO SUPER (İMAL),"69 g/l Fenoxaprop-p-ethyl + 34,5 g/l Cloquintocet-mexyl (safener)","EW (Emülsiyon, Suda Yağ)",6
MENSURON (İTHAL),40 g/l Nicosulfuron,OD (Yağda Dağılabilen),6
LAUDIS OD 66 (İTHAL),44 g/l Tembotrione + 22 g/l Isoxadifen-ethyl (safener),OD (Yağda Dağılabilen),6
SUPER KORDANT (İMAL),108 g/l Haloxyfop-P-methyl ester,EC (Emülsiye Olabilen Konsantre),6
TORCH (İMAL),480 g/l Dicamba,SL (Suda Çözünen Konsantre),6
OBA 10 WP (İMAL),"%8,25 Bensulfuron-methyl + %1,75 Metsulfuron-methyl",WP (Islanabilir Toz),6
TOZTATE 10 G (İMAL),%10 Fosthiazate,GR (Granül),6
HEROCUPER AZUL (İTHAL),700 g/l Metalik bakıra eşdeğer bakır oksiklorid,SC (Akıcı Konsantre/Süspansiyon Konsantre),6
SİPERKOR 100 EW (İMAL),100 g/l Cypermethrin,"EW (Emülsiyon, Suda Yağ)",6
CYPERHARD 20 EC (İMAL),200 g/l Cypermethrin,EC (Emülsiye Olabilen Konsantre),6
BRUST (İMAL),245 g/l Myclobutanil,EC (Emülsiye Olabilen Konsantre),6
ACS ALPHAC 100 EC (İMAL),100 g/l Alpha-cypermethrin,EC (Emülsiye Olabilen Konsantre),6
ATTIS (İMAL),"65,82 g/l Metalik bakıra eşdeğer bakır sülfat",SC (Akıcı Konsantre/Süspansiyon Konsantre),6
BERETTA (İMAL),%12 Dithianon + %4 Pyraclostrobin,WG (Suda Dağılabilen Granül),6
WAIPA (İTHAL),250 g/l Azoxystrobin,SC (Akıcı Konsantre/Süspansiyon Konsantre),6
WEFFA BORDOMİX (İMAL),%20 Metalik bakıra eşdeğer bordo bulamacı,WP (Islanabilir Toz),6
RAK 5+6 (İTHAL),500 mg (E/Z) 8-Dodecenylacetate (E/Z8-12Ac)+ 550 mg (E)-5-Decenylacetate/(E)-5-decenol+n-hexadecylacetate (E5-10 AC/E5-100 H+16 Ac)/Kapsül,--- (-),6
RAK 3 (İTHAL),"275 mg ((E,E)-8,10-Dodecadien-1-ol+n-tetradecacylacetate)/ kapsül",--- (-),6
TRIPP 10 G (İMAL),%10 Fosthiazate,GR (Granül),6
COTMAS 35 FS (İMAL),25 g/l Fludioxonil + 10 g/l Metalaxyl-m,FS (Tohum İlaçlaması İçin Akıcı Konsantre),6
SYNET WG (İMAL),"%57 Metiram + %4,8 Cymoxanil",WG (Suda Dağılabilen Granül),6
DELAN PRO (İTHAL),375 g/l Phosphorous Acid (mono ve di-potasyum tuzları) + 125 g/L Dithianon,SC (Akıcı Konsantre/Süspansiyon Konsantre),6
EFDAL SWEET GOLD 915 EC (İMAL),915 g/l S-Metolachlor + 45 g/l Benoxacor (safener),EC (Emülsiye Olabilen Konsantre),6
AROZEN (İMAL),100 g/l Clopyralid,SL (Suda Çözünen Konsantre),6
EFDAL SUPERHALOX (İMAL),108 g/l Haloxyfop-P-methyl ester,EC (Emülsiye Olabilen Konsantre),6
KOR ESTER (İMAL),"480 g/l 2,4-D asite eşdeğer Isooctylester",EC (Emülsiye Olabilen Konsantre),6
TREVISTAR 22 EC (İTHAL),"144 g/l Fluroxypyr-meptyl + 80 g/l Clopyralid + 2,5 g/l Florasulam",EC (Emülsiye Olabilen Konsantre),6
AQUADEX (İMAL),250 g/l Bentazone + 125 g/l MCPA,SL (Suda Çözünen Konsantre),6
REACTOR 36 CS (İTHAL),360 g/l Clomazone,CS (Kapsül Süspansiyon),6
VINIFILL 24 EC (İMAL),245 g/l Myclobutanil,EC (Emülsiye Olabilen Konsantre),6
PLACARD (İMAL),722 g/l Propamocarb-hydrochloride,SL (Suda Çözünen Konsantre),6
PLAGAREN 36 SL (İMAL),360 g/l Hymexazole,SL (Suda Çözünen Konsantre),6
RUFAST 75 EW (İTHAL),75 g/l Acrinathrin,"EW (Emülsiyon, Suda Yağ)",6
KAFAS (İTHAL),"639,8 g/l Neem yağı ekstraktı",EC (Emülsiye Olabilen Konsantre),6
MAXAT (İMAL),250 g/l Azoxystrobin,SC (Akıcı Konsantre/Süspansiyon Konsantre),6
SUNTHİRAM 80 WP (İMAL),%80 Thiram,WP (Islanabilir Toz),6
DESCARTES (İMAL),250 g/l Cypermethrin,EC (Emülsiye Olabilen Konsantre),6
ERMOT (İMAL),%20 Tebufenpyrad,WP (Islanabilir Toz),6
CAPSLOCK 2 F (İMAL),240 g/l Tau-fluvalinate,"EW (Emülsiyon, Suda Yağ)",6
GOLDAN 50 WP (İMAL),%50 Phosmet,WP (Islanabilir Toz),6
EFDAL LABUTRO (İMAL),100 g/l Buprofezin + 20 g/l Lambda-cyhalothrin,EC (Emülsiye Olabilen Konsantre),6
NEYGRAN M (İMAL),250 g/l Bentazone + 125 g/l MCPA,SL (Suda Çözünen Konsantre),6
PLANOMI 400 SC (İMAL),420 g/l Bispyribac Sodium,SC (Akıcı Konsantre/Süspansiyon Konsantre),6
NICOLESON (İMAL),40 g/l Nicosulfuron,OD (Yağda Dağılabilen),6
FULDOWN 600 SC (İMAL),600 g/l Aclonifen,SC (Akıcı Konsantre/Süspansiyon Konsantre),6
LARMALIN (İMAL),"18,8 g/l 6-Benzyladenine + 18,5 g/l Gibberellin A4/A7",SL (Suda Çözünen Konsantre),6
LARSON SL (İMAL),"344 g/l 2,4-D asite eşdeğer dimethyl amonyum tuzu + 120 g/l Dicamba",SL (Suda Çözünen Konsantre),6
DEVAMEC 18 EC (İMAL),18 g/l Abamectin,EC (Emülsiye Olabilen Konsantre),6
PENSTAR EW (İMAL),18 g/l Abamectin,"EW (Emülsiyon, Suda Yağ)",6
HYPNOSE TOTAL (İMAL),"500 g/l Primiphos Methyl + 7,5 g/l Emamectin Benzoate",EC (Emülsiye Olabilen Konsantre),6
MIKADO 85WG (İTHAL),"%7,08 Pyroxsulam + %1,42 Florasulam + %7,08 Cloquintocet-mexyl (safener)",WG (Suda Dağılabilen Granül),6
SPONSOR EXTRA (İMAL),450 g/l Pendimethalin,CS (Kapsül Süspansiyon),6
GOLDENGEL 4F (İMAL),480 g/l Oxyfluorfen,SC (Akıcı Konsantre/Süspansiyon Konsantre),6
ESCORT (İMAL),%50 Dicamba + %25 Tritosulfuron,WDG (Suda Dağılabilen Granül),6
WIXAMON 40 SL (İMAL),40 g/l Imazamox,SL (Suda Çözünen Konsantre),6
STANBY STAR (İMAL),441 g/l Glyphosate Potasyum Tuzu,SL (Suda Çözünen Konsantre),6
EFDAL TEFMOLT SUPER SC (İMAL),150 g/l Teflubenzuron,SC (Akıcı Konsantre/Süspansiyon Konsantre),6
MANTRAK (İMAL),"452,42 g/l 2,4-D 2-Ethylhexyl ester + 6,25 g/l Florasulam",SE (Suspo-Emülsiyon),6
CAVVONT (İMAL),100 g/l Buprofezin + 20 g/l Lambda-cyhalothrin,EC (Emülsiye Olabilen Konsantre),6
DEVAPLAN 20 SP (İMAL),%20 Acetamiprid,SP (Suda Çözünen Toz),6
CİNDER 400 CS (İTHAL),400 g/l Pendimethalin,CS (Kapsül Süspansiyon),6
GOLFEN 4F (İMAL),480 g/l Oxyfluorfen,SC (Akıcı Konsantre/Süspansiyon Konsantre),6
CALARİS PRO 376 SC (İTHAL),326 g/l Terbuthylazine + 50 g/l Mesotrione,SC (Akıcı Konsantre/Süspansiyon Konsantre),6
TELSON 101 (İMAL),"451,4 g/l 2,4-D (2,4-D Dichlorophenoxy) acetic acid tri-isopropyl amin tuzu + 116,3 gl Picloram",SL (Suda Çözünen Konsantre),6
EXTRALİN PRO SC 765 (İMAL),720 g/l Ethephon + 45 g/l Cyclanilide,SC (Akıcı Konsantre/Süspansiyon Konsantre),6
SPOTMASTER (İMAL),720 g/l Dimethenamid-p,EC (Emülsiye Olabilen Konsantre),6
ENTERER (İMAL),"22,5 g/l Foramsulfuron",SC (Akıcı Konsantre/Süspansiyon Konsantre),6
NOMERISE (İMAL),420 g/l Bispyribac Sodium,SC (Akıcı Konsantre/Süspansiyon Konsantre),6
CONRAD MAX (İMAL),200 g/l Azoxystrobin + 125 g/l Difenoconazole,SC (Akıcı Konsantre/Süspansiyon Konsantre),6
MENTA UFO (İMAL),100 g/l Pyriproxyfen,EC (Emülsiye Olabilen Konsantre),6
ORISAFEM 600 (İMAL),600 g/l Aclonifen,SC (Akıcı Konsantre/Süspansiyon Konsantre),6
BİZANTİON 240 SC (İMAL),240 g/l Spiromesifen,SC (Akıcı Konsantre/Süspansiyon Konsantre),6
TRUEGOLD (İMAL),50 g/l Fenpyroximate,SC (Akıcı Konsantre/Süspansiyon Konsantre),6
CUTTENG (İMAL),"452,42 g/l 2,4-D 2-Ethylhexyl ester + 6,25 g/l Florasulam",SE (Suspo-Emülsiyon),6
PROCLAİM OPTİ UV 05 WG (İTHAL),%5 Emamectin benzoate,WG (Suda Dağılabilen Granül),6
KALSON (İMAL),40 g/l Nicosulfuron,OD (Yağda Dağılabilen),6
ELİOS SC 240 (İMAL),240 g/l Spiromesifen,SC (Akıcı Konsantre/Süspansiyon Konsantre),6
M-PEDE (İTHAL),500 g/l (%49) Yağ asitlerinin potasyum tuzları,SL (Suda Çözünen Konsantre),6
SUNCOL 60 FS (İMAL),60 g/l Tebuconazole,FS (Tohum İlaçlaması İçin Akıcı Konsantre),6
DAGROLINT (İMAL),%5 Emamectin benzoate,SG (Suda Çözünen Granül),6
AKRİS (İTHAL),280 g/l Dimethenamid-p + 250 g/l Terbuthylazine,SE (Suspo-Emülsiyon),6
RANEB 5 SG (İMAL),%5 Emamectin benzoate,SG (Suda Çözünen Granül),6
FİRENZE SC 400 (İMAL),420 g/l Bispyribac Sodium,SC (Akıcı Konsantre/Süspansiyon Konsantre),6
OLİVENZA 500 SC (İMAL),500 g/l Clofentezine,SC (Akıcı Konsantre/Süspansiyon Konsantre),6
PITYO PRO (İMAL),"%30 Cymoxanil + %22,5 Famoxadone",WG (Suda Dağılabilen Granül),6
EKHO PRO (İMAL),"%30 Cymoxanil + %22,5 Famoxadone",WG (Suda Dağılabilen Granül),6
MICRORAM 700 (İTHAL),700 g/l Metalik bakıra eşdeğer bakır oksiklorid,SC (Akıcı Konsantre/Süspansiyon Konsantre),6
AMPLİGO 150 ZC (İTHAL),100 g/l Chlorantraniliprole + 50 g/l Lambda-cyhalothrin,ZC (CS ve SC Formülasyonlarının Karışımı),6
PLARON 240 SC (İMAL),240 g/l Spiromesifen,SC (Akıcı Konsantre/Süspansiyon Konsantre),6
INTERVIX PLUS (İTHAL),25 g/l Imazamox,SL (Suda Çözünen Konsantre),6
MİCROGARD CHALLENGER (İMAL),200 g/l Cyhalofop-butyl,EC (Emülsiye Olabilen Konsantre),6
DUROCK 240 SC (İMAL),240 g/l Spiromesifen,SC (Akıcı Konsantre/Süspansiyon Konsantre),6
PLANOCK (İMAL),"9,3 g/l Milbemectin",EC (Emülsiye Olabilen Konsantre),6
ARTEDEX T (İMAL),480 g/l Glyphosate Isopropylamin Tuzu,SL (Suda Çözünen Konsantre),6
OVERVİEW SL 840 (İMAL),530 g/l Propamocarb + 310 g/l Fosetyl,SL (Suda Çözünen Konsantre),6
SUNSTEP (İMAL),40 g/l Nicosulfuron,OD (Yağda Dağılabilen),6
ANHORGAP (İMAL),100 g/l Buprofezin + 20 g/l Lambda-cyhalothrin,EC (Emülsiye Olabilen Konsantre),6
SUNULTRA 400 SC (İMAL),400 g/l Buprofezin,SC (Akıcı Konsantre/Süspansiyon Konsantre),6
FLENTER (İMAL),480 g/l Spinosad,SC (Akıcı Konsantre/Süspansiyon Konsantre),6
BUPROLED (İMAL),400 g/l Buprofezin,SC (Akıcı Konsantre/Süspansiyon Konsantre),6
BESTMİLYN (İMAL),480 g/l Diflubenzuron,SC (Akıcı Konsantre/Süspansiyon Konsantre),6
IMERA 18 EW (İTHAL),18 g/l Abamectin,"EW (Emülsiyon, Suda Yağ)",6
DOCTRİNE (İMAL),%30 Indoxacarb,WG (Suda Dağılabilen Granül),6
EFDAL ETUX (İMAL),110 g/l Etoxazole,SC (Akıcı Konsantre/Süspansiyon Konsantre),6
FUNGİROL (İMAL),250 g/l Azoxystrobin,SC (Akıcı Konsantre/Süspansiyon Konsantre),6
CAMEO (İMAL),240 g/l Methoxyfenozide,SC (Akıcı Konsantre/Süspansiyon Konsantre),6
ULTIO (İMAL),480 g/l Ethephon + 60 g/l Cyclanilide,SC (Akıcı Konsantre/Süspansiyon Konsantre),6
ALBA SUPER (İMAL),"116,2 g/l Clethodim",EC (Emülsiye Olabilen Konsantre),6
MEKA SÜPER (İMAL),"116,2 g/l Clethodim",EC (Emülsiye Olabilen Konsantre),6
CHENOKER (İMAL),"25,2 g/l Penoxsulam",OD (Yağda Dağılabilen),6
KLEENUP STAR (İMAL),441 g/l Glyphosate Potasyum Tuzu,SL (Suda Çözünen Konsantre),6
BASEGATE (İMAL),108 g/l Haloxyfop-P-methyl ester,EC (Emülsiye Olabilen Konsantre),6
TALON SÜPER EW (İMAL),50 g/l Quizalofop-p-ethyl,"EW (Emülsiyon, Suda Yağ)",6
POUNCE DF (İMAL),%70 Metiram,DF (Kuru Akışkan),6
THIOLUX WG (İMAL),"%3 Mesosulfuron-methyl + %0,6 Iodosulfuron-methyl sodium + %9 Mefenpeyr-diethyl (safener)",WG (Suda Dağılabilen Granül),6
FULLROW (İMAL),150 g/l Fluazifop-p-butyl,EC (Emülsiye Olabilen Konsantre),6
AVESTAR 10 EC (İMAL),100 g/l Fenoxaprop-P-ethyl + 25 g/l Fenchlorazole-ethyl (Safener),EC (Emülsiye Olabilen Konsantre),6
MAKSİYER (İMAL),45 g/l Pinoxaden + 20 g/l Cloquintocet-mexyl (safener),EC (Emülsiye Olabilen Konsantre),6
SON-FİNAL (İMAL),480 g/l Ethephon + 60 g/l Cyclanilide,SC (Akıcı Konsantre/Süspansiyon Konsantre),6
LOBBİ (İMAL),915 g/l S-Metolachlor + 45 g/l Benoxacor (safener),EC (Emülsiye Olabilen Konsantre),6
MEGAUNT 150 SC (İTHAL),150 g/l Indoxacarb,SC (Akıcı Konsantre/Süspansiyon Konsantre),6
MARJİNAL 100 EC (İMAL),100 g/l Pyriproxyfen,EC (Emülsiye Olabilen Konsantre),6
CHEERIO SC 600 (İMAL),600 g/l Aclonifen,SC (Akıcı Konsantre/Süspansiyon Konsantre),6
PLATİN MALATHİON (İMAL),190 g/l Malathion,EC (Emülsiye Olabilen Konsantre),6
YAMATO (İTHAL),233 g/l Thiophanate-methyl + 70 g/l Tetraconazole,SE (Suspo-Emülsiyon),6
ELİMİNATOR SC 240 (İMAL),240 g/l Spirodiclofen,SC (Akıcı Konsantre/Süspansiyon Konsantre),6
DEPART 40 WP (İMAL),%25 Thiophanate-methyl + %15 Etridiazole,WP (Islanabilir Toz),6
PASSAT 5 EC (İMAL),50 g/l Lambda-cyhalothrin,EC (Emülsiye Olabilen Konsantre),6
MORPHEUS 240 SC (İMAL),240 g/l Spirodiclofen,SC (Akıcı Konsantre/Süspansiyon Konsantre),6
TUNCH 150 EC (İMAL),150 g/l Indoxacarb,EC (Emülsiye Olabilen Konsantre),6
GORDONN (İMAL),"451,4 g/l 2,4-D (2,4-D Dichlorophenoxy) acetic acid tri-isopropyl amin tuzu + 116,3 gl Picloram",SL (Suda Çözünen Konsantre),6
PACODITY 240 SC (İMAL),240 g/l Methoxyfenozide,SC (Akıcı Konsantre/Süspansiyon Konsantre),6
ASTİ 240 SC (İMAL),240 g/l Methoxyfenozide,SC (Akıcı Konsantre/Süspansiyon Konsantre),6
CAPİTO (İMAL),75 g/l Indoxacarb + 18 g/l Abamectin,OD (Yağda Dağılabilen),6
ALVARO (İMAL),100 g/l Alpha-cypermethrin,EC (Emülsiye Olabilen Konsantre),6
CONTİER (İMAL),240 g/l Spirodiclofen,SC (Akıcı Konsantre/Süspansiyon Konsantre),6
INTERRUPT SC 240 (İTHAL),"228,6 g/l Spiromesifen + 11,4 g/l Abamectin",SC (Akıcı Konsantre/Süspansiyon Konsantre),6
STORIONE EC (İMAL),400 g/l Fenamiphos,EC (Emülsiye Olabilen Konsantre),6
RULER 70 WP (İMAL),%70 Metribuzin,WP (Islanabilir Toz),6
PRAXİS (İMAL),18 g/l Abamectin,EC (Emülsiye Olabilen Konsantre),6
COLIBAST 48 SC (İMAL),480 g/l Mesotrione,SC (Akıcı Konsantre/Süspansiyon Konsantre),6
VENISON 150 SC (İMAL),150 g/l Indoxacarb,SC (Akıcı Konsantre/Süspansiyon Konsantre),6
PASCHA (İMAL),%6 Metaldehyde,GB (Granül Yem),6
THEMİS (İMAL),50 g/l Hexythiazox,EC (Emülsiye Olabilen Konsantre),6
EFDAL ULTRAMİX (İMAL),"452,42 g/l 2,4-D 2-Ethylhexyl ester + 6,25 g/l Florasulam",SE (Suspo-Emülsiyon),6
SUNSTAR 330 EC (İMAL),330 g/l Pendimethalin,EC (Emülsiye Olabilen Konsantre),6
BERAUT (İMAL),310 g/l Thiophanate-methyl + 187 g/l Epoxiconazole,SC (Akıcı Konsantre/Süspansiyon Konsantre),6
COREMIKS (İMAL),200 g/l Boscalid + 100 g/l Kresoxim-methyl,SC (Akıcı Konsantre/Süspansiyon Konsantre),6
ACME 150 SC (İMAL),150 g/l Indoxacarb,SC (Akıcı Konsantre/Süspansiyon Konsantre),6
PAYOFF SÜPER (İMAL),75 g/l Fenoxaprop-p-ethyl + 69 g/l Mefenpyr-diethyl (safener),"EW (Emülsiyon, Suda Yağ)",6
MOONSON (İMAL),40 g/l Nicosulfuron,SC (Akıcı Konsantre/Süspansiyon Konsantre),6
THIRPAN (İMAL),"452,42 g/l 2,4-D 2-Ethylhexyl ester + 6,25 g/l Florasulam",SE (Suspo-Emülsiyon),6
TORRENT (İMAL),"%39,75 Metalik bakıra eşdeğer bakır oksiklorid + %4,2 Cymoxanil",WG (Suda Dağılabilen Granül),6
QUALY 300 EC (İTHAL),300 g/l Cyprodinil,EC (Emülsiye Olabilen Konsantre),6
SULFLOW 800 SC (İMAL),800 g/l Kükürt,SC (Akıcı Konsantre/Süspansiyon Konsantre),6
ARREZO (İMAL),150 g/l Indoxacarb methyl,SC (Akıcı Konsantre/Süspansiyon Konsantre),6
İNVESTO 100 SC (İMAL),100 g/l Spirotetramat,SC (Akıcı Konsantre/Süspansiyon Konsantre),6
BUSTOP 200 SL (İMAL),200 g/l Diquat dibromide,SL (Suda Çözünen Konsantre),6
SUMİSUN 50 EC (İMAL),500 g/l Pyridalyl,EC (Emülsiye Olabilen Konsantre),6
HELİMADEX EXTRA (İMAL),%6 Metaldehyde,GB (Granül Yem),6
SUPRAGİL 50 EC (İMAL),500 g/l Pyridalyl,EC (Emülsiye Olabilen Konsantre),6
MİLESTONE EC (İMAL),"9,3 g/l Milbemectin",EC (Emülsiye Olabilen Konsantre),6
EMBRELİA 140 SC (İTHAL),100 g/l Isopyrazam + 40 g/l Difenoconazole,SC (Akıcı Konsantre/Süspansiyon Konsantre),6
RADIANT™ 120 SC (İTHAL),120 g/l Spinetoram,SC (Akıcı Konsantre/Süspansiyon Konsantre),6
AXXESS® (İMAL),450 g/l Prochloraz,EC (Emülsiye Olabilen Konsantre),6
METHOD EC (İMAL),"9,3 g/l Milbemectin",EC (Emülsiye Olabilen Konsantre),6
KORMETOX 240 SC (İMAL),240 g/l Methoxyfenozide,SC (Akıcı Konsantre/Süspansiyon Konsantre),6
LAMDAJET (İTHAL),50 g/l Lambda-cyhalothrin,EC (Emülsiye Olabilen Konsantre),6
MORENO (İMAL),%20 Tebufenpyrad,WP (Islanabilir Toz),6
ETOKORT 050 EW (İMAL),50 g/l Etofenprox,"EW (Emülsiyon, Suda Yağ)",6
MALVİN XL 035 FS (İMAL),25 g/l Fludioxonil + 10 g/l Metalaxyl,SC (Akıcı Konsantre/Süspansiyon Konsantre),6
CİLİA® (İMAL),250 g/l Azoxystrobin,SC (Akıcı Konsantre/Süspansiyon Konsantre),6
AGROZATE 15 EC (İMAL),150 g/l Fosthiazate,EC (Emülsiye Olabilen Konsantre),6
EFDAL AKİT (İMAL),"22,5 g/l Foramsulfuron",SC (Akıcı Konsantre/Süspansiyon Konsantre),6
FASHİON 900 EC (İMAL),900 g/l Fosthiazate,EC (Emülsiye Olabilen Konsantre),6
TOXON 700 (İMAL),700 g/l Metalik bakıra eşdeğer bakır oksiklorid,SC (Akıcı Konsantre/Süspansiyon Konsantre),6
AGROS (İMAL),%50 Dicamba + %25 Tritosulfuron,WG (Suda Dağılabilen Granül),6
BUTEX MC (İMAL),300 g/l Bromoxynil + 300 g/l MCPA,EC (Emülsiye Olabilen Konsantre),6
ROUT (İMAL),%50 Dicamba + %25 Tritosulfuron,WG (Suda Dağılabilen Granül),6
ALLY 80 WP (İMAL),%80 Fosetyl-Al,WP (Islanabilir Toz),6
EFDAL BİRGARD (İMAL),%50 Pirimicarb,WP (Islanabilir Toz),6
JAMMER (İMAL),%50 Cyprodinil,WG (Suda Dağılabilen Granül),6
RAX ULTRA (İMAL),310 g/l Thiophanate-methyl + 187 g/l Epoxiconazole,SC (Akıcı Konsantre/Süspansiyon Konsantre),6
YONA (İMAL),480 g/l Bentazone,SL (Suda Çözünen Konsantre),6
SUPERFE 3 G (İMAL),%6 Metalik Demir,SG (Suda Çözünen Granül),6
AUDİT ULTRA (İMAL),310 g/l Thiophanate-methyl + 187 g/l Epoxiconazole,SC (Akıcı Konsantre/Süspansiyon Konsantre),6
EKHON 50 WG (İMAL),%50 Cyprodinil,WG (Suda Dağılabilen Granül),6
HEYKEL 200 SC (İMAL),200 g/l Fenazaquin,SC (Akıcı Konsantre/Süspansiyon Konsantre),6
KORCAMBA 480 SL (İMAL),480 g/l Dicamba,SL (Suda Çözünen Konsantre),6
BANDO 5 EC (İMAL),50 g/l Hexythiazox,EC (Emülsiye Olabilen Konsantre),6
ONKOS (İMAL),50 g/l Etofenprox,EC (Emülsiye Olabilen Konsantre),6
EFDAL BAKSÜL (İMAL),%20 Metalik bakıra eşdeğer bordo bulamacı,WP (Islanabilir Toz),6
ISOS 50 WG (İMAL),%50 Cyprodinil,WG (Suda Dağılabilen Granül),6
BILLOUD (İMAL),400 g/l Buprofezin,SC (Akıcı Konsantre/Süspansiyon Konsantre),6
KORZAMOX 120 SL (İMAL),120 g/l Imazamox,SL (Suda Çözünen Konsantre),6
IRENE 400 SC (İMAL),420 g/l Bispyribac Sodium,SC (Akıcı Konsantre/Süspansiyon Konsantre),6
VEFAMBA 480 SL (İMAL),480 g/l Dicamba,SL (Suda Çözünen Konsantre),6
BORMUS 10 SC (İMAL),110 g/l Etoxazole,SC (Akıcı Konsantre/Süspansiyon Konsantre),6
TARAS SC 240 (İMAL),240 g/l Spirodiclofen,SC (Akıcı Konsantre/Süspansiyon Konsantre),6
FALCON SC 240 (İMAL),240 g/l Spirodiclofen,SC (Akıcı Konsantre/Süspansiyon Konsantre),6
GATE 50 WG (İMAL),%50 Trifloxystrobin,WG (Suda Dağılabilen Granül),6
BANKO SP (İMAL),"%3,1 Gibberellic Acid",SP (Suda Çözünen Toz),6
DALLY SÜPER 464 SL (İMAL),"344 g/l 2,4-D asite eşdeğer dimethyl amonyum tuzu + 120 g/l Dicamba",SL (Suda Çözünen Konsantre),6
ATRASAF SÜPER WG (İMAL),"%6,75 Propoxycarbazone Sodium + %4,5 Mesosulfuron-methyl + %9 Mefenpyr-diethyl (safener)",WG (Suda Dağılabilen Granül),6
JAKO 50 WG (İMAL),%50 Kresoxim-methyl,WG (Suda Dağılabilen Granül),6
FOKIS WG 50 (İMAL),%50 Trifloxystrobin,WG (Suda Dağılabilen Granül),6
ROUNT 5 SG (İMAL),%5 Emamectin benzoate,SG (Suda Çözünen Granül),6
SERVANT WG (İMAL),%30 Indoxacarb,WG (Suda Dağılabilen Granül),6
APRAUNT 400 SC (İMAL),400 g/l Buprofezin,SC (Akıcı Konsantre/Süspansiyon Konsantre),6
BEKCHI 5 SG (İMAL),%5 Emamectin benzoate,SG (Suda Çözünen Granül),6
GOODBYE PELLET (İTHAL),%6 Metaldehyde,RB (Hazır Yem),6
TEZKARP WG (İMAL),%30 Indoxacarb,WG (Suda Dağılabilen Granül),6
SUPERNOSAD 240 SC (İMAL),240 g/l Spinosad,SC (Akıcı Konsantre/Süspansiyon Konsantre),6
AKARDEX (İMAL),110 g/l Etoxazole,SC (Akıcı Konsantre/Süspansiyon Konsantre),6
AGRILEX (İMAL),50 g/l Hexythiazox,EC (Emülsiye Olabilen Konsantre),6
SACRED 76 WG (İMAL),%76 Ziram,WG (Suda Dağılabilen Granül),6
SORİA WG (İMAL),"%26,7 Boscalid + %6,7 Pyraclostrobin",WG (Suda Dağılabilen Granül),6
SCUD (İMAL),"%15 Triflumizole + %3,4 Cyflufenamid",WG (Suda Dağılabilen Granül),6
CHARITY (İTHAL),40 g/l Nicosulfuron,OD (Yağda Dağılabilen),6
EFDAL ZALOSUPER (İMAL),50 g/l Quizalofop-p-ethyl,EC (Emülsiye Olabilen Konsantre),6
WUYA (İMAL),480 g/l Bentazone,SL (Suda Çözünen Konsantre),6
FORZOL SC 500 (İMAL),500 g/l Fenhexamid,SC (Akıcı Konsantre/Süspansiyon Konsantre),6
EFDAL MEBUZİN 70 WP (İTHAL),%70 Metribuzin,WP (Islanabilir Toz),6
EFDAL CLOPAR 240 EC (İMAL),240 g/l Clodinafop-propargyl + 60 g/l Cloquintocet-mexyl (safener),EC (Emülsiye Olabilen Konsantre),6
COPCİDE WP (İMAL),%70 Thiophanate-methyl,WP (Islanabilir Toz),6
"LUMAX 537,5 SE (İTHAL)","375 g/l S-Metolachlor + 125 g/l Terbuthylazine + 37,5 g/l Mesotrione",SE (Suspo-Emülsiyon),6
SCREEN 600 SC (İMAL),600 g/l Aclonifen,SC (Akıcı Konsantre/Süspansiyon Konsantre),6
FUNCTION (İMAL),"452,42 g/l 2,4-D 2-Ethylhexyl ester + 6,25 g/l Florasulam",SE (Suspo-Emülsiyon),6
KNOXBORO (İMAL),250 g/l Difenoconazole,EC (Emülsiye Olabilen Konsantre),6
EFFECTOR (İMAL),100 g/l Alpha-cypermethrin,EC (Emülsiye Olabilen Konsantre),6
BLUEMAX BORDOLEX (İMAL),%20 Metalik bakıra eşdeğer bordo bulamacı,WP (Islanabilir Toz),6
EUROGOLD (İMAL),110 g/l Etoxazole,SC (Akıcı Konsantre/Süspansiyon Konsantre),6
ARTİCLE® (İMAL),200 g/l Boscalid + 100 g/l Kresoxim-methyl,SC (Akıcı Konsantre/Süspansiyon Konsantre),6
PAMPLON 240 SC (İMAL),240 g/l Spiromesifen,SC (Akıcı Konsantre/Süspansiyon Konsantre),6
TUNCHII 150 SC (İMAL),150 g/l Indoxacarb,SC (Akıcı Konsantre/Süspansiyon Konsantre),6
BORDOTALİA (İTHAL),%20 Metalik bakıra eşdeğer bordo bulamacı,WG (Suda Dağılabilen Granül),6
NİMBECİDİNE (İTHAL),"790 g/l Neem Yağı + 0,3 g/l Azadirachtin A",EC (Emülsiye Olabilen Konsantre),6
BEDLİS 50 EC (İMAL),50 g/l Lufenuron,EC (Emülsiye Olabilen Konsantre),6
HARVEST 25 WP (İMAL),%25 Tebuconazole,WP (Islanabilir Toz),6
REWARD (İMAL),80 g/l Clodinafop-propargyl + 20 g/l Cloquintocet-mexyl (Safener),EC (Emülsiye Olabilen Konsantre),6
BALAN SÜPER (İMAL),75 g/l Fenoxaprop-p-ethyl + 69 g/l Mefenpyr-diethyl (safener),"EW (Emülsiyon, Suda Yağ)",6
RACER 20 CS (İTHAL),200 g/l Flurochloridone,CS (Kapsül Süspansiyon),6
GOLTİX PLUS (İTHAL),350 g/l Metamitron + 150 g/l Ethofumesate,SC (Akıcı Konsantre/Süspansiyon Konsantre),6
AFFİCHE WG (İMAL),"%3 Mesosulfuron-methyl + %0,6 Iodosulfuron-methyl sodium + %9 Mefenpeyr-diethyl (safener)",WG (Suda Dağılabilen Granül),6
RİVET 24 EC (İTHAL),240 g/l Carfentrazone-ethyl,EC (Emülsiye Olabilen Konsantre),6
TRAİLER (İMAL),%50 Trifloxystrobin,WG (Suda Dağılabilen Granül),6
VALTERA (İMAL),"%37,5 Cyprodinil + %25 Fludioxonil",WG (Suda Dağılabilen Granül),6
CERES (İMAL),"%30 Cymoxanil + %22,5 Famoxadone",WG (Suda Dağılabilen Granül),6
JUKE 36 SL (İMAL),360 g/l Hymexazole,SL (Suda Çözünen Konsantre),6
HEKTAŞ CLICK® (İMAL),%70 Dithianon,WG (Suda Dağılabilen Granül),6
METTO ULTRA (İMAL),310 g/l Thiophanate-methyl + 187 g/l Epoxiconazole,SC (Akıcı Konsantre/Süspansiyon Konsantre),6
TAVANNA 100 EC (İMAL),100 g/l Alpha-cypermethrin,EC (Emülsiye Olabilen Konsantre),6
VERCELLİ 62.5 WG (İMAL),"%37,5 Cyprodinil + %25 Fludioxonil",WG (Suda Dağılabilen Granül),6
TROOPEST 50 WG (İMAL),%50 Kresoxim-methyl,WG (Suda Dağılabilen Granül),6
YAKUZA 20 WP (İMAL),%20 Tebufenpyrad,WP (Islanabilir Toz),6
MELİTHORİN 900 EC (İMAL),900 g/l Fosthiazate,EC (Emülsiye Olabilen Konsantre),6
SENARIO 400 EC (İMAL),400 g/l Fenamiphos,EC (Emülsiye Olabilen Konsantre),6
SURVITOP 70 WP (İMAL),%70 Thiophanate-methyl,WP (Islanabilir Toz),6
POLENZA (İTHAL),%5 Emamectin benzoate,SG (Suda Çözünen Granül),6
MEGASIL 35 DS (İMAL),%35 Metalaxyl,DS (Kuru Tohum İlacı),6
SUPERPREX 500 FW (İMAL),500 g/l Dodine,SC (Akıcı Konsantre/Süspansiyon Konsantre),6
WAİTDOOR SC 500 (İMAL),500 g/l Fenhexamid,SC (Akıcı Konsantre/Süspansiyon Konsantre),6
SENKRON 70 WDG (İMAL),%70 Metribuzin,WDG (Suda Dağılabilen Granül),6
EFDAL CLOPAR 80 EC (İMAL),80 g/l Clodinafop-propargyl + 20 g/l Cloquintocet-mexyl (Safener),EC (Emülsiye Olabilen Konsantre),6
ACS DIRON ULTRA 600 (İMAL),600 g/l Aclonifen,SC (Akıcı Konsantre/Süspansiyon Konsantre),6
KAVGAZ 50 WP (İMAL),%50 Phosmet,WP (Islanabilir Toz),6
ALLİSET 800 WG (İMAL),%80 Fosetyl-Al,WG (Suda Dağılabilen Granül),6
KNOCKDOWN STAR (İMAL),441 g/l Glyphosate Potasyum Tuzu,SL (Suda Çözünen Konsantre),6
FINNEST-M (İMAL),"357,5 g/l Metalik bakıra eşdeğer bakır oksiklorid",SC (Akıcı Konsantre/Süspansiyon Konsantre),6
FLARMONI 240 SC (İMAL),240 g/l Bifenazate,SC (Akıcı Konsantre/Süspansiyon Konsantre),6
CLARNET 240 SC (İMAL),240 g/l Bifenazate,SC (Akıcı Konsantre/Süspansiyon Konsantre),6
ACS CHLO 80 EC (İMAL),80 g/l Clodinafop-propargyl + 20 g/l Cloquintocet-mexyl (Safener),EC (Emülsiye Olabilen Konsantre),6
EFDAL ALSON (İMAL),40 g/l Nicosulfuron,OD (Yağda Dağılabilen),6
ACS DOPING 240 EC (İMAL),240 g/l Clodinafop-propargyl + 60 g/l Cloquintocet-mexyl (safener),EC (Emülsiye Olabilen Konsantre),6
SYDABEN 20 WP (İMAL),%20 Pyridaben,WP (Islanabilir Toz),6
COMISER 50 WP (İMAL),%50 Cymoxanil,WP (Islanabilir Toz),6
ZAGOR WG (İMAL),%30 Indoxacarb,WG (Suda Dağılabilen Granül),6
DAVİLEX 24 SC (İMAL),240 g/l Spinosad,SC (Akıcı Konsantre/Süspansiyon Konsantre),6
SUNFORCE 48 SL (İMAL),480 g/l Glyphosate Isopropylamin Tuzu,SL (Suda Çözünen Konsantre),6
DİVAGO (İMAL),%20 Metalik bakıra eşdeğer bordo bulamacı,WP (Islanabilir Toz),6
ESCAPE 20 SP (İMAL),%20 Acetamiprid,SP (Suda Çözünen Toz),6
FOURWET 5 EC (İMAL),50 g/l Lufenuron,EC (Emülsiye Olabilen Konsantre),6
SOFAST 62.5 WG (İMAL),"%37,5 Cyprodinil + %25 Fludioxonil",WG (Suda Dağılabilen Granül),6
ABOVE 35 DF (İMAL),%35 Metalik bakıra eşdeğer bakır hidroksit,WG (Suda Dağılabilen Granül),6
DEFENDER 70 WG (İMAL),%70 Dithianon,WG (Suda Dağılabilen Granül),6
ETHONN (İMAL),40 g/l Nicosulfuron,OD (Yağda Dağılabilen),6
FLAZON (İMAL),18 g/l Abamectin,EC (Emülsiye Olabilen Konsantre),6
SYNERGİZER 62.5 WG (İMAL),"%37,5 Cyprodinil + %25 Fludioxonil",WG (Suda Dağılabilen Granül),6
DAGRO DARİS (İMAL),250 g/l Azoxystrobin,SC (Akıcı Konsantre/Süspansiyon Konsantre),6
INTRACURE (İMAL),100 g/l Pyriproxyfen,EC (Emülsiye Olabilen Konsantre),6
EFDAL ZAFFAR 600 (İMAL),600 g/l Aclonifen,SC (Akıcı Konsantre/Süspansiyon Konsantre),6
PİRİSECT (İMAL),360 g/l Hymexazole,SL (Suda Çözünen Konsantre),6
SORADO (İMAL),110 g/l Etoxazole,SC (Akıcı Konsantre/Süspansiyon Konsantre),6
LAMPRIS (İMAL),"361,1 g/l Metalik bakıra eşdeğer bakır hidroksit",SC (Akıcı Konsantre/Süspansiyon Konsantre),6
PULSUFER (İMAL),"18,8 g/l 6-Benzyladenine + 18,5 g/l Gibberellin A4/A7",SL (Suda Çözünen Konsantre),6
FUENTAS (İMAL),300 g/l Pyrimethanil,SC (Akıcı Konsantre/Süspansiyon Konsantre),6
PLACUR 400 EC (İMAL),400 g/l Fenamiphos,EC (Emülsiye Olabilen Konsantre),6
DAGROZOOM (İMAL),110 g/l Etoxazole,SC (Akıcı Konsantre/Süspansiyon Konsantre),6
ERTAR CAPTAN 50 SC (İMAL),500 g/l Captan,SC (Akıcı Konsantre/Süspansiyon Konsantre),6
RİZOCLEAN (İMAL),"%26,7 Boscalid + %6,7 Pyraclostrobin",WG (Suda Dağılabilen Granül),6
REWARD MAX (İMAL),240 g/l Clodinafop-propargyl + 60 g/l Cloquintocet-mexyl (safener),EC (Emülsiye Olabilen Konsantre),6
SACRA (İTHAL),480 g/l Glyphosate Isopropylamin Tuzu,SL (Suda Çözünen Konsantre),6
FAMOSO (İMAL),%55 Metiram + %5 Pyraclostrobin,WG (Suda Dağılabilen Granül),6
ACS FOXDOR 18 EC (İMAL),18 g/l Abamectin,EC (Emülsiye Olabilen Konsantre),6
TRİDEX (İTHAL),"103,6 g/l Triclopyr asite eşdeğer Triclopyr BEE + 93 g/l 2,4-D",EC (Emülsiye Olabilen Konsantre),6
STARİN WG (İMAL),%30 Indoxacarb,WG (Suda Dağılabilen Granül),6
PLADOX 5 EC (İMAL),50 g/l Hexythiazox,EC (Emülsiye Olabilen Konsantre),6
KORFOSAT TURBO (İMAL),607 g/l Glyphosate Isopropylamin Tuzu,SL (Suda Çözünen Konsantre),6
CUPRE 700 (İMAL),700 g/l Metalik bakıra eşdeğer bakır oksiklorid,SC (Akıcı Konsantre/Süspansiyon Konsantre),6
ROOTGUARD 600 (İMAL),600 g/l Phosphorous Acid (mono ve di-potasyum tuzları),SL (Suda Çözünen Konsantre),6
FOSFOGARD 400 (İMAL),400 g/l Phosphorous Acid (mono ve di-potasyum tuzları),SL (Suda Çözünen Konsantre),6
ACS HALOXAND (İMAL),108 g/l Haloxyfop-R-methyl ester,EC (Emülsiye Olabilen Konsantre),6
CYCLAFON (İMAL),%35 Metalik bakıra eşdeğer bakır hidroksit,DF (Kuru Akışkan),6
ACS Q-SUPER 5 EC (İMAL),50 g/l Quizalofop-p-ethyl,EC (Emülsiye Olabilen Konsantre),6
BESTUGAN (İMAL),240 g/l Spiromesifen,SC (Akıcı Konsantre/Süspansiyon Konsantre),6
GREMLİN (İMAL),150 g/l Indoxacarb,OD (Yağda Dağılabilen),6
LİBERATOR 10 EC (İMAL),100 g/l Pyriproxyfen,EC (Emülsiye Olabilen Konsantre),6
POSTAMİN 500 SL (İMAL),"500 g/l 2,4-D asite eşdeğer dimethyl amin tuzu",SL (Suda Çözünen Konsantre),6
ATREUS® (İMAL),310 g/l Pyrimethanil + 95 g/l Trifloxystrobin,SC (Akıcı Konsantre/Süspansiyon Konsantre),6
NERGOFEX (İMAL),10 g/l Forchlorfenuron,SL (Suda Çözünen Konsantre),6
İMBATT (İMAL),125 g/l Flutriafol,SC (Akıcı Konsantre/Süspansiyon Konsantre),6
SORTI SUPER (İMAL),50 g/l Quizalofop-p-ethyl,EC (Emülsiye Olabilen Konsantre),6
SPRET 50 WP (İMAL),%50 Phosmet,WP (Islanabilir Toz),6
DOMIN 400 SC (İMAL),420 g/l Bispyribac Sodium,SC (Akıcı Konsantre/Süspansiyon Konsantre),6
HAMMER 10 WP (İMAL),%10 Chlorsulfuron,WP (Islanabilir Toz),6
CHANGER (İMAL),%50 Boscalid,WG (Suda Dağılabilen Granül),6
LARRES (İMAL),480 g/l Spinosad,SC (Akıcı Konsantre/Süspansiyon Konsantre),6
"ACS DELDA 2,5 EC (İMAL)",25 g/l Deltamethrin,EC (Emülsiye Olabilen Konsantre),6
ECO2FUME (İTHAL),%2 Fosfin Gazı,GA (Gaz),6
HERALD SÜPER (İMAL),108 g/l Haloxyfop-P-methyl ester,EC (Emülsiye Olabilen Konsantre),6
STICKER (İMAL),200 g/l Cyhalofop-butyl,EC (Emülsiye Olabilen Konsantre),6
POSTESTER 48 EC (İMAL),"480 g/l 2,4-D asite eşdeğer Isooctylester",EC (Emülsiye Olabilen Konsantre),6
SUPER KOLENT (İMAL),108 g/l Haloxyfop-P-methyl ester,EC (Emülsiye Olabilen Konsantre),6
DUPE'S (İMAL),930 g/l S-Metolachlor + 31 g/l Benoxacor (safener),EC (Emülsiye Olabilen Konsantre),6
SUUM 10 SC (İMAL),110 g/l Etoxazole,SC (Akıcı Konsantre/Süspansiyon Konsantre),6
PANTOZEN M 60 (İMAL),400 g/l Bentazone + 60 g/l MCPA,SL (Suda Çözünen Konsantre),6
PEAK 500 SC (İMAL),500 g/l Clofentezine,SC (Akıcı Konsantre/Süspansiyon Konsantre),6
MENTA METAFOR 70 WP (İMAL),%70 Thiophanate-methyl,WP (Islanabilir Toz),6
KOFFEX (İMAL),240 g/l Spiromesifen,SC (Akıcı Konsantre/Süspansiyon Konsantre),6
LISTOMED (İMAL),240 g/l Spirodiclofen,SC (Akıcı Konsantre/Süspansiyon Konsantre),6
BALCONY 45 EC (İMAL),450 g/l Prochloraz,EC (Emülsiye Olabilen Konsantre),6
BENİDOR M SC 240 (İMAL),240 g/l Spirodiclofen,SC (Akıcı Konsantre/Süspansiyon Konsantre),6
OZACC (İMAL),250 g/l Azoxystrobin,SC (Akıcı Konsantre/Süspansiyon Konsantre),6
TOP-UP 100 EC (İMAL),100 g/l Penconazole,EC (Emülsiye Olabilen Konsantre),6
AWACANT (İMAL),150 g/l Indoxacarb,SC (Akıcı Konsantre/Süspansiyon Konsantre),6
ACS PASHA 25 EC (İMAL),250 g/l Cypermethrin,EC (Emülsiye Olabilen Konsantre),6
CYD-X (İTHAL),3x10 üzeri 13 Cydia pomonella granülovirüs,SC (Akıcı Konsantre/Süspansiyon Konsantre),6
IROMEN (İMAL),193 g/l Metalik bakıra eşdeğer bazik bakır sülfat,SC (Akıcı Konsantre/Süspansiyon Konsantre),6
CAMBADOS (İMAL),40 g/l Nicosulfuron,SC (Akıcı Konsantre/Süspansiyon Konsantre),6
PATCH (İMAL),125 g/l Flutriafol,SC (Akıcı Konsantre/Süspansiyon Konsantre),6
SMARTFRESH PROTABS (İTHAL),%2 1-Methylcyclopropene,VP (Gaz Neşreden İlaç),6
DONAFEX (İMAL),10 g/l Forchlorfenuron,SL (Suda Çözünen Konsantre),6
EFSANE 70 WP (İMAL),%70 Metribuzin,WP (Islanabilir Toz),6
NEMATOZATE 15 EC (İMAL),150 g/l Fosthiazate,EC (Emülsiye Olabilen Konsantre),6
SÜPER ARTIRAN (İMAL),9 g/l Sodium p-nitrophenolate + 6 g/l Sodium o-nitrophenolate + 3 g/l Sodium 5-nitroguaiacolate,SL (Suda Çözünen Konsantre),6
KNOCKDOWN MAX (İMAL),"%74,8 Glyphosate Ammonium Tuzu",SG (Suda Çözünen Granül),6
NOVAPAK (İTHAL),%5 Metaldehyde,GB (Granül Yem),6
PHOMİDAN 480 SC (İMAL),480 g/l Spinosad,SC (Akıcı Konsantre/Süspansiyon Konsantre),6
MERMAİD PRO (İMAL),"%30 Cymoxanil + %22,5 Famoxadone",WG (Suda Dağılabilen Granül),6
GURADOR (İMAL),%50 Trifloxystrobin,WG (Suda Dağılabilen Granül),6
ROTUNDIS (İMAL),250 g/l Azoxystrobin,SC (Akıcı Konsantre/Süspansiyon Konsantre),6
ANEMON 10 SC (İMAL),100 g/l Pyriproxyfen,SC (Akıcı Konsantre/Süspansiyon Konsantre),6
SOILGARD 12 G® (İTHAL),%12 Gliocladium virens strain GL21 içerir 1x10 üzeri 6 CfU/g,WG (Suda Dağılabilen Granül),6
HEIL-AMIN (İMAL),"%5,5 Metalik Bakıra eşdeğer Bakır Sülfat",SL (Suda Çözünen Konsantre),6
PINTRO 050 EC (İMAL),50 g/l Lufenuron,EC (Emülsiye Olabilen Konsantre),6
LİVERON ALFA SC (İMAL),120 g/l Teflubenzuron + 40 g/l Alpha-cypermethrin,SC (Akıcı Konsantre/Süspansiyon Konsantre),6
MOSECAN (İMAL),50 g/l Fenpyroximate,SC (Akıcı Konsantre/Süspansiyon Konsantre),6
RAIDER SC 240 (İMAL),240 g/l Spirodiclofen,SC (Akıcı Konsantre/Süspansiyon Konsantre),6
POLE 500 SC (İMAL),500 g/l Clofentezine,SC (Akıcı Konsantre/Süspansiyon Konsantre),6
POWERSOUL FORTE (İMAL),%80 Thiram,WP (Islanabilir Toz),6
DORİS (İMAL),250 g/l Azoxystrobin,SC (Akıcı Konsantre/Süspansiyon Konsantre),6
FABAN (İTHAL),250 g/l Dithianon + 250 g/l Pyrimethanil,SC (Akıcı Konsantre/Süspansiyon Konsantre),6
BENDİS (İMAL),250 g/l Azoxystrobin,SC (Akıcı Konsantre/Süspansiyon Konsantre),6
COLONY 60 FS (İMAL),60 g/l Tebuconazole,FS (Tohum İlaçlaması İçin Akıcı Konsantre),6
TRİESTE 50 EC (İMAL),500 g/l Imazalil,EC (Emülsiye Olabilen Konsantre),6
TEZOBRİN (İMAL),250 g/l Azoxystrobin,SC (Akıcı Konsantre/Süspansiyon Konsantre),6
DALTON 5 SG (İMAL),%5 Emamectin benzoate,SG (Suda Çözünen Granül),6
TRECUR (İMAL),722 g/l Propamocarb-hydrochloride,SL (Suda Çözünen Konsantre),6
HERCAI (İMAL),300 g/l Pyrimethanil,SC (Akıcı Konsantre/Süspansiyon Konsantre),6
RESTORER 50 WG (İMAL),%50 Trifloxystrobin,WG (Suda Dağılabilen Granül),6
ERTARDODİNE 500 SC (İMAL),500 g/l Dodine,SC (Akıcı Konsantre/Süspansiyon Konsantre),6
MATABELE WG (İMAL),%50 Kresoxim-methyl,WG (Suda Dağılabilen Granül),6
CASER PRO (İMAL),"%30 Cymoxanil + %22,5 Famoxadone",WG (Suda Dağılabilen Granül),6
KURVETO DF (İMAL),"%39,75 Metalik bakıra eşdeğer bakır oksiklorid + %4,2 Cymoxanil",WG (Suda Dağılabilen Granül),6
VERDUN (İMAL),%80 Fosetyl-Al,WG (Suda Dağılabilen Granül),6
ACCLAIM (İMAL),%70 Metiram,DF (Kuru Akışkan),6
MENTA FİONA (İMAL),%80 Fosetyl-Al,WP (Islanabilir Toz),6
TİTAN 48 EC (İTHAL),480 g/l Clomazone,EC (Emülsiye Olabilen Konsantre),6
WEEPER 48 SL (İMAL),480 g/l Glyphosate Isopropylamin Tuzu,SL (Suda Çözünen Konsantre),6
İMPALA WG (İMAL),"%57 Metiram + %4,8 Cymoxanil",WG (Suda Dağılabilen Granül),6
EXCLAR 500 SC (İMAL),500 g/l Clofentezine,SC (Akıcı Konsantre/Süspansiyon Konsantre),6
EFDAL SULFUR 80 WG (İTHAL),%80 Kükürt,WG (Suda Dağılabilen Granül),6
FOLİAX 240 SC (İMAL),240 g/l Spirodiclofen,SC (Akıcı Konsantre/Süspansiyon Konsantre),6
AZİMUT 320 SC (İTHAL),200 g/l Tebuconazole + 120 g/l Azoxystrobin,SC (Akıcı Konsantre/Süspansiyon Konsantre),6
DANUA 50 WG (İMAL),%50 Cyprodinil,WG (Suda Dağılabilen Granül),6
FENDAL 33 EC (İMAL),330 g/l Pendimethalin,EC (Emülsiye Olabilen Konsantre),6
PEACE SUPER (İMAL),"116,2 g/l Clethodim",EC (Emülsiye Olabilen Konsantre),6
GALLEON 24 EC (İMAL),240 g/l Oxyfluorfen,EC (Emülsiye Olabilen Konsantre),6
ZUUM 10 SC (İMAL),110 g/l Etoxazole,SC (Akıcı Konsantre/Süspansiyon Konsantre),6
HUESCA ULTRA (İMAL),40 g/l Imazamox,SL (Suda Çözünen Konsantre),6
THEORY® (İMAL),150 g/l Cyprodinil + 100 g/l Fludioxonil,SC (Akıcı Konsantre/Süspansiyon Konsantre),6
İNVERT (İTHAL),18 g/l Abamectin,EC (Emülsiye Olabilen Konsantre),6
KORFENDOR 500 SC (İMAL),500 g/l Fenhexamid,SC (Akıcı Konsantre/Süspansiyon Konsantre),6
CEBİR® (İMAL),"12,5 g/l Fludioxonil + 5 g/l Metalaxyl",SC (Akıcı Konsantre/Süspansiyon Konsantre),6
SERVANT 150 OD (İMAL),150 g/l Indoxacarb,OD (Yağda Dağılabilen),6
GETAFE SC 125 (İMAL),125 g/l Beta-cyfluthrin,SC (Akıcı Konsantre/Süspansiyon Konsantre),6
BRİNDİSİ 48 SC (İMAL),480 g/l Diflubenzuron,SC (Akıcı Konsantre/Süspansiyon Konsantre),6
LAZİRES (İMAL),480 g/l Spinosad,SC (Akıcı Konsantre/Süspansiyon Konsantre),6
TEZKARP 150 OD (İMAL),150 g/l Indoxacarb,OD (Yağda Dağılabilen),6
MELTOLAN 20 WP (İMAL),%20 Tebufenpyrad,WP (Islanabilir Toz),6
CERA TRAP (İTHAL),"59,4 g/l Hidrolize Protein",AL (Seyreltilmeden Uygulanan Diğer Sıvılar),6
CANSARİNE SC (İMAL),500 g/l Captan,SC (Akıcı Konsantre/Süspansiyon Konsantre),6
THUNDER 48 SL (İMAL),480 g/l Glyphosate Isopropylamin Tuzu,SL (Suda Çözünen Konsantre),6
SUPER LITOS (İMAL),108 g/l Haloxyfop-P-methyl ester,EC (Emülsiye Olabilen Konsantre),6
GRANDSLAM PLUS (İMAL),"%37,5 Tribenuron-methyl + %37,5 Thifensulfuron-methyl",DF (Kuru Akışkan),6
FUJİ 10 EW (İMAL),100 g/l Zeta-cypermethrin,--- (-),6
SYL-GARD (İMAL),%50 Nicosulfuron + %25 Rimsulfuron,WG (Suda Dağılabilen Granül),6
AGROFARM-HALLEY (İMAL),75 g/l Mesotrione + 30 g/l Nicosulfuron,SC (Akıcı Konsantre/Süspansiyon Konsantre),6
CURENOX MICRO 50 WG (İTHAL),%50 Metalik bakıra eşdeğer bakır oksiklorid,WG (Suda Dağılabilen Granül),6
SULFOPOWER 800 SC (İMAL),800 g/l Kükürt,SC (Akıcı Konsantre/Süspansiyon Konsantre),6
SUNCUPRO-BORDO (İMAL),%20 Metalik bakıra eşdeğer bordo bulamacı,WP (Islanabilir Toz),6
MULİGAN (İTHAL),100 g/l Pyriproxyfen,EC (Emülsiye Olabilen Konsantre),6
MONETT (İMAL),"37,5 g/l Mesotrione + 15 g/l Nicosulfuron",OD (Yağda Dağılabilen),6
RETENGO (İTHAL),200 g/l Pyraclostrobin,EC (Emülsiye Olabilen Konsantre),6
MISSILLE 400 EW (İMAL),267 g/l Prochloraz + 133 g/l Tebuconazole,"EW (Emülsiyon, Suda Yağ)",6
DOBERMAN 240 SC (İMAL),240 g/l Spiromesifen,SC (Akıcı Konsantre/Süspansiyon Konsantre),6
EFDAL CAPTANIM 50 F (İMAL),500 g/l Captan,SC (Akıcı Konsantre/Süspansiyon Konsantre),6
DEGESCH PLATE (İTHAL),%56 Magnesium Phosphide,PB (Tabaka Yem),6
DENSKA 050 SC (İMAL),50 g/l Deltamethrin,SC (Akıcı Konsantre/Süspansiyon Konsantre),6
EFDAL ROKSAN-M (İMAL),250 g/l Bentazone + 125 g/l MCPA,SL (Suda Çözünen Konsantre),6
LONRICE 60 DF (İMAL),%60 Bensulfuron-methyl,DF (Kuru Akışkan),6
EFDAL PROKERP 50 WP (İTHAL),%50 Propyzamide,WP (Islanabilir Toz),6
CROSON 480 SL (İMAL),480 g/l Ethephon,SL (Suda Çözünen Konsantre),6
VAKANA (İMAL),%20 Acetamiprid,SP (Suda Çözünen Toz),6
PLAMITIN 48 SC (İMAL),480 g/l Diflubenzuron,SC (Akıcı Konsantre/Süspansiyon Konsantre),6
AGROFARM SEVİN (İMAL),100 g/l Zeta-cypermethrin,"EW (Emülsiyon, Suda Yağ)",6
DRİFTÇE® 600 (İMAL),600 g/l Phosphorous Acid (mono ve di-potasyum tuzları),SL (Suda Çözünen Konsantre),6
COLONY 250 EC (İMAL),250 g/l Tebuconazole,EC (Emülsiye Olabilen Konsantre),6
ANACONDA 600 (İMAL),600 g/l Aclonifen,SC (Akıcı Konsantre/Süspansiyon Konsantre),6
TUXIDO 24 EC (İMAL),240 g/l Clodinafop-propargyl + 60 g/l Cloquintocet-mexyl (safener),EC (Emülsiye Olabilen Konsantre),6
OTASON 40 OD (İMAL),40 g/l Nicosulfuron,OD (Yağda Dağılabilen),6
BEAMONT (İMAL),50 g/l Lufenuron,EC (Emülsiye Olabilen Konsantre),6
OZONEEM 1 % EC (İTHAL),10 g/l Azadirachtin A,EC (Emülsiye Olabilen Konsantre),6
BORDOPRO SC (İMAL),124 g/l Metalik bakıra eşdeğer bordo bulamacı,SC (Akıcı Konsantre/Süspansiyon Konsantre),6
KORDİCLOFEN 600 (İMAL),600 g/l Aclonifen,SC (Akıcı Konsantre/Süspansiyon Konsantre),6
KORZAMOX ULTRA (İMAL),40 g/l Imazamox,SL (Suda Çözünen Konsantre),6
KORCAMBA 420 SL (İMAL),340 g/l MCPA + 80 g/l Dicamba,SL (Suda Çözünen Konsantre),6
KORTAGRAN WP (İMAL),%45 Pyridate,WP (Islanabilir Toz),6
SMACH (İMAL),240 g/l Spirodiclofen,SC (Akıcı Konsantre/Süspansiyon Konsantre),6
MIDFIELD 5 EC (İMAL),50 g/l Quizalofop-p-ethyl,EC (Emülsiye Olabilen Konsantre),6
STANBY 48 SL (İMAL),480 g/l Glyphosate Isopropylamin Tuzu,SL (Suda Çözünen Konsantre),6
FEINZIN (İTHAL),%70 Metribuzin,WG (Suda Dağılabilen Granül),6
HURDLE SUPER (İMAL),75 g/l Fenoxaprop-p-ethyl + 30 g/l Fenchlorazole-ethyl (safener),"EW (Emülsiyon, Suda Yağ)",6
STİN 80 WP (İMAL),%80 Fosetyl-Al,WP (Islanabilir Toz),6
POLKA 400 EW (İMAL),267 g/l Prochloraz + 133 g/l Tebuconazole,"EW (Emülsiyon, Suda Yağ)",6
NİBORTEM (İTHAL),"%1,5 Verticillium lecanii strain Bb-1 %1,5 - 1x10 üzeri 8 kob/ml min",SL (Suda Çözünen Konsantre),6
NOSTALGİST BL (İTHAL),"Beauveria bassiana strain Bb-1 %1,5,1x10 üzeri 8 kob/ml min",SL (Suda Çözünen Konsantre),6
SUMAGİC (İMAL),150 g/l Indoxacarb,SC (Akıcı Konsantre/Süspansiyon Konsantre),6
LAMDEX 50 CS (İTHAL),50 g/l Lambda-cyhalothrin,CS (Kapsül Süspansiyon),6
PİVOT 25 EC (İMAL),250 g/l Tebuconazole,EC (Emülsiye Olabilen Konsantre),6
INPUT® EC 460 (İMAL),300 g/l Spiroxamine + 160 g/l Prothioconazole,EC (Emülsiye Olabilen Konsantre),6
KOTOOX 10 SC (İMAL),110 g/l Etoxazole,SC (Akıcı Konsantre/Süspansiyon Konsantre),6
EFDAL SUNOL 70 EO (İMAL),700 g/l Mineral Yağ,"EO (Emülsiyon, Yağda Su)",6
BORDOPOWER SC (İMAL),124 g/l Metalik bakıra eşdeğer bordo bulamacı,SC (Akıcı Konsantre/Süspansiyon Konsantre),6
EFDAL PROCAR 722 SL (İMAL),722 g/l Propamocarb-hydrochloride,SL (Suda Çözünen Konsantre),6
HELİCOPTER-27 (İMAL),"%5,5 Metalik Bakıra eşdeğer Bakır Sülfat",SL (Suda Çözünen Konsantre),6
EXO (İTHAL),"10 mg (Z,E)-7,9- Dodecadienyl acetate Dispenser",--- (-),6
EFFORE 20 SP (İMAL),%20 Acetamiprid,SP (Suda Çözünen Toz),6
PLAMEC 18 (İMAL),18 g/l Abamectin,EC (Emülsiye Olabilen Konsantre),6
MENTAGARD (İMAL),250 g/l Difenoconazole,EC (Emülsiye Olabilen Konsantre),6
MİRADOR FORTE 160 EC (İTHAL),100 g/l Tebuconazole + 60 g/l Azoxystrobin,EC (Emülsiye Olabilen Konsantre),6
RENATA (İMAL),722 g/l Propamocarb-hydrochloride,SL (Suda Çözünen Konsantre),6
CYPRA PLUS (İMAL),250 g/l Cypermethrin,EC (Emülsiye Olabilen Konsantre),6
CANRAG SC 125 (İMAL),125 g/l Beta-cyfluthrin,SC (Akıcı Konsantre/Süspansiyon Konsantre),6
PLATİN CAPTAN 50 WP (İMAL),%50 Captan,WP (Islanabilir Toz),6
PLACATE 80 WP (İMAL),%80 Fosetyl-Al,WP (Islanabilir Toz),6
ROXEN 25 WP (İMAL),%25 Tebuconazole,WP (Islanabilir Toz),6
ACS BAKIR HİDROKSİT (İMAL),%35 Metalik bakıra eşdeğer bakır hidroksit,DF (Kuru Akışkan),6
MENTA INOX (İMAL),100 g/l Penconazole,EC (Emülsiye Olabilen Konsantre),6
CRICKET 100 EC (İMAL),100 g/l Alpha-cypermethrin,EC (Emülsiye Olabilen Konsantre),6
REDSUNNY (İMAL),50 g/l Lambda-cyhalothrin,EC (Emülsiye Olabilen Konsantre),6
DECLARE 25 EC (İMAL),25 g/l Deltamethrin,EC (Emülsiye Olabilen Konsantre),6
PLAGOLD 20 EC (İMAL),200 g/l Esfenvalerate,EC (Emülsiye Olabilen Konsantre),6
AGRIZATE (İMAL),400 g/l Phosphorous Acid (mono ve di-potasyum tuzları),SL (Suda Çözünen Konsantre),6
KORCYCURON MİX CUP® DS 70 (İMAL),%50 Captan + %20 Pencycuron,DS (Kuru Tohum İlacı),6
KORFENYRAD 20 WP (İMAL),%20 Tebufenpyrad,WP (Islanabilir Toz),6
VİTPHEROLURE KP (İTHAL),"0,25 mg (2-S, 12-Z)- 2-acetoxy-12-heptadecene Dispenser",--- (-),6
SMC BLAPİ (İMAL),20x25 cm ebatlarında polipropilen sarı tuzak,Sarı Yapışkan Tuzak (-),6
TAKUMI (İTHAL),%20 Flubendiamide,WG (Suda Dağılabilen Granül),6
AGNİCOR SC (İMAL),300 g/l Pyrimethanil,SC (Akıcı Konsantre/Süspansiyon Konsantre),6
SPİDOLL DF (İMAL),"%30 Cymoxanil + %22,5 Famoxadone",WG (Suda Dağılabilen Granül),6
PACGROW (İMAL),480 g/l Spinosad,SC (Akıcı Konsantre/Süspansiyon Konsantre),6
KLORZON 10 EC (İMAL),100 g/l Tetraconazole,EC (Emülsiye Olabilen Konsantre),6
KOROKSİM 50 WG (İMAL),%50 Kresoxim-methyl,WG (Suda Dağılabilen Granül),6
MENTA LAPİS (İMAL),50 g/l Lufenuron,EC (Emülsiye Olabilen Konsantre),6
LARVADEF 48 SC (İMAL),480 g/l Diflubenzuron,SC (Akıcı Konsantre/Süspansiyon Konsantre),6
NOVASAT 75 WP (İMAL),%75 Cyromazine,WP (Islanabilir Toz),6
LACERTA 250 SC (İMAL),250 g/l Azoxystrobin,SC (Akıcı Konsantre/Süspansiyon Konsantre),6
DARKEVEN SC (İMAL),500 g/l Fenhexamid,SC (Akıcı Konsantre/Süspansiyon Konsantre),6
RAPIDOX 50 WG (İMAL),%50 Trifloxystrobin,WG (Suda Dağılabilen Granül),6
SAUPOLO 80 SC (İMAL),800 g/l Kükürt,SC (Akıcı Konsantre/Süspansiyon Konsantre),6
HOCUS ULTRA (İMAL),100 g/l Buprofezin + 20 g/l Lambda-cyhalothrin,EC (Emülsiye Olabilen Konsantre),6
DACRON WP (İTHAL),32000 IU/mg Bacillus thuringiensis var kurstaki strain SA-11,WP (Islanabilir Toz),6
RAGE 70 WP (İMAL),%70 Thiophanate-methyl,WP (Islanabilir Toz),6
BONAFLAN WG (İTHAL),%60 Benfluralin,WG (Suda Dağılabilen Granül),6
EFDAL BARKOT 72 SL (İMAL),720 g/l Ethephon,SL (Suda Çözünen Konsantre),6
EFDAL OCMOST 240 EC (İMAL),240 g/l Oxyfluorfen,EC (Emülsiye Olabilen Konsantre),6
BAZUCA M (İMAL),250 g/l Bentazone + 125 g/l MCPA,SL (Suda Çözünen Konsantre),6
KORANİL 50 WG (İMAL),%50 Cyprodinil,WG (Suda Dağılabilen Granül),6
DELOS (İMAL),110 g/l Etoxazole,SC (Akıcı Konsantre/Süspansiyon Konsantre),6
NAZATEM® 250 SC (İMAL),250 g/l Azoxystrobin,SC (Akıcı Konsantre/Süspansiyon Konsantre),6
ACCOLADE EC (İTHAL),1000 g/l Dimethyl Disulfide,EC (Emülsiye Olabilen Konsantre),6
METTARO (İMAL),%30 Indoxacarb,WG (Suda Dağılabilen Granül),6
DERIVATE (İMAL),150 g/l Indoxacarb,SC (Akıcı Konsantre/Süspansiyon Konsantre),6
KHUBALA 75 WP (İMAL),%50 Thifensulfuron-methyl + %25 Tribenuron-methyl,WP (Islanabilir Toz),6
NOVAGAP 600 SC (İMAL),600 g/l Aclonifen,SC (Akıcı Konsantre/Süspansiyon Konsantre),6
BELLUM (İMAL),"%26,7 Boscalid + %6,7 Pyraclostrobin",WG (Suda Dağılabilen Granül),6
EMAREBENO 02 EC (İMAL),20 g/l Emamectin benzoate,EC (Emülsiye Olabilen Konsantre),6
GARCIA (İMAL),%55 Metiram + %5 Pyraclostrobin,WG (Suda Dağılabilen Granül),6
PAREND (İMAL),%50 Tolclofos-methyl,WP (Islanabilir Toz),6
EFDAL KİMETRİN 25 EC (İMAL),250 g/l Cypermethrin,EC (Emülsiye Olabilen Konsantre),6
EFDAL DIFLUMIN 48 SC (İMAL),480 g/l Diflubenzuron,SC (Akıcı Konsantre/Süspansiyon Konsantre),6
BENVOL 50 WG (İMAL),%50 Kresoxim-methyl,WG (Suda Dağılabilen Granül),6
GİZEY 20 WP (İMAL),%20 Tebufenpyrad,WP (Islanabilir Toz),6
ADMİN 10 EC (İMAL),100 g/l Pyriproxyfen,EC (Emülsiye Olabilen Konsantre),6
WİPLAMBDA 5 EC (İMAL),50 g/l Lambda-cyhalothrin,EC (Emülsiye Olabilen Konsantre),6
NO-FLY 20 SP (İMAL),%20 Acetamiprid,SP (Suda Çözünen Toz),6
SPODHEL SG (İMAL),%5 Emamectin benzoate,SG (Suda Çözünen Granül),6
TAZOLE (İMAL),110 g/l Etoxazole,SC (Akıcı Konsantre/Süspansiyon Konsantre),6
AVOCARB PRO (İMAL),"%30 Cymoxanil + %22,5 Famoxadone",WG (Suda Dağılabilen Granül),6
EFDAL EXZUM 450 EC (İMAL),450 g/l Prochloraz,EC (Emülsiye Olabilen Konsantre),6
KORDYMET BLUE 46 WP (İMAL),%40 Metalik bakıra eşdeğer bakır oksiklorid + %6 Dimethomorp,WP (Islanabilir Toz),6
NAMGOLD SÜPER SC (İMAL),"357,5 g/l Metalik bakıra eşdeğer bakır oksiklorid",SC (Akıcı Konsantre/Süspansiyon Konsantre),6
AVANTİ (İMAL),150 g/l Indoxacarb,SC (Akıcı Konsantre/Süspansiyon Konsantre),6
VECTOR 50 WG (İMAL),%50 Cyprodinil,WG (Suda Dağılabilen Granül),6
PLATFORM 10 EC (İMAL),100 g/l Pyriproxyfen,EC (Emülsiye Olabilen Konsantre),6
AGFESİN (İMAL),"65,82 g/l Metalik bakıra eşdeğer bakır sülfat",SC (Akıcı Konsantre/Süspansiyon Konsantre),6
TROWEL 050 EC (İMAL),50 g/l Lufenuron,EC (Emülsiye Olabilen Konsantre),6
COPERHİD SC (İMAL),"361,1 g/l Metalik bakıra eşdeğer bakır hidroksit",SC (Akıcı Konsantre/Süspansiyon Konsantre),6
REVOLVER (İMAL),%5 Emamectin benzoate,SG (Suda Çözünen Granül),6
MYCORIX (İMAL),200 g/l Cyhalofop-butyl,EC (Emülsiye Olabilen Konsantre),6
BLOSSOM PROTECT (İTHAL),5x10 üzeri 9 Hücreler/g Aureobasidium pullulans,WG (Suda Dağılabilen Granül),6
SIGMACORE (İMAL),%50 Boscalid,WG (Suda Dağılabilen Granül),6
RAK 2 PRO (İTHAL),"400 mg Kapsül + (250 mg. Z,E- 7,9 Dodecadienyl acetate + 130 mg. 12 Ac Dodecyl acetate) + Pherocon Tuzak",--- (-),6
GUERRA 400 (İMAL),400 g/l Phosphorous Acid (mono ve di-potasyum tuzları),SL (Suda Çözünen Konsantre),6
HUCKNEY (İMAL),480 g/l Mesotrione,SC (Akıcı Konsantre/Süspansiyon Konsantre),6
RESITAL DUO (İMAL),"452,42 g/l 2,4-D 2-Ethylhexyl ester + 6,25 g/l Florasulam",SE (Suspo-Emülsiyon),6
BYPASS 240 SC (İMAL),240 g/l Methoxyfenozide,SC (Akıcı Konsantre/Süspansiyon Konsantre),6
EVERTON 70 DF (İMAL),%70 Metiram,DF (Kuru Akışkan),6
FUNGURAN-OH 50 WP (İTHAL),%50 Metalik bakıra eşdeğer bakır hidroksit,WP (Islanabilir Toz),6
RHYTHM SC (İMAL),300 g/l Pyrimethanil,SC (Akıcı Konsantre/Süspansiyon Konsantre),6
DIMILIN 80 WG (İTHAL),%80 Diflubenzuron,WG (Suda Dağılabilen Granül),6
TEPPEKİ (İTHAL),%50 Flonicamid,WG (Suda Dağılabilen Granül),6
KANEMITE SC (İTHAL),156 g/l Acequinocyl,SC (Akıcı Konsantre/Süspansiyon Konsantre),6
TOCATA TR (İTHAL),150 g/l Prochloraz + 42 g/l Epoxiconazole,DC (Disperse Olabilen Konsantre),6
SELEN (İMAL),600 g/l Aclonifen,SC (Akıcı Konsantre/Süspansiyon Konsantre),6
EFDAL FENDOOR SC 500 (İMAL),500 g/l Fenhexamid,SC (Akıcı Konsantre/Süspansiyon Konsantre),6
TIGANEX (İMAL),300 g/l Pyrimethanil,SC (Akıcı Konsantre/Süspansiyon Konsantre),6
CYRO MAX 100 FS (İMAL),100 g/l Fludioxonil,FS (Tohum İlaçlaması İçin Akıcı Konsantre),6
EPTİNATE ULTRA (İMAL),310 g/l Thiophanate-methyl + 187 g/l Epoxiconazole,SC (Akıcı Konsantre/Süspansiyon Konsantre),6
AFFLURON (İMAL),480 g/l Diflubenzuron,SC (Akıcı Konsantre/Süspansiyon Konsantre),6
ARALİX 480 SC (İMAL),480 g/l Spinosad,SC (Akıcı Konsantre/Süspansiyon Konsantre),6
SPECTRUM PLUS (İTHAL),"250 g/l Pendimethalin + 212,5 g/l Dimethenamid-p",EC (Emülsiye Olabilen Konsantre),6
GRAYN (İMAL),"22,5 g/l Foramsulfuron",SC (Akıcı Konsantre/Süspansiyon Konsantre),6
BANDERILLA 70 WP (İMAL),%70 Metribuzin,WP (Islanabilir Toz),6
EQUITY (İMAL),"22,5 g/l Foramsulfuron",SC (Akıcı Konsantre/Süspansiyon Konsantre),6
RODER 80 WP (İMAL),%80 Fosetyl-Al,WP (Islanabilir Toz),6
HEROS (İMAL),250 g/l Azoxystrobin,SC (Akıcı Konsantre/Süspansiyon Konsantre),6
SAPHO (İMAL),480 g/l Spinosad,SC (Akıcı Konsantre/Süspansiyon Konsantre),6
CELTİC MAX 100 FS (İMAL),100 g/l Fludioxonil,FS (Tohum İlaçlaması İçin Akıcı Konsantre),6
DEXTEROUS (İMAL),500 g/l Fenhexamid,SC (Akıcı Konsantre/Süspansiyon Konsantre),6
AGRISAVE (İMAL),722 g/l Propamocarb-hydrochloride,SL (Suda Çözünen Konsantre),6
PAROMET 50 EC (İMAL),500 g/l Imazalil,EC (Emülsiye Olabilen Konsantre),6
VİSTRO 500 SC (İMAL),500 g/l Clofentezine,SC (Akıcı Konsantre/Süspansiyon Konsantre),6
WINSOR (İMAL),240 g/l Methoxyfenozide,SC (Akıcı Konsantre/Süspansiyon Konsantre),6
KATSUMI 24 EC (İMAL),240 g/l Clodinafop-propargyl + 60 g/l Cloquintocet-mexyl (safener),EC (Emülsiye Olabilen Konsantre),6
CANSETYL 300 SC (İMAL),300 g/l Pyrimethanil,SC (Akıcı Konsantre/Süspansiyon Konsantre),6
MİSKET 200 SL (İMAL),200 g/l Glufosinate-ammonium tuzu,SL (Suda Çözünen Konsantre),6
SMC PİT (İMAL),140 mg Ipsenol/ Dispenser + Çok hunili tuzak,--- (-),6
SMC DAKOL (İMAL),23 mg Ipsdienol + 75 mg Cis verbenol/ Disp. + İskandinav tipi Üç hunili tuzak,--- (-),6
CITADEL (İTHAL),"100 g/l Cyhalofop-butyl + 13,3 g/l Penoxsulam",OD (Yağda Dağılabilen),6
WALNUS SUPER (İMAL),69 g/l Fenoxaprop-p-ethyl + 33 g/l Cloquintocet-mexyl (safener),"EW (Emülsiyon, Suda Yağ)",6
EFDAL BETKUL 25 EC (İMAL),25 g/l Beta-cyfluthrin,EC (Emülsiye Olabilen Konsantre),6
EFDAL DAYTONNA 050 (İMAL),50 g/l Lufenuron,EC (Emülsiye Olabilen Konsantre),6
DICOTEX (İTHAL),"70 g/l 2,4-D + 70 g/l MCPA + 42 g/l MCPP-P + 20 g/l Dicamba",SL (Suda Çözünen Konsantre),6
PUZZLE 20 WP (İMAL),%20 Pyridaben,WP (Islanabilir Toz),6
SPARTA 25 WP (İMAL),%25 Tebuconazole,WP (Islanabilir Toz),6
FEDORA (İMAL),200 g/l Cyhalofop-butyl,EC (Emülsiye Olabilen Konsantre),6
KARATHANE GOLD (İTHAL),350 g/l Meptyldinocap,EC (Emülsiye Olabilen Konsantre),6
EFDAL HALO (İMAL),200 g/l Cyhalofop-butyl,EC (Emülsiye Olabilen Konsantre),6
QUARTETTE® 70 WP (İMAL),%70 Thiophanate-methyl,WP (Islanabilir Toz),6
FİESTA (İMAL),480 g/l Spinosad,SC (Akıcı Konsantre/Süspansiyon Konsantre),6
LASTCALL (İMAL),480 g/l Spinosad,SC (Akıcı Konsantre/Süspansiyon Konsantre),6
SMC EBUO (İTHAL),"0,76 mg E3-Z8-Z11 Tetradecetrienyl acetate (%95) + 0,04 mg E3-Z8 Tetradecaenyl acetate (%5)",--- (-),6
EFDAL PYROSS (İMAL),300 g/l Pyrimethanil,SC (Akıcı Konsantre/Süspansiyon Konsantre),6
EFDAL AZBİN SC (İMAL),250 g/l Azoxystrobin,SC (Akıcı Konsantre/Süspansiyon Konsantre),6
TERVIGO 20 SC (İTHAL),20 g/l Abamectin,SC (Akıcı Konsantre/Süspansiyon Konsantre),6
JASOP (İMAL),"65,82 g/l Metalik bakıra eşdeğer bakır sülfat",SC (Akıcı Konsantre/Süspansiyon Konsantre),6
PLINTO® WG (İTHAL),%40 Metalik bakıra eşdeğer bakır hidroksit,WG (Suda Dağılabilen Granül),6
CLERY 080 EC (İMAL),80 g/l Clodinafop-propargyl + 20 g/l Cloquintocet-mexyl (Safener),EC (Emülsiye Olabilen Konsantre),6
ZOOMER (İTHAL),360 g/l Glyphosate asite eşdeğer Glyphosate Isopropylamin Tuzu + 30 g/l Oxyfluorfen,SC (Akıcı Konsantre/Süspansiyon Konsantre),6
EFDAL TEBUSAI 20 WP (İMAL),%20 Tebufenpyrad,WP (Islanabilir Toz),6
KAPAR DG (İMAL),"0,5 mg (%95 E-Z-Z,3-8-11 Tetradecatrienyl acetate + %5 E-Z,3-8 Tetradecadienyl acetate)/Dispenser",--- (-),6
KAPAR IPSTYP (İMAL),1500 mg metil butenol + 100 mg Cis-verbanol + 8 mg Ipsdienol dispenser,--- (-),6
TAYRANG (İMAL),"452,42 g/l 2,4-D 2-Ethylhexyl ester + 6,25 g/l Florasulam",SE (Suspo-Emülsiyon),6
EXILIS (İTHAL),20 g/l 6-Benzyladenine,SL (Suda Çözünen Konsantre),6
HEADLİNE SC (İMAL),250 g/l Azoxystrobin,SC (Akıcı Konsantre/Süspansiyon Konsantre),6
BİFAC PRO (İMAL),"%30 Cymoxanil + %22,5 Famoxadone",WG (Suda Dağılabilen Granül),6
BAROX (İTHAL),"480 g/l Bentazone + 22,4 g/l Imazamox",SL (Suda Çözünen Konsantre),6
ORVEGO (İTHAL),300 g/l Ametoctradin + 225 g/l Dimethomorph,SC (Akıcı Konsantre/Süspansiyon Konsantre),6
RETENGO PLUS (İTHAL),133 g/l Pyraclostrobin + 50 g/l Epoxiconazole,SE (Suspo-Emülsiyon),6
DRİFTÇE 400 (İMAL),400 g/l Phosphorous Acid (mono ve di-potasyum tuzları),SL (Suda Çözünen Konsantre),6
DEXEDRINE (İMAL),25 g/l Deltamethrin,EC (Emülsiye Olabilen Konsantre),6
CLINCHER DUO (İTHAL),200 g/l Cyhalofop-butyl,EC (Emülsiye Olabilen Konsantre),6
CASPERTIN (İMAL),%50 Cymoxanil,WP (Islanabilir Toz),6
EMPOWER (İMAL),75 g/l Mesotrione + 30 g/l Nicosulfuron,SC (Akıcı Konsantre/Süspansiyon Konsantre),6
ALMARİNEİ® PLUS (İMAL),10 g/l Gibberellin A4/A7,SL (Suda Çözünen Konsantre),6
ALMERİNEİ (İMAL),"18,8 g/l 6-Benzyladenine + 18,5 g/l Gibberellin A4/A7",SL (Suda Çözünen Konsantre),6
KIRES ULTRA (İMAL),40 g/l Imazamox,SL (Suda Çözünen Konsantre),6
YONA M (İMAL),250 g/l Bentazone + 125 g/l MCPA,SL (Suda Çözünen Konsantre),6
ALOPEC EC (İMAL),18 g/l Abamectin,EC (Emülsiye Olabilen Konsantre),6
POSEİDON 80 WP (İMAL),%80 Fosetyl-Al,WP (Islanabilir Toz),6
PODRİCE BM (İMAL),250 g/l Bentazone + 125 g/l MCPA,SL (Suda Çözünen Konsantre),6
LYBEER (İMAL),500 g/l Clofentezine,SC (Akıcı Konsantre/Süspansiyon Konsantre),6
AGROSOL 80 WG (İTHAL),%80 Kükürt,WG (Suda Dağılabilen Granül),6
NOVAMİTE (İMAL),110 g/l Etoxazole,SC (Akıcı Konsantre/Süspansiyon Konsantre),6
EFDAL TRIBENSTAR 75 DF (İTHAL),%75 Tribenuron-methyl,DF (Kuru Akışkan),6
EPOSTAR 480 SL (İMAL),480 g/l Glyphosate Isopropylamin Tuzu,SL (Suda Çözünen Konsantre),6
BAZUCA 48 SL (İMAL),480 g/l Bentazone,SL (Suda Çözünen Konsantre),6
CONRAD SC (İMAL),250 g/l Azoxystrobin,SC (Akıcı Konsantre/Süspansiyon Konsantre),6
HECKATE (İMAL),600 g/l Aclonifen,SC (Akıcı Konsantre/Süspansiyon Konsantre),6
PRİMEXTRA OPTİ 500 SC (İTHAL),"312,5 g/l S-Metolachlor + 187,5 g/l Terbuthylazine",SC (Akıcı Konsantre/Süspansiyon Konsantre),6
SMC CECA (İMAL),95 mg Ipsdienol/ Disp.+ Çok Hunili Kabuk Böceği Tuzağı,--- (-),6
TYPIC® (İTHAL),%80 Kükürt,WG (Suda Dağılabilen Granül),6
FENTHOXAN (İMAL),480 g/l Bentazone,SL (Suda Çözünen Konsantre),6
CALARIS 400 SC (İTHAL),330 g/l Terbuthylazine + 70 g/l Mesotrione,SC (Akıcı Konsantre/Süspansiyon Konsantre),6
RALLY ULTRA FS 120 (İMAL),120 g/l Tebuconazole,FS (Tohum İlaçlaması İçin Akıcı Konsantre),6
TOP-COPP 5 E (İMAL),"51,4 g/l Metalik Bakıra eşdeğer Yağ ve Rosin Asitlerinin Bakır Tuzları",EC (Emülsiye Olabilen Konsantre),6
STENO (İMAL),%50 Nicosulfuron + %25 Rimsulfuron,WG (Suda Dağılabilen Granül),6
ANTALİA 250 EC (İMAL),250 g/l Difenoconazole,EC (Emülsiye Olabilen Konsantre),6
GRANLAND PLUS (İMAL),"%37,5 Tribenuron-methyl + %37,5 Thifensulfuron-methyl",DF (Kuru Akışkan),6
CAİRA (İMAL),250 g/l Azoxystrobin,SC (Akıcı Konsantre/Süspansiyon Konsantre),6
BIO NEMATON (İTHAL),1* 10 8 kob/ml (%1.5) Paecilomyces lilacinus,SL (Suda Çözünen Konsantre),6
CAPSELON 50 WP (İMAL),%50 Cymoxanil,WP (Islanabilir Toz),6
ELEGANS 50 WP (İMAL),%50 Tolclofos-methyl,WP (Islanabilir Toz),6
PRIORITY (İTHAL),1* 10 8 kob/ml (%1.5) Paecilomyces fumosoroseus,SL (Suda Çözünen Konsantre),6
CROSHE (İMAL),%20 Tebufenpyrad,WP (Islanabilir Toz),6
ACROPOL - PLUS CC (İMAL),%40 Metalik bakıra eşdeğer bakır oksiklorid + %6 Dimethomorp,WG (Suda Dağılabilen Granül),6
ELACURE (İMAL),225 g/l Bromoxynil,EC (Emülsiye Olabilen Konsantre),6
VELONTA ® TR (İTHAL),%10 Prohexadione Calcium,WG (Suda Dağılabilen Granül),6
TAXUS (İMAL),"116,2 g/l Clethodim",EC (Emülsiye Olabilen Konsantre),6
ORTTRI (İTHAL),25 mg Ipsenol + 15 mg Ipsdienol + 1280 mg Sinerjist mad./Dispenser + 3 Hunili tuzak,--- (-),6
LANCELOT™ SUPER (İTHAL),%30 Aminopyralid + %15 Florasulam,WG (Suda Dağılabilen Granül),6
KORFOSAT STAR (İMAL),441 g/l Glyphosate Potasyum Tuzu,SL (Suda Çözünen Konsantre),6
ZİREX WG (İMAL),%76 Ziram,WG (Suda Dağılabilen Granül),6
NEMATHORIN 150 EC (İTHAL),150 g/l Fosthiazate,EC (Emülsiye Olabilen Konsantre),6
HILCOP WP (İMAL),%16 Metalik bakıra eşdeğer bakır kalsiyum oksiklorid,WP (Islanabilir Toz),6
PYRİCOSE ® 300 SC (İMAL),300 g/l Pyrimethanil,SC (Akıcı Konsantre/Süspansiyon Konsantre),6
STRATOS (İTHAL),100 g/l Cycloxydim,EC (Emülsiye Olabilen Konsantre),6
MEDZOM (İMAL),330 g/l Pendimethalin,EC (Emülsiye Olabilen Konsantre),6
NART 80 WP (İMAL),%80 Lenacil,WP (Islanabilir Toz),6
DİPEL DF (İTHAL),32000 CLU/mg Bacillus thuringiensis subsp kurstaki ABTS-351 ırkı,WG (Suda Dağılabilen Granül),6
FLORBAC WG (İTHAL),35000 DBM/mg Bacillus thuringiensis var. aizawai strain ABTS-1857,WG (Suda Dağılabilen Granül),6
TİMOREX GOLD (İTHAL),"222,5 g/l Tea tree oil",EC (Emülsiye Olabilen Konsantre),6
SARPA 70 WP (İMAL),%70 Thiophanate-methyl,WP (Islanabilir Toz),6
NATIVO ® WG 75 (İTHAL),%50 Tebuconazole + %25 Trifloxystrobin,WG (Suda Dağılabilen Granül),6
MARDE DF (İMAL),%70 Metiram,DF (Kuru Akışkan),6
KORUMA CAPTAN 500 FL® (İMAL),500 g/l Captan,FL (Akıcı Konsantre/Süspansiyon Konsantre),6
FLOBORDO WG (İMAL),%20 Metalik bakıra eşdeğer bordo bulamacı,WP (Islanabilir Toz),6
OWNER 550 SC (İMAL),"361,1 g/l Metalik bakıra eşdeğer bakır hidroksit",SC (Akıcı Konsantre/Süspansiyon Konsantre),6
TATUN (İMAL),%75 Sulfosulfuron,WG (Suda Dağılabilen Granül),6
SORİDES (İMAL),500 g/l Imazalil,EC (Emülsiye Olabilen Konsantre),6
PESTİGE (İMAL),%25 Tebuconazole,WP (Islanabilir Toz),6
OWNER 77 WP (İMAL),%50 Metalik bakıra eşdeğer bakır hidroksit,WP (Islanabilir Toz),6
MASTERMEC EC (İMAL),18 g/l Abamectin,EC (Emülsiye Olabilen Konsantre),6
BESTDODİNE 500 SC (İMAL),500 g/l Dodine,SC (Akıcı Konsantre/Süspansiyon Konsantre),6
RHONTOX M FLUID (İMAL),400 g/l MCPA,SL (Suda Çözünen Konsantre),6
FALGIB (İTHAL),10 g/l Gibberellin A4/A7,SL (Suda Çözünen Konsantre),6
FİERO 77 WP (İMAL),%50 Metalik bakıra eşdeğer bakır hidroksit,WP (Islanabilir Toz),6
TEBİCUR FS 060 (İMAL),60 g/l Tebuconazole,FS (Tohum İlaçlaması İçin Akıcı Konsantre),6
ZUCRADUR 100 (İMAL),100 g/l Clopyralid,SL (Suda Çözünen Konsantre),6
İNFİNİTYY (İMAL),50 g/l Etofenprox,EC (Emülsiye Olabilen Konsantre),6
ERZEN 70 WP (İMAL),%70 Thiophanate-methyl,WP (Islanabilir Toz),6
PENDALIN 75 WG (İMAL),%75 Halosulfuron-methyl,WG (Suda Dağılabilen Granül),6
EFDAL FENOS 400 EC (İMAL),400 g/l Fenamiphos,EC (Emülsiye Olabilen Konsantre),6
SUDOOR 400 SC (İMAL),400 g/l Buprofezin,SC (Akıcı Konsantre/Süspansiyon Konsantre),6
MAGNESYA SC (İMAL),500 g/l Dodine,SC (Akıcı Konsantre/Süspansiyon Konsantre),6
PROPACUR'N (İMAL),722 g/l Propamocarb-hydrochloride,SL (Suda Çözünen Konsantre),6
KORPHANATE 70 WP (İMAL),%70 Thiophanate-methyl,WP (Islanabilir Toz),6
MELİNTOS (İMAL),300 g/l Pyrimethanil,SC (Akıcı Konsantre/Süspansiyon Konsantre),6
CUDDLE DF (İMAL),"%39,75 Metalik bakıra eşdeğer bakır oksiklorid + %4,2 Cymoxanil",DF (Kuru Akışkan),6
ALCINE EXTRA (İMAL),450 g/l Pendimethalin,CS (Kapsül Süspansiyon),6
QLURE-TUA (İTHAL),"0,5 mg. E3- Z8- Z11Tetradecatrienyl Acetate + 0,024 mg. E3-Z8 Tetradecadienyl Acetate /Dispenser + Delta Tuzak",--- (-),6
REXON (İMAL),40 g/l Nicosulfuron,OD (Yağda Dağılabilen),6
RESORT EXTRA (İMAL),450 g/l Pendimethalin,CS (Kapsül Süspansiyon),6
MANİFESTO 24 EC (İMAL),240 g/l Oxyfluorfen,EC (Emülsiye Olabilen Konsantre),6
MADBON-M 60 (İMAL),400 g/l Bentazone + 60 g/l MCPA,SL (Suda Çözünen Konsantre),6
FİREWALL (İMAL),360 g/l Glyphosate asite eşdeğer Glyphosate Isopropylamin Tuzu + 30 g/l Oxyfluorfen,SC (Akıcı Konsantre/Süspansiyon Konsantre),6
MAXT (İMAL),"452,42 g/l 2,4-D 2-Ethylhexyl ester + 6,25 g/l Florasulam",SE (Suspo-Emülsiyon),6
PANAM EC 40 (İMAL),40 g/l Quizalofop-p-tefuryl,EC (Emülsiye Olabilen Konsantre),6
FULL-TİME SÜPER (İMAL),75 g/l Fenoxaprop-p-ethyl + 30 g/l Fenchlorazole-ethyl (safener),"EW (Emülsiyon, Suda Yağ)",6
MEGAMAX EXTRA CS (İMAL),50 g/l Lambda-cyhalothrin,CS (Kapsül Süspansiyon),6
POTEGON 20 SP (İMAL),%20 Acetamiprid,SP (Suda Çözünen Toz),6
COSSAPAM (İTHAL),500 g/l Metam Sodium,SL (Suda Çözünen Konsantre),6
TRİPOWER 75 WG (İMAL),%75 Cyromazine,WG (Suda Dağılabilen Granül),6
AGN-CAPTAN 500 SC (İMAL),500 g/l Captan,SC (Akıcı Konsantre/Süspansiyon Konsantre),6
TATUV (İMAL),%25 Rimsulfuron,SG (Suda Çözünen Granül),6
SHOOT (İMAL),480 g/l Mesotrione,SC (Akıcı Konsantre/Süspansiyon Konsantre),6
SURRENDER 5 SG (İMAL),%5 Emamectin benzoate,SG (Suda Çözünen Granül),6
EFDAL PEKOZOL® 100 EC (İMAL),100 g/l Penconazole,EC (Emülsiye Olabilen Konsantre),6
LONTREL™ EXTRA (İTHAL),240 g/l Clopyralid + 80 g/l Picloram + 40 g/l Aminopyralid,SL (Suda Çözünen Konsantre),6
POWERCOP (İMAL),"65,82 g/l Metalik bakıra eşdeğer bakır sülfat",SC (Akıcı Konsantre/Süspansiyon Konsantre),6
TREND 20 EC (İMAL),200 g/l Cyhalofop-butyl,EC (Emülsiye Olabilen Konsantre),6
REGALIA (İTHAL),"224,6 g/l Reynoutria spp. ekstraktı",SC (Akıcı Konsantre/Süspansiyon Konsantre),6
AGRORA 600 (İMAL),600 g/l Aclonifen,SC (Akıcı Konsantre/Süspansiyon Konsantre),6
AGREX (İMAL),25 g/l Sodium s-Naphthaline Acetate + 3 g/l Sodium Para Nitrophenolate + 2 g/l Sodium Ortho Nitrophenolate + 1 g/l Sodium Penta Nitroguaiacolate,SL (Suda Çözünen Konsantre),6
NOMIUM (İMAL),%50 Azimsulfuron,WG (Suda Dağılabilen Granül),6
AMASSIS 25 EC (İMAL),25 g/l Beta-cyfluthrin,EC (Emülsiye Olabilen Konsantre),6
NOTCH SUPER (İMAL),150 g/l Teflubenzuron,SC (Akıcı Konsantre/Süspansiyon Konsantre),6
SCYLLA 225 EC (İMAL),225 g/l Bromoxynil,EC (Emülsiye Olabilen Konsantre),6
TULPAR 70 WG (İMAL),%70 Metamitron,WG (Suda Dağılabilen Granül),6
MİLLERA MH-30 (İMAL),188 g/l Maleic Hydrazide,SL (Suda Çözünen Konsantre),6
FLUBALA 25 EC (İMAL),250 g/l Flurochloridone,EC (Emülsiye Olabilen Konsantre),6
SANRON (İMAL),40 g/l Nicosulfuron,OD (Yağda Dağılabilen),6
POLAREX DF (İMAL),%70 Metiram,DF (Kuru Akışkan),6
AGROMAZINE 75 WG (İMAL),%75 Cyromazine,WG (Suda Dağılabilen Granül),6
AEKİDO CAPSÜL (İMAL),50 g/l Lambda-cyhalothrin,CS (Kapsül Süspansiyon),6
SCANN 80 WP (İMAL),%80 Fosetyl-Al,WP (Islanabilir Toz),6
TEKVANDO CAPSÜL (İMAL),50 g/l Lambda-cyhalothrin,CS (Kapsül Süspansiyon),6
TOPSET 080 EC (İMAL),80 g/l Clodinafop-propargyl + 20 g/l Cloquintocet-mexyl (Safener),EC (Emülsiye Olabilen Konsantre),6
TYPY (İMAL),%25 Rimsulfuron,SG (Suda Çözünen Granül),6
VOLITAN 12 EC (İMAL),125 g/l Myclobutanil,EC (Emülsiye Olabilen Konsantre),6
SAFA BORDEAUX MIX JET 20 WG (İMAL),%20 Metalik bakıra eşdeğer bordo bulamacı,WG (Suda Dağılabilen Granül),6
NOVAGIBB SL (İMAL),20 g/l Gibberellic acid,SL (Suda Çözünen Konsantre),6
FİNALE (İMAL),480 g/l Ethephon + 60 g/l Cyclanilide,SC (Akıcı Konsantre/Süspansiyon Konsantre),6
ZOMBIE SC (İMAL),110 g/l Etoxazole,SC (Akıcı Konsantre/Süspansiyon Konsantre),6
DECTATORE® 250 SC (İMAL),250 g/l Flutriafol,SC (Akıcı Konsantre/Süspansiyon Konsantre),6
"DEPRIVE EC 2,5 (İMAL)",25 g/l Deltamethrin,EC (Emülsiye Olabilen Konsantre),6
DISMISS 48 SC (İMAL),480 g/l Diflubenzuron,SC (Akıcı Konsantre/Süspansiyon Konsantre),6
BERRLAN (İMAL),%50 Kresoxim-methyl,WG (Suda Dağılabilen Granül),6
EFDAL HİMEKSOL 30 L (İMAL),360 g/l Hymexazole,SL (Suda Çözünen Konsantre),6
FIERO LIQUID (İMAL),"361,1 g/l Metalik bakıra eşdeğer bakır hidroksit",SC (Akıcı Konsantre/Süspansiyon Konsantre),6
ZİP-COPP 5 E (İMAL),"51,4 g/l Metalik Bakıra eşdeğer Yağ ve Rosin Asitlerinin Bakır Tuzları",EC (Emülsiye Olabilen Konsantre),6
KAMBİT (İMAL),%50 Kresoxim-methyl,WG (Suda Dağılabilen Granül),6
GENSİL FS 060 (İMAL),60 g/l Tebuconazole,FS (Tohum İlaçlaması İçin Akıcı Konsantre),6
MACABRE 50 EC (İMAL),500 g/l Imazalil,EC (Emülsiye Olabilen Konsantre),6
EFDAL FOSALİN 80 WP (İMAL),%80 Fosetyl-Al,WP (Islanabilir Toz),6
POLYANNA DF (İMAL),%70 Metiram,DF (Kuru Akışkan),6
KORZAMİDE 50 WP (İMAL),%50 Propyzamide,WP (Islanabilir Toz),6
FHERUS (İMAL),%80 Fosetyl-Al,WP (Islanabilir Toz),6
TAURICA 50 WG (İMAL),%50 Trifloxystrobin,WG (Suda Dağılabilen Granül),6
KİLEX BORDEAUX WP (İMAL),%20 Metalik bakıra eşdeğer bordo bulamacı,WP (Islanabilir Toz),6
AMİD 330 EC (İMAL),330 g/l Pendimethalin,EC (Emülsiye Olabilen Konsantre),6
ASTRAGİL (İMAL),50 g/l Quizalofop-p-ethyl,EC (Emülsiye Olabilen Konsantre),6
KORUMA FALTAN® 50 FL (İMAL),500 g/l Folpet,SC (Akıcı Konsantre/Süspansiyon Konsantre),6
KORITUS (İMAL),%50 Cyprodinil,WG (Suda Dağılabilen Granül),6
EFDAL DIESTER 480 EC (İMAL),"480 g/l 2,4-D asite eşdeğer Isooctylester",EC (Emülsiye Olabilen Konsantre),6
AGRONOM GIBBEST 31 SP (İMAL),"%3,1 Gibberellic Acid",SP (Suda Çözünen Toz),6
ANCORA 5 EC (İMAL),50 g/l Lambda-cyhalothrin,EC (Emülsiye Olabilen Konsantre),6
EFDAL TEBUZOL 25 WP (İMAL),%25 Tebuconazole,WP (Islanabilir Toz),6
EFDAL TEBUZOL 2 DS (İMAL),%2 Tebuconazole,DS (Kuru Tohum İlacı),6
TEBUJİ® 060 FS (İMAL),60 g/l Tebuconazole,FS (Tohum İlaçlaması İçin Akıcı Konsantre),6
KORPOLLO 500 SC (İMAL),500 g/l Clofentezine,SC (Akıcı Konsantre/Süspansiyon Konsantre),6
EFDAL HEKZARUN 50 EC (İMAL),50 g/l Hexythiazox,EC (Emülsiye Olabilen Konsantre),6
TAMIFUME 690 (İTHAL),690 g/l Metam Potassium,SL (Suda Çözünen Konsantre),6
EFDAL LAMTORİN 5 EC (İMAL),50 g/l Lambda-cyhalothrin,EC (Emülsiye Olabilen Konsantre),6
BLUE CUP SC (İMAL),"357,5 g/l Metalik bakıra eşdeğer bakır oksiklorid",SC (Akıcı Konsantre/Süspansiyon Konsantre),6
PRAHAARI (İMAL),300 g/l Pyrimethanil,SC (Akıcı Konsantre/Süspansiyon Konsantre),6
BAYTORE 40 SL (İMAL),40 g/l Imazamox,SL (Suda Çözünen Konsantre),6
AGROCARB 50 WG (İMAL),%50 Pirimicarb,WP (Islanabilir Toz),6
AGRİ CAPTAN 50 WP (İMAL),%50 Captan,WP (Islanabilir Toz),6
FLEXİTY (İMAL),100 g/l Fluquinconazole,SC (Akıcı Konsantre/Süspansiyon Konsantre),6
PENALTİN EC 40 (İMAL),40 g/l Quizalofop-p-tefuryl,EC (Emülsiye Olabilen Konsantre),6
QUADRİS MAXX (İTHAL),200 g/l Azoxystrobin + 125 g/l Difenoconazole,SC (Akıcı Konsantre/Süspansiyon Konsantre),6
"DECİBEL EC 2,5 (İMAL)",25 g/l Deltamethrin,EC (Emülsiye Olabilen Konsantre),6
REMEDİER® (İTHAL),10 üzeri 8 cfu/g + Trichoderma aspellerum ırk ICC 012 ve Trichoderma gamsii ırk ICC 080,WP (Islanabilir Toz),6
EFDAL MECTİN 18 EC (İMAL),18 g/l Abamectin,EC (Emülsiye Olabilen Konsantre),6
KORMİCARB 50 WP (İMAL),%50 Pirimicarb,WP (Islanabilir Toz),6
GEVEN M (İMAL),340 g/l MCPA + 80 g/l Dicamba,SL (Suda Çözünen Konsantre),6
EPHTAL 48 SL (İMAL),480 g/l Ethephon,SL (Suda Çözünen Konsantre),6
MAGNOLIA SUPER (İMAL),"344 g/l 2,4-D asite eşdeğer dimethyl amonyum tuzu + 120 g/l Dicamba",SL (Suda Çözünen Konsantre),6
SELECRON 240 EC (İMAL),240 g/l Clethodim,EC (Emülsiye Olabilen Konsantre),6
BONANZA (İMAL),%50 Azimsulfuron,WG (Suda Dağılabilen Granül),6
CALLOTRİNE (İMAL),480 g/l Mesotrione,SC (Akıcı Konsantre/Süspansiyon Konsantre),6
ABONE SÜPER 5 EC (İMAL),50 g/l Quizalofop-p-ethyl,EC (Emülsiye Olabilen Konsantre),6
RONSHALL (İMAL),200 g/l Esfenvalerate,EC (Emülsiye Olabilen Konsantre),6
EFDAL AFİTRİD 20 SP (İMAL),%20 Acetamiprid,SP (Suda Çözünen Toz),6
EFDAL PİRDEN 20 WP (İMAL),%20 Pyridaben,WP (Islanabilir Toz),6
SEZOX (İMAL),50 g/l Fenpyroximate,SC (Akıcı Konsantre/Süspansiyon Konsantre),6
TALENT 240 EC (İMAL),240 g/l Clethodim,EC (Emülsiye Olabilen Konsantre),6
WİTA- ACUMİNATUS (İTHAL),50 mg Cis- verbenol + 50 mg Ipsdienol + 50 mg Ipsenol / dispenser + 3 Hunili Tuzak,--- (-),6
EXTRALİN (İMAL),480 g/l Ethephon + 60 g/l Cyclanilide,SC (Akıcı Konsantre/Süspansiyon Konsantre),6
PİRİCARB 50 WG (İMAL),%50 Pirimicarb,WG (Suda Dağılabilen Granül),6
ALCINE 33 EC (İMAL),330 g/l Pendimethalin,EC (Emülsiye Olabilen Konsantre),6
BANKER 25 EC (İMAL),250 g/l Difenoconazole,EC (Emülsiye Olabilen Konsantre),6
B-KATRİNA 50 SC (İMAL),50 g/l Deltamethrin,SC (Akıcı Konsantre/Süspansiyon Konsantre),6
BLANC 50 WP (İMAL),%50 Pirimicarb,WP (Islanabilir Toz),6
SUPERGUARD 100 EC (İMAL),100 g/l Alpha-cypermethrin,EC (Emülsiye Olabilen Konsantre),6
KORMİC 2 F (İMAL),240 g/l Tebufenozide,SC (Akıcı Konsantre/Süspansiyon Konsantre),6
ENİDOD 72 SL (İMAL),720 g/l Ethephon,SL (Suda Çözünen Konsantre),6
TERSA 5 SC (İMAL),50 g/l Deltamethrin,SC (Akıcı Konsantre/Süspansiyon Konsantre),6
TERSA 25 EC (İMAL),25 g/l Deltamethrin,EC (Emülsiye Olabilen Konsantre),6
VOLİTAN SÜPER (İMAL),245 g/l Myclobutanil,EC (Emülsiye Olabilen Konsantre),6
AGRİBAKIR 50 WP (İMAL),%50 Metalik bakıra eşdeğer bakır oksiklorid,WP (Islanabilir Toz),6
AGRİ GİBB (İMAL),20 g/l Gibberellic acid,SL (Suda Çözünen Konsantre),6
HOOK 50 EC (İMAL),500 g/l Imazalil,EC (Emülsiye Olabilen Konsantre),6
EFDAL ESFARA 50 EC (İMAL),50 g/l Esfenvalerate,EC (Emülsiye Olabilen Konsantre),6
MOSTLEND 20 SP (İMAL),%20 Acetamiprid,SP (Suda Çözünen Toz),6
BACARA 40 WP (İMAL),%40 Iminoctadine tris (albesilate),WP (Islanabilir Toz),6
LAVANTE 20 WP (İMAL),%20 Pyridaben,WP (Islanabilir Toz),6
ERPLANT 100 EC (İMAL),100 g/l Penconazole,EC (Emülsiye Olabilen Konsantre),6
HOMEROS 5 EC (İMAL),50 g/l Esfenvalerate,EC (Emülsiye Olabilen Konsantre),6
AGROTAC 100 EC (İMAL),100 g/l Alpha-cypermethrin,EC (Emülsiye Olabilen Konsantre),6
MEDGİBB (İMAL),20 g/l Gibberellic acid,SL (Suda Çözünen Konsantre),6
BELİCO 40 WP (İMAL),%40 Iminoctadine tris (albesilate),WP (Islanabilir Toz),6
EFDAL DONAZOL 250 EC (İMAL),250 g/l Difenoconazole,EC (Emülsiye Olabilen Konsantre),6
THIO 80 WG (İMAL),%80 Kükürt,WG (Suda Dağılabilen Granül),6
AGNOROUND (İMAL),480 g/l Glyphosate Isopropylamin Tuzu,SL (Suda Çözünen Konsantre),6
AGRİCYPETHRİN 250 EC (İMAL),250 g/l Cypermethrin,EC (Emülsiye Olabilen Konsantre),6
ENİDOD 48 SL (İMAL),480 g/l Ethephon,SL (Suda Çözünen Konsantre),6
EPHTAL 72 SL (İMAL),720 g/l Ethephon,SL (Suda Çözünen Konsantre),6
EFDAL ISOFOSAT 48 SL (İMAL),480 g/l Glyphosate Isopropylamin Tuzu,SL (Suda Çözünen Konsantre),6
EFDAL BLUEGIB 20 SL (İMAL),20 g/l Gibberellic acid,SL (Suda Çözünen Konsantre),6
EFDAL DELMETRİN® 25 EC (İMAL),25 g/l Deltamethrin,EC (Emülsiye Olabilen Konsantre),6
PALISADE 250 EC (İTHAL),250 g/l Trinexapac-ethyl,EC (Emülsiye Olabilen Konsantre),6
DECTATORE (İMAL),125 g/l Flutriafol,SC (Akıcı Konsantre/Süspansiyon Konsantre),6
STOMMİN 330 E (İMAL),330 g/l Pendimethalin,EC (Emülsiye Olabilen Konsantre),6
WESTGiBB 20 SL (İMAL),20 g/l Gibberellic acid,SL (Suda Çözünen Konsantre),6
VEFMECTİN 1.8 EC (İMAL),18 g/l Abamectin,EC (Emülsiye Olabilen Konsantre),6
EFDAL PENALİN 330 EC (İMAL),330 g/l Pendimethalin,EC (Emülsiye Olabilen Konsantre),6
RITREAP % 5 EW (İTHAL),"51,3 g/l Cyflufenamid","EW (Emülsiyon, Suda Yağ)",6
ACTİVİZİM 50 EC (İMAL),500 g/l Pirimiphos methyl,EC (Emülsiye Olabilen Konsantre),6
HOMEROS 20 EC (İMAL),200 g/l Esfenvalerate,EC (Emülsiye Olabilen Konsantre),6
GROMSTOR (İMAL),%75 Tribenuron-methyl,DF (Kuru Akışkan),6
PLANVETO MAX (İTHAL),"%74,8 Glyphosate Ammonium Tuzu",SG (Suda Çözünen Granül),6
POLİNOX WG (İMAL),"%57 Metiram + %4,8 Cymoxanil",WG (Suda Dağılabilen Granül),6
EFDAL ALFATRİN 100 EC (İMAL),100 g/l Alpha-cypermethrin,EC (Emülsiye Olabilen Konsantre),6
EFDAL DİMETRİN (İMAL),"500 g/l 2,4-D asite eşdeğer dimethyl amin tuzu",SL (Suda Çözünen Konsantre),6
AVUPORT 80 WP (İMAL),%80 Lenacil,WP (Islanabilir Toz),6
ACENTE 1.8 EC (İMAL),18 g/l Abamectin,EC (Emülsiye Olabilen Konsantre),6
PARADISE 5 EC (İMAL),50 g/l Hexythiazox,EC (Emülsiye Olabilen Konsantre),6
RESORT 33 EC (İMAL),330 g/l Pendimethalin,EC (Emülsiye Olabilen Konsantre),6
ENSTAR SC 500 (İMAL),500 g/l Fenhexamid,SC (Akıcı Konsantre/Süspansiyon Konsantre),6
COCKPİT 50 WP (İMAL),%50 Metalik bakıra eşdeğer bakır oksiklorid,WP (Islanabilir Toz),6
KORPREX® 500 SC (İMAL),500 g/l Dodine,SC (Akıcı Konsantre/Süspansiyon Konsantre),6
AGROFARM OPRON YAZLIK YAĞ (İMAL),850 g/l Mineral Yağ,EC (Emülsiye Olabilen Konsantre),6
AGSHİNE 50 WG (İMAL),%50 Cyprodinil,WG (Suda Dağılabilen Granül),6
AGROMARK 10 EC (İMAL),100 g/l Tetraconazole,EC (Emülsiye Olabilen Konsantre),6
FLEXSTAR (İMAL),100 g/l Fluquinconazole,SC (Akıcı Konsantre/Süspansiyon Konsantre),6
AGROLOUD (İMAL),400 g/l Buprofezin,SC (Akıcı Konsantre/Süspansiyon Konsantre),6
GEMINI 200 SL (İMAL),200 g/l Acetamiprid,SL (Suda Çözünen Konsantre),6
SHANDONG 240 EC (İMAL),240 g/l Clodinafop-propargyl + 60 g/l Cloquintocet-mexyl (safener),EC (Emülsiye Olabilen Konsantre),6
SEMES 50 WP (İMAL),%50 Tolclofos-methyl,WP (Islanabilir Toz),6
VOYAGE 50 WP (İMAL),%50 Cymoxanil,WP (Islanabilir Toz),6
COSTAR (İMAL),50 g/l Fenpyroximate,SC (Akıcı Konsantre/Süspansiyon Konsantre),6
NEWPORT 50 EC (İTHAL),50 g/l Lambda-cyhalothrin,EC (Emülsiye Olabilen Konsantre),6
LİVERON SUPER (İMAL),150 g/l Teflubenzuron,SC (Akıcı Konsantre/Süspansiyon Konsantre),6
FRUITGARD-70 (T) (İTHAL),140 g/l Thiabendazole + 100 g/l Imazalil,SC (Akıcı Konsantre/Süspansiyon Konsantre),6
CLİMAXER 48 SC (İMAL),480 g/l Diflubenzuron,SC (Akıcı Konsantre/Süspansiyon Konsantre),6
AGROFİX (İMAL),50 g/l Mepiquat Chloride,SL (Suda Çözünen Konsantre),6
GRANDSLAM (İMAL),%75 Tribenuron-methyl,DF (Kuru Akışkan),6
GEMINI 20 SP (İMAL),%20 Acetamiprid,SP (Suda Çözünen Toz),6
SAMBA 10 SC (İMAL),110 g/l Etoxazole,SC (Akıcı Konsantre/Süspansiyon Konsantre),6
ZORBA 10 SC (İMAL),110 g/l Etoxazole,SC (Akıcı Konsantre/Süspansiyon Konsantre),6
TAPSO 50 WP (İMAL),%50 Tolclofos-methyl,WP (Islanabilir Toz),6
FİLİNTA WG 50 (İMAL),%50 Trifloxystrobin,WG (Suda Dağılabilen Granül),6
COSAVET (İTHAL),%80 Kükürt,WG (Suda Dağılabilen Granül),6
TOMQUIN 200 SC (İMAL),200 g/l Fenazaquin,SC (Akıcı Konsantre/Süspansiyon Konsantre),6
NEMCİD 45 EC (İMAL),450 g/l Prochloraz,EC (Emülsiye Olabilen Konsantre),6
PRINTY 50 WP (İMAL),%50 Tolclofos-methyl,WP (Islanabilir Toz),6
TOMBEL 200 SC (İMAL),200 g/l Fenazaquin,SC (Akıcı Konsantre/Süspansiyon Konsantre),6
HARROW (İMAL),"31,15 g/l Haloxyfop-P-methyl ester",EC (Emülsiye Olabilen Konsantre),6
DELEGATE 250 WG (İTHAL),%25 Spinetoram,WG (Suda Dağılabilen Granül),6
AGROV-GİBB % 40 WSG (İMAL),%40 Gibberellic Acid,WG (Suda Dağılabilen Granül),6
CORVETTE (İMAL),"452,42 g/l 2,4-D 2-Ethylhexyl ester + 6,25 g/l Florasulam",SE (Suspo-Emülsiyon),6
THANKER 200 EC (İMAL),200 g/l Cyhalofop-butyl,EC (Emülsiye Olabilen Konsantre),6
SELDONY 20 WP (İMAL),%20 Tebufenpyrad,WP (Islanabilir Toz),6
HAK BORDO WP (İMAL),%20 Metalik bakıra eşdeğer bordo bulamacı,WP (Islanabilir Toz),6
LUGAR (İMAL),200 g/l Cyhalofop-butyl,EC (Emülsiye Olabilen Konsantre),6
NOPEST SUPER (İMAL),150 g/l Teflubenzuron,SC (Akıcı Konsantre/Süspansiyon Konsantre),6
PLANVETO 48 SL (İMAL),480 g/l Glyphosate Isopropylamin Tuzu,SL (Suda Çözünen Konsantre),6
FLOTROBİN WG 50 (İMAL),%50 Trifloxystrobin,WG (Suda Dağılabilen Granül),6
GÖKER CAPTAN 50 WP (İMAL),%50 Captan,WP (Islanabilir Toz),6
CALDOR SC 500 (İMAL),500 g/l Fenhexamid,SC (Akıcı Konsantre/Süspansiyon Konsantre),6
METRO BLUE BORDOMİX (İMAL),%20 Metalik bakıra eşdeğer bordo bulamacı,WP (Islanabilir Toz),6
GREEN UP (İMAL),480 g/l Glyphosate Isopropylamin Tuzu,SL (Suda Çözünen Konsantre),6
NEVİGATÖR (İMAL),%75 Sulfosulfuron,WG (Suda Dağılabilen Granül),6
POLYCUP BLUE (İMAL),%20 Metalik bakıra eşdeğer bordo bulamacı,WP (Islanabilir Toz),6
"PREDATOR 2,5 EC (İMAL)",25 g/l Deltamethrin,EC (Emülsiye Olabilen Konsantre),6
KALFO 50 EC (İMAL),500 g/l Imazalil,EC (Emülsiye Olabilen Konsantre),6
RAINCALL SC (İMAL),50 g/l Fenpyroximate,SC (Akıcı Konsantre/Süspansiyon Konsantre),6
KORFEZİN 400 SC (İMAL),400 g/l Buprofezin,SC (Akıcı Konsantre/Süspansiyon Konsantre),6
AKARMİN 1.8 EC (İMAL),18 g/l Abamectin,EC (Emülsiye Olabilen Konsantre),6
BENPELLE M 60 (İMAL),400 g/l Bentazone + 60 g/l MCPA,SL (Suda Çözünen Konsantre),6
ARMAZA S GOLD (İMAL),915 g/l S-Metolachlor + 45 g/l Benoxacor (safener),EC (Emülsiye Olabilen Konsantre),6
MENTHİRAM 80 WP (İMAL),%80 Thiram,WP (Islanabilir Toz),6
MONCUT 40 SC (İTHAL),464 g/l Flutolanil,SC (Akıcı Konsantre/Süspansiyon Konsantre),6
CARDOSSO 250 EC (İMAL),250 g/l Cypermethrin,EC (Emülsiye Olabilen Konsantre),6
HAWK 25 EC (İMAL),25 g/l Beta-cyfluthrin,EC (Emülsiye Olabilen Konsantre),6
KURMUZİNE 70 WP (İMAL),%70 Metribuzin,WP (Islanabilir Toz),6
KURMUZİNE 70 WG (İTHAL),%70 Metribuzin,WG (Suda Dağılabilen Granül),6
LONRİCE MET (İMAL),"%8,25 Bensulfuron-methyl + %1,75 Metsulfuron-methyl",WP (Islanabilir Toz),6
PİTBULL SC 125 (İMAL),125 g/l Beta-cyfluthrin,SC (Akıcı Konsantre/Süspansiyon Konsantre),6
KİLLON 200 EC (İMAL),200 g/l Cyhalofop-butyl,EC (Emülsiye Olabilen Konsantre),6
VOLIAM TARGO 063 SC (İTHAL),45 g/l Chlorantraniliprole + 18 g/l Abamectin,SC (Akıcı Konsantre/Süspansiyon Konsantre),6
SAFA NOMİNAL SC 400 (İMAL),420 g/l Bispyribac Sodium,SC (Akıcı Konsantre/Süspansiyon Konsantre),6
ESTERİFA (İMAL),"480 g/l 2,4-D asite eşdeğer Isooctylester",EC (Emülsiye Olabilen Konsantre),6
RİBASSO 4 OD (İMAL),40 g/l Nicosulfuron,SC (Akıcı Konsantre/Süspansiyon Konsantre),6
SAFA EXTRA FİX (İMAL),50 g/l Mepiquat Chloride,SL (Suda Çözünen Konsantre),6
BENPELLE M (İMAL),250 g/l Bentazone + 125 g/l MCPA,SL (Suda Çözünen Konsantre),6
VEQUİZOL SUPER (İMAL),50 g/l Quizalofop-p-ethyl,EC (Emülsiye Olabilen Konsantre),6
EAGLE SÜPER (İMAL),75 g/l Fenoxaprop-p-ethyl + 30 g/l Fenchlorazole-ethyl (safener),"EW (Emülsiyon, Suda Yağ)",6
EPTHAL ULTRA (İMAL),480 g/l Ethephon + 60 g/l Cyclanilide,SC (Akıcı Konsantre/Süspansiyon Konsantre),6
BASALİN EXTRA (İMAL),400 g/l Bentazone + 60 g/l MCPA,SL (Suda Çözünen Konsantre),6
GOTHIC 100 SL (İMAL),100 g/l Clopyralid,SL (Suda Çözünen Konsantre),6
POİNTER SC 125 (İMAL),125 g/l Beta-cyfluthrin,SC (Akıcı Konsantre/Süspansiyon Konsantre),6
ERTARPAM 75 WP (İMAL),%75 Cyromazine,WP (Islanabilir Toz),6
SAFFLAOUD (İMAL),400 g/l Buprofezin,SC (Akıcı Konsantre/Süspansiyon Konsantre),6
AGROCOP HYD 2 F (İMAL),"361,1 g/l Metalik bakıra eşdeğer bakır hidroksit",SC (Akıcı Konsantre/Süspansiyon Konsantre),6
AGROAMİN 500 SL (İMAL),"500 g/l 2,4-D asite eşdeğer dimethyl amin tuzu",SL (Suda Çözünen Konsantre),6
KORGAREN ® 360 SL (İMAL),360 g/l Hymexazole,SL (Suda Çözünen Konsantre),6
BETAGARD 25 EC (İMAL),25 g/l Beta-cyfluthrin,EC (Emülsiye Olabilen Konsantre),6
UNICORN 36 SL (İMAL),360 g/l Hymexazole,SL (Suda Çözünen Konsantre),6
PESOS 100 EC (İMAL),100 g/l Penconazole,EC (Emülsiye Olabilen Konsantre),6
RAMOX ULTRA (İMAL),40 g/l Imazamox,SL (Suda Çözünen Konsantre),6
ERTAR TONİC FORTE (İMAL),25 g/l Sodium s-Naphthaline Acetate + 3 g/l Sodium Para Nitrophenolate + 2 g/l Sodium Ortho Nitrophenolate + 1 g/l Sodium Penta Nitroguaiacolate,SL (Suda Çözünen Konsantre),6
"INFINITO SC 687,5 (İTHAL)","625 g/l Propamocarb-hydrochloride + 62,5 g/l Fluopicolide",SC (Akıcı Konsantre/Süspansiyon Konsantre),6
FASTER BLUE (İMAL),%40 Metalik bakıra eşdeğer bakır oksiklorid + %6 Dimethomorp,WP (Islanabilir Toz),6
GOLDAMİRAL 5 EC (İMAL),50 g/l Pyriproxyfen,EC (Emülsiye Olabilen Konsantre),6
DINAMO SC (İMAL),193 g/l Metalik bakıra eşdeğer bazik bakır sülfat,SC (Akıcı Konsantre/Süspansiyon Konsantre),6
MAGMATİL 500 EC (İMAL),500 g/l Imazalil,EC (Emülsiye Olabilen Konsantre),6
CORMITE (İMAL),18 g/l Abamectin,EC (Emülsiye Olabilen Konsantre),6
VEXANİL 50 WP (İMAL),%50 Cymoxanil,WP (Islanabilir Toz),6
KORZADE® 50 WP (İMAL),%50 Cymoxanil,WP (Islanabilir Toz),6
OXYFENE 2E (İMAL),240 g/l Oxyfluorfen,EC (Emülsiye Olabilen Konsantre),6
KİXON SC (İMAL),193 g/l Metalik bakıra eşdeğer bazik bakır sülfat,SC (Akıcı Konsantre/Süspansiyon Konsantre),6
KORMİLİN 480 SC (İMAL),480 g/l Diflubenzuron,SC (Akıcı Konsantre/Süspansiyon Konsantre),6
SOKRATES 25 EC (İMAL),25 g/l Beta-cyfluthrin,EC (Emülsiye Olabilen Konsantre),6
CASNOX H 2 F (İMAL),"361,1 g/l Metalik bakıra eşdeğer bakır hidroksit",SC (Akıcı Konsantre/Süspansiyon Konsantre),6
TRİBULL (İMAL),50 g/l Etofenprox,EC (Emülsiye Olabilen Konsantre),6
COPERHID® 50 WP (İMAL),%50 Metalik bakıra eşdeğer bakır hidroksit,WP (Islanabilir Toz),6
VESUPER 75 DF (İTHAL),%75 Tribenuron-methyl,WG (Suda Dağılabilen Granül),6
FIRSTAMIN 500 SL (İMAL),"500 g/l 2,4-D asite eşdeğer dimethyl amin tuzu",SL (Suda Çözünen Konsantre),6
GRANLAND (İMAL),%75 Tribenuron-methyl,WG (Suda Dağılabilen Granül),6
MERİDYEN 45 EC (İMAL),450 g/l Prochloraz,EC (Emülsiye Olabilen Konsantre),6
KOCTEL (İMAL),%35 Metalik bakıra eşdeğer bakır hidroksit,DF (Kuru Akışkan),6
BAŞARAN-M (İMAL),250 g/l Bentazone + 125 g/l MCPA,SL (Suda Çözünen Konsantre),6
KOROPİK 080 EC (İMAL),80 g/l Clodinafop-propargyl + 20 g/l Cloquintocet-mexyl (Safener),EC (Emülsiye Olabilen Konsantre),6
DUMAY S GOLD (İMAL),915 g/l S-Metolachlor + 45 g/l Benoxacor (safener),EC (Emülsiye Olabilen Konsantre),6
TALAV 20 WP (İMAL),%20 Tebufenpyrad,WP (Islanabilir Toz),6
NEOLET 300 SC (İMAL),300 g/l Pyrimethanil,SC (Akıcı Konsantre/Süspansiyon Konsantre),6
EGEİ WP (İMAL),%70 Thiophanate-methyl,WP (Islanabilir Toz),6
REVUS 250 SC (İTHAL),250 g/l Mandipropamid,SC (Akıcı Konsantre/Süspansiyon Konsantre),6
İNHİLİN 48 SC (İMAL),480 g/l Diflubenzuron,SC (Akıcı Konsantre/Süspansiyon Konsantre),6
AGRONURON 050 EC (İMAL),50 g/l Lufenuron,EC (Emülsiye Olabilen Konsantre),6
MARDUK 100 EC (İMAL),100 g/l Penconazole,EC (Emülsiye Olabilen Konsantre),6
AGROLEX 50 WP (İMAL),%50 Tolclofos-methyl,WP (Islanabilir Toz),6
TOMMI 45 EC (İMAL),450 g/l Prochloraz,EC (Emülsiye Olabilen Konsantre),6
ORLET 100 SL (İMAL),100 g/l Clopyralid,SL (Suda Çözünen Konsantre),6
MİLİS 30 SC (İMAL),300 g/l Pyrimethanil,SC (Akıcı Konsantre/Süspansiyon Konsantre),6
ELUMİS (İTHAL),75 g/l Mesotrione + 30 g/l Nicosulfuron,OD (Yağda Dağılabilen),6
KORUALPHA 200 EC (İMAL),200 g/l Esfenvalerate,EC (Emülsiye Olabilen Konsantre),6
SAVEGARD 30 L (İMAL),360 g/l Hymexazole,SL (Suda Çözünen Konsantre),6
TUVİAAN FORTE (İMAL),150 g/l Fluazifop-p-butyl,EC (Emülsiye Olabilen Konsantre),6
HOT AMIN (İMAL),"500 g/l 2,4-D asite eşdeğer dimethyl amin tuzu",SL (Suda Çözünen Konsantre),6
HEKALFA 20 EC (İMAL),200 g/l Esfenvalerate,EC (Emülsiye Olabilen Konsantre),6
BENPELLE 480 SL (İMAL),480 g/l Bentazone,SL (Suda Çözünen Konsantre),6
MENTA FRUİT (İMAL),"%1,18 2- (1-Naphthyl) Acetamıde (NAD) + %0,43 2- (1-Naphthyl) Acetic Acid (NAA)",WP (Islanabilir Toz),6
AGROPLAN 20 SP (İMAL),%20 Acetamiprid,SP (Suda Çözünen Toz),6
BLUE CUP 50 WG (İMAL),%50 Metalik bakıra eşdeğer bakır oksiklorid,WG (Suda Dağılabilen Granül),6
COM-PASS 50 WG (İMAL),%50 Cyprodinil,WG (Suda Dağılabilen Granül),6
MAYSAL 48 SL (İMAL),480 g/l Ethephon,SL (Suda Çözünen Konsantre),6
MERLIN FLEXX SC 480 (İTHAL),240 g/l Isoxaflutole +240 g/l Cyprosulfamide (safener),SC (Akıcı Konsantre/Süspansiyon Konsantre),6
FARMSON SÜPER EW (İMAL),50 g/l Quizalofop-p-ethyl,EC (Emülsiye Olabilen Konsantre),6
"LONGTHRİN 2,5 EC (İMAL)",25 g/l Deltamethrin,EC (Emülsiye Olabilen Konsantre),6
YATTA 48 SL (İMAL),480 g/l Ethephon,SL (Suda Çözünen Konsantre),6
TAQAT WP (İMAL),%70 Thiophanate-methyl,WP (Islanabilir Toz),6
KARÇA 20 WP (İMAL),%20 Tebufenpyrad,WP (Islanabilir Toz),6
LABRADOR EC (İMAL),"51,4 g/l Metalik Bakıra eşdeğer Yağ ve Rosin Asitlerinin Bakır Tuzları",EC (Emülsiye Olabilen Konsantre),6
TENNİS 70 WP (İMAL),%70 Hymexazole,WP (Islanabilir Toz),6
CERTICOR 050 FS (İTHAL),30 g/l Tebuconazole + 20 g/l Metalaxyl-m,FS (Tohum İlaçlaması İçin Akıcı Konsantre),6
KİNGSOR 5 EC (İMAL),50 g/l Hexythiazox,EC (Emülsiye Olabilen Konsantre),6
İNPOWER (İMAL),"%0,52 1-naphthylacetic acid (NAA) + %0,51 4-indol-3-ylbutyric acid (IBA)",WP (Islanabilir Toz),6
PLANTOP (İMAL),"%0,52 1-naphthylacetic acid (NAA) + %0,51 4-indol-3-ylbutyric acid (IBA)",WP (Islanabilir Toz),6
TAMARA 75 WG (İMAL),%75 Halosulfuron-methyl,WG (Suda Dağılabilen Granül),6
TRİNG 24 SL (İMAL),240 g/l Glyphosate Isopropylamin Tuzu,SL (Suda Çözünen Konsantre),6
CHEKIC 600 (İMAL),600 g/l Aclonifen,SC (Akıcı Konsantre/Süspansiyon Konsantre),6
MALAWI-GIBB 20 SL (İMAL),20 g/l Gibberellic acid,SL (Suda Çözünen Konsantre),6
SİM SİPER 25 EC (İMAL),250 g/l Cypermethrin,EC (Emülsiye Olabilen Konsantre),6
CARPAZ 50 WG (İMAL),%50 Cyprodinil,WG (Suda Dağılabilen Granül),6
TEZTAN 70 WP (İMAL),%70 Hymexazole,WP (Islanabilir Toz),6
HYPNOSE 05 SG (İMAL),%5 Emamectin benzoate,SG (Suda Çözünen Granül),6
MEGATHRİN (İMAL),200 g/l Esfenvalerate,EC (Emülsiye Olabilen Konsantre),6
ERGAMON SL (İMAL),480 g/l Ethephon,SL (Suda Çözünen Konsantre),6
EFDAL SİVİÇ TONİK (İMAL),3 g/l Sodium para nitropheonolate + 2 g/l Sodium ortho nitrophenolate + 1 g/l Sodium penta nitroguaiacolate,SL (Suda Çözünen Konsantre),6
CONGRESS 500 F (İMAL),500 g/l Captan,SC (Akıcı Konsantre/Süspansiyon Konsantre),6
WREST 500 F (İMAL),500 g/l Captan,SC (Akıcı Konsantre/Süspansiyon Konsantre),6
NORTHSTAR 40 EC (İMAL),400 g/l Fenamiphos,EC (Emülsiye Olabilen Konsantre),6
VEPLAN 20 SP (İMAL),%20 Acetamiprid,SP (Suda Çözünen Toz),6
KORMAZIN 75 WP (İMAL),%75 Cyromazine,WP (Islanabilir Toz),6
GİBREL TB (İMAL),1 g/tb Gibberellic Acid,TB (Tablet),6
SUPERA SC (İTHAL),350 g/l Metalik bakıra eşdeğer bakır hidroksit,SC (Akıcı Konsantre/Süspansiyon Konsantre),6
CLEAR OUT 48 SL (İMAL),480 g/l Glyphosate Isopropylamin Tuzu,SL (Suda Çözünen Konsantre),6
FORTEX 20 CS (İMAL),200 g/l Tefluthrin,CS (Kapsül Süspansiyon),6
JAGUAR MİCRO WG (İMAL),%25 Tebuconazole,WG (Suda Dağılabilen Granül),6
KOROPİK 240 EC (İMAL),240 g/l Clodinafop-propargyl + 60 g/l Cloquintocet-mexyl (safener),EC (Emülsiye Olabilen Konsantre),6
AGROFARM ESTER (İMAL),"480 g/l 2,4-D asite eşdeğer Isooctylester",EC (Emülsiye Olabilen Konsantre),6
JAGUAR 25 EW (İMAL),250 g/l Tebuconazole,"EW (Emülsiyon, Suda Yağ)",6
JUDO EXTRA CS (İMAL),50 g/l Lambda-cyhalothrin,CS (Kapsül Süspansiyon),6
ZAMİR 400 EW (İTHAL),267 g/l Prochloraz + 133 g/l Tebuconazole,"EW (Emülsiyon, Suda Yağ)",6
CURAZİN DF (İMAL),"%39,75 Metalik bakıra eşdeğer bakır oksiklorid + %4,2 Cymoxanil",WG (Suda Dağılabilen Granül),6
TENSİON 300 SC (İMAL),300 g/l Pyrimethanil,SC (Akıcı Konsantre/Süspansiyon Konsantre),6
LAMBDA-CY 5 EC (İMAL),50 g/l Lambda-cyhalothrin,EC (Emülsiye Olabilen Konsantre),6
GOLD GİBB % 40 WSG (İMAL),%40 Gibberellic Acid,WG (Suda Dağılabilen Granül),6
TOLOSA SUPER (İMAL),"116,2 g/l Clethodim",EC (Emülsiye Olabilen Konsantre),6
EKVATOR SC 110 (İTHAL),88 g/l Mepiquat Chloride + 22 g/l Cyclanilide,SC (Akıcı Konsantre/Süspansiyon Konsantre),6
SUNGOLD 20 EC (İMAL),200 g/l Esfenvalerate,EC (Emülsiye Olabilen Konsantre),6
SWEEP (İTHAL),480 g/l Glyphosate Isopropylamin Tuzu,SL (Suda Çözünen Konsantre),6
ALVERDE (İTHAL),240 g/l Metaflumizone,SC (Akıcı Konsantre/Süspansiyon Konsantre),6
ETEFRON (İMAL),480 g/l Ethephon,SL (Suda Çözünen Konsantre),6
TOPPEL 25 WP (İMAL),%25 Tebuconazole,WP (Islanabilir Toz),6
SPLORAZ® 450 EC (İMAL),450 g/l Prochloraz,EC (Emülsiye Olabilen Konsantre),6
DİFECOR 250 EC (İTHAL),250 g/l Difenoconazole,EC (Emülsiye Olabilen Konsantre),6
EAST STAR 24 EC (İMAL),240 g/l Clodinafop-propargyl + 60 g/l Cloquintocet-mexyl (safener),EC (Emülsiye Olabilen Konsantre),6
GONDOLİER 240 EC (İMAL),240 g/l Oxyfluorfen,EC (Emülsiye Olabilen Konsantre),6
EAST STAR EC (İMAL),80 g/l Clodinafop-propargyl + 20 g/l Cloquintocet-mexyl (Safener),EC (Emülsiye Olabilen Konsantre),6
AMBARGO 5 EC (İMAL),50 g/l Lufenuron,EC (Emülsiye Olabilen Konsantre),6
KORNURON 5 EC (İMAL),50 g/l Lufenuron,EC (Emülsiye Olabilen Konsantre),6
KORBETT 250 EC (İMAL),250 g/l Difenoconazole,EC (Emülsiye Olabilen Konsantre),6
DICARZOL 50 SP (İTHAL),%50 Formetanate hydrochloride,SP (Suda Çözünen Toz),6
DOMY (İMAL),%20 Metalik bakıra eşdeğer bordo bulamacı,WP (Islanabilir Toz),6
BİO-T PLUS (İTHAL),16000 IU/mg Bacillus thuringiensis var. kurstaki strain PB-54,SC (Akıcı Konsantre/Süspansiyon Konsantre),6
CORAGEN 20 SC (İTHAL),200 g/l Chlorantraniliprole,SC (Akıcı Konsantre/Süspansiyon Konsantre),6
DİVİT 400 EC (İMAL),400 g/l Fenamiphos,EC (Emülsiye Olabilen Konsantre),6
TRINITY (İMAL),330 g/l Pendimethalin,EC (Emülsiye Olabilen Konsantre),6
OPERA MAX (İTHAL),"85 g/l Pyraclostrobin + 62,5 g/l Epoxiconazole",SE (Suspo-Emülsiyon),6
SOUFREX (İMAL),450 g/l Prochloraz,EC (Emülsiye Olabilen Konsantre),6
SİM CAPTAN 50 WP (İMAL),%50 Captan,WP (Islanabilir Toz),6
SİM BAKIR 50 WP (İMAL),%50 Metalik bakıra eşdeğer bakır oksiklorid,WP (Islanabilir Toz),6
AGROFARM MALATHİON 25 WP (İMAL),%25 Malathion,WP (Islanabilir Toz),6
PRESS-X (İMAL),"500 g/l 2,4-D asite eşdeğer dimethyl amin tuzu",SL (Suda Çözünen Konsantre),6
ZENKA FORTE (İMAL),150 g/l Fluazifop-p-butyl,EC (Emülsiye Olabilen Konsantre),6
TRIMUP (İMAL),%4 Metaldehyde,GB (Granül Yem),6
FATCHO 5 EC (İMAL),"51,4 g/l Metalik Bakıra eşdeğer Yağ ve Rosin Asitlerinin Bakır Tuzları",EC (Emülsiye Olabilen Konsantre),6
UMEED (İMAL),%20 Acetamiprid,SP (Suda Çözünen Toz),6
RHYFER (İTHAL),198 mg 4-methyl 5-nonanol + 22 mg 4-methyl 5-nonanone + 1680 mg Sinerjist madde/Dispenser + Koyu kahverengi üç hunili tuzak,--- (-),6
TECOL FS 060 (İMAL),60 g/l Tebuconazole,FS (Tohum İlaçlaması İçin Akıcı Konsantre),6
AGSUNER 5 EC (İMAL),50 g/l Lambda-cyhalothrin,EC (Emülsiye Olabilen Konsantre),6
FINISH PRO SC 765 (İTHAL),720 g/l Ethephon + 45 g/l Cyclanilide,SC (Akıcı Konsantre/Süspansiyon Konsantre),6
PERPLEX 20 SL (İMAL),20 g/l Gibberellic acid,SL (Suda Çözünen Konsantre),6
AGONY 48 SL (İMAL),480 g/l Glyphosate Isopropylamin Tuzu,SL (Suda Çözünen Konsantre),6
HORAYDA EXTRA (İMAL),%50 Thifensulfuron-methyl + %25 Tribenuron-methyl,DF (Kuru Akışkan),6
SOLİZOL FS 060 (İMAL),60 g/l Tebuconazole,FS (Tohum İlaçlaması İçin Akıcı Konsantre),6
RHAMSES 20 WP (İMAL),%20 Pyridaben,WP (Islanabilir Toz),6
SANSON EXTRA 6 OD (İTHAL),60 g/l Nicosulfuron,OD (Yağda Dağılabilen),6
KNOCKDOWN 24 SL (İMAL),240 g/l Glyphosate Isopropylamin Tuzu,SL (Suda Çözünen Konsantre),6
CORASİL E-P (İTHAL),25 g/l Dichlorprop-p,EC (Emülsiye Olabilen Konsantre),6
GOAL 4F (İTHAL),480 g/l Oxyfluorfen,SC (Akıcı Konsantre/Süspansiyon Konsantre),6
EFDAL DORPEN 28 EC (İMAL),284 g/l Diclofop-methyl,EC (Emülsiye Olabilen Konsantre),6
ALECTO WG (İMAL),"%57 Metiram + %4,8 Cymoxanil",WG (Suda Dağılabilen Granül),6
ZERDA 100 SL (İMAL),100 g/l Clopyralid,SL (Suda Çözünen Konsantre),6
AGRONAM 50 WP (İMAL),%50 Propyzamide,WP (Islanabilir Toz),6
LİNX (İMAL),"18,8 g/l 6-Benzyladenine + 18,5 g/l Gibberellin A4/A7",SL (Suda Çözünen Konsantre),6
MALCUT MH 30 (İMAL),188 g/l Maleic Hydrazide,--- (-),6
CHILLINGER 200 EC (İMAL),200 g/l Cyhalofop-butyl,EC (Emülsiye Olabilen Konsantre),6
CLOPYR 100 (İMAL),100 g/l Clopyralid,SL (Suda Çözünen Konsantre),6
HEKTAŞ HYDROCOP 77 WP (İMAL),%50 Metalik bakıra eşdeğer bakır hidroksit,WP (Islanabilir Toz),6
LENAVİLNA 25 EC (İMAL),250 g/l Tebuconazole,EC (Emülsiye Olabilen Konsantre),6
TOPZATE EXTRA (İMAL),"%39,75 Metalik bakıra eşdeğer bakır oksiklorid + %4,2 Cymoxanil",WG (Suda Dağılabilen Granül),6
DEKAGARD 5 SC (İMAL),50 g/l Deltamethrin,SC (Akıcı Konsantre/Süspansiyon Konsantre),6
CANREX WG (İMAL),%50 Kresoxim-methyl,WG (Suda Dağılabilen Granül),6
SHAKO EC (İMAL),"51,4 g/l Metalik Bakıra eşdeğer Yağ ve Rosin Asitlerinin Bakır Tuzları",EC (Emülsiye Olabilen Konsantre),6
TOPSHOT 080 EC (İMAL),80 g/l Clodinafop-propargyl + 20 g/l Cloquintocet-mexyl (Safener),EC (Emülsiye Olabilen Konsantre),6
NİMİKS 4.5 (İTHAL),40 g/l Azadirachtin A,EC (Emülsiye Olabilen Konsantre),6
BUGLE 200 LS (İMAL),200 g/l Metalaxyl,SL (Suda Çözünen Konsantre),6
TINTE 240 EC (İMAL),240 g/l Clodinafop-propargyl + 60 g/l Cloquintocet-mexyl (safener),EC (Emülsiye Olabilen Konsantre),6
DAXAR 10 EC (İMAL),100 g/l Tetraconazole,EC (Emülsiye Olabilen Konsantre),6
